"Participant ID","Completed","Pre/Post","Score","Difference","Provider","State","Caseload","Group Frequency","Online Frequency","Rural Frequency","Service","Archived","q_01","q_02","q_03","q_04","q_05","q_06","q_07","q_08","q_09","q_10","q_11","q_12","q_13","q_14","q_15","q_16","q_17","Mode"
1896,"11/11/2023 16:46:42 (MST)","Pre",51.55,NA,"Logistics Specialties Inc. (8)","Utah","","","sometimes","","FL",0,1,3,1,2,0,3,2,2,2,NA,2,2,NA,NA,"",NA,"","No Help"
1369,"04/16/2023 07:45:00 (MST)","Pre",76.17,NA,"Logistics Specialties Inc. (8)","Utah","","sometimes","","","ISA",0,1,3,2,1,2,3,0,2,2,2,3,NA,NA,NA,"",NA,"","No Help"
1073,"09/12/2022 03:53:55 (MST)","Pre",7,NA,"Columbus Community Center (9)","Utah","","","","","FL",0,1,2,1,1,2,1,3,1,3,NA,NA,2,3,NA,"",NA,"","With Help"
2352,"11/04/2024 19:55:10 (MST)","Post",97,NA,"Logistics Specialties Inc. (8)","Utah","specialized","","often","sometimes","ISA",0,2,3,3,3,2,2,3,3,3,1,1,NA,3,NA,"",NA,"","No Help"
1501,"06/18/2022 08:12:51 (MST)","Post",93.3,NA,"Logistics Specialties Inc. (8)","Utah","specialized","","","","FL",0,1,1,2,1,2,0,3,3,2,NA,NA,NA,3,2,"",NA,"","No Help"
406,"04/13/2024 14:53:50 (MST)","Pre",63.67,32.56,"Logistics Specialties Inc. (8)","Utah","","never","","always","JOBEX",0,2,3,2,3,3,1,2,3,2,2,NA,NA,2,NA,"",NA,"","No Help"
2391,"06/19/2023 20:54:00 (MST)","Post",51.17,NA,"Logistics Specialties Inc. (8)","Utah","general","","never","always","ISA",0,3,3,3,2,0,2,1,3,2,NA,1,NA,2,NA,"",NA,"","No Help"
1231,"03/25/2023 12:29:20 (MST)","Pre",63.67,41.44,"Logistics Specialties Inc. (8)","Utah","","","","rarely","ISA",0,3,3,2,3,2,2,1,3,3,NA,2,NA,2,2,"",NA,"",""
2276,"05/25/2025 16:02:54 (MST)","Post",92.56,NA,"Southern Utah University (27)","Utah","","","rarely","","CSS",0,3,2,3,2,3,3,2,1,1,NA,NA,0,NA,NA,"2",NA,"","No Help"
609,"10/23/2022 03:08:32 (MST)","Post",74.78,NA,"Logistics Specialties Inc. (8)","Utah","general","","","","JS",1,2,2,2,3,3,1,2,3,3,3,2,3,NA,NA,"",NA,"","No Help"
1028,"07/17/2022 09:05:05 (MST)","Pre",67.37,NA,"Logistics Specialties Inc. (8)","Utah","specialized","","","","JOBEX",0,2,0,2,0,3,2,2,1,2,3,NA,NA,NA,2,"",NA,"",""
1329,"10/20/2023 12:23:14 (MST)","Post",57,7,"Logistics Specialties Inc. (8)","Utah","","","","sometimes","JOBEX",0,2,2,2,2,2,2,3,2,1,NA,3,NA,NA,NA,"",NA,"","No Help"
69,"10/07/2022 08:00:29 (MST)","Pre",59.96,NA,"Logistics Specialties Inc. (8)","Oklahoma","","","","always","JOBEX",0,1,2,3,3,1,3,2,1,1,2,NA,2,NA,NA,"",NA,"","No Help"
187,"06/25/2024 16:37:25 (MST)","Post",39.42,9.5,"Meta Mindful (83)","Utah","","always","","","CSS",0,3,2,2,2,3,2,2,1,NA,NA,3,1,2,NA,"",NA,"","No Help"
311,"12/23/2024 12:39:21 (MST)","Pre",80.33,NA,"Logistics Specialties Inc. (8)","Utah","","rarely","","","QWEX",0,2,1,3,3,2,3,2,3,2,2,3,NA,NA,NA,"",NA,"","With Help"
2514,"08/06/2023 15:43:24 (MST)","Pre",39.42,47,"North Sanpete School District (24)","Utah","","","sometimes","","JOBEX",0,2,3,1,3,3,3,0,3,2,1,NA,NA,NA,NA,"3",NA,"",""
1771,"10/16/2023 12:54:12 (MST)","Post",26.63,NA,"Yellowstone Academy (214)","Utah","general","never","","","JOBEX",0,3,2,2,1,3,1,1,1,1,2,1,2,NA,3,"",NA,"",""
873,"08/27/2024 00:03:37 (MST)","Post",47,22.93,"Logistics Specialties Inc. (8)","Montana","","","","rarely","ILOM",0,3,0,2,3,2,3,3,1,3,3,NA,NA,NA,2,"",NA,"","No Help"
1190,"12/09/2024 16:16:06 (MST)","Post",58.9,NA,"Logistics Specialties Inc. (8)","Utah","","","","","ILOM",0,2,2,3,0,0,2,3,3,2,2,2,NA,NA,NA,"",NA,"","No Help"
311,"10/10/2022 07:05:57 (MST)","Pre",30.33,10.34,"Turn Community Services (29)","Utah","general","always","","never","JOBEX",0,1,1,2,2,2,0,2,1,1,2,3,NA,NA,3,"",NA,"",""
1984,"12/23/2024 12:34:51 (MST)","Post",63.67,NA,"Roads to Independence (26)","Utah","","","","never","ISA",0,2,2,2,3,3,3,2,2,NA,NA,NA,3,NA,NA,"1",NA,"",""
2342,"10/10/2022 01:12:00 (MST)","Pre",30.33,NA,"Logistics Specialties Inc. (8)","Utah","","","sometimes","sometimes","JOBEX",0,2,1,2,3,3,3,2,1,2,1,NA,NA,0,1,"",NA,"",""
131,"04/01/2025 15:34:25 (MST)","Post",30.33,NA,"North Sanpete School District (24)","Demo","","","never","","ISA",0,3,3,0,3,3,1,1,1,1,2,3,1,NA,NA,"",NA,"","No Help"
2287,"11/26/2024 08:09:18 (MST)","Pre",93.97,NA,"Logistics Specialties Inc. (8)","Utah","general","","rarely","always","JS",0,1,3,2,2,2,1,2,2,2,NA,0,NA,NA,NA,"",NA,"","With Help"
1775,"09/12/2022 03:51:34 (MST)","Pre",94.62,NA,"Yellowstone Academy (214)","Oklahoma","","","","","JOBEX",0,1,1,1,1,3,2,1,3,3,NA,NA,NA,NA,NA,"",NA,"","No Help"
978,"11/19/2024 10:36:55 (MST)","Pre",53.67,32.56,"Logistics Specialties Inc. (8)","Utah","","","","","CPSO",0,1,2,2,3,3,0,0,1,1,2,NA,0,NA,0,"",NA,"","No Help"
236,"10/05/2024 15:20:29 (MST)","Pre",53.67,1.45,"Logistics Specialties Inc. (8)","Utah","","","","","JS",0,3,0,3,1,3,2,2,3,2,0,NA,NA,3,NA,"1",NA,"","No Help"
956,"07/22/2024 16:13:34 (MST)","Pre",43.67,-22.05,"North Sanpete School District (24)","Utah","","always","never","","ISA",0,2,1,2,3,3,3,2,1,NA,NA,2,3,2,1,"",NA,"","No Help"
1626,"07/23/2022 09:27:49 (MST)","Pre",-3,-14.11,"Logistics Specialties Inc. (8)","Utah","","always","never","","CPSO",0,3,2,1,3,2,2,2,2,2,3,NA,2,2,3,"",NA,"",""
6,"03/21/2025 16:12:25 (MST)","Pre",70.33,NA,"Logistics Specialties Inc. (8)","Oklahoma","","","sometimes","","JS",0,2,0,2,1,2,2,2,1,2,3,2,2,NA,NA,"",NA,"","No Help"
2354,"10/06/2024 23:14:13 (MST)","Pre",80.33,26.16,"Logistics Specialties Inc. (8)","Oklahoma","","","","","JOBEX",0,1,2,0,3,2,2,2,3,2,NA,NA,3,NA,1,"",NA,"",""
275,"04/26/2022 07:54:31 (MST)","Pre",53.67,NA,"Logistics Specialties Inc. (8)","Oklahoma","","never","sometimes","","CSS",0,1,1,1,2,3,3,2,2,1,NA,NA,3,NA,NA,"",NA,"",""
891,"12/06/2024 11:25:47 (MST)","Post",92.24,NA,"North Sanpete School District (24)","Utah","","","","","ILOM",0,3,1,1,3,3,2,2,1,3,NA,2,1,NA,3,"",NA,"",""
187,"03/21/2025 18:44:35 (MST)","Pre",83.67,NA,"North Sanpete School District (24)","Utah","","","","always","CSS",0,3,0,2,3,0,1,2,2,3,1,3,NA,NA,NA,"",NA,"","No Help"
90,"10/04/2024 13:23:57 (MST)","Pre",82.19,8.91,"Logistics Specialties Inc. (8)","Utah","","","sometimes","","WBLE",0,3,3,2,2,3,3,3,0,0,1,NA,NA,NA,NA,"1",NA,"","No Help"
2091,"03/14/2025 14:55:23 (MST)","Pre",57.61,8.9,"Spectrum Academy (28)","Montana","","","","","CSS",0,2,3,2,0,2,2,1,NA,2,1,NA,3,NA,NA,"",NA,"","No Help"
1771,"10/26/2024 19:48:36 (MST)","Post",60.33,27,"North Sanpete School District (24)","Utah","","rarely","","sometimes","CPSO",0,1,1,1,3,2,3,3,2,3,0,NA,NA,NA,NA,"",NA,"","No Help"
331,"05/05/2025 14:33:29 (MST)","Post",52.56,NA,"Logistics Specialties Inc. (8)","Utah","","","","","ISA",0,3,3,1,3,1,1,3,3,3,1,NA,NA,NA,NA,"",NA,"",""
376,"10/08/2022 23:01:00 (MST)","Pre",51.76,0.71,"Logistics Specialties Inc. (8)","Utah","","","sometimes","never","WBLE",0,2,0,3,3,1,3,2,1,0,NA,1,NA,NA,NA,"",NA,"","With Help"
1374,"04/20/2025 17:53:23 (MST)","Post",67.83,NA,"A2Demo (21)","Utah","specialized","","","","CPSO",0,2,1,3,3,3,2,3,1,3,NA,NA,NA,3,2,"",NA,"","No Help"
2305,"04/26/2025 11:20:25 (MST)","Post",49.38,NA,"Roads to Independence (26)","Utah","","","","","WSS",0,2,1,0,2,2,1,1,3,3,3,3,NA,NA,NA,"",NA,"","With Help"
2157,"05/24/2025 14:40:25 (MST)","Pre",52.56,30.34,"Adams 12 (98)","Utah","general","","","","FL",0,2,2,3,1,2,2,3,2,NA,NA,1,NA,NA,NA,"",NA,"",""
2091,"08/21/2023 12:41:04 (MST)","Post",50.33,-19.67,"Logistics Specialties Inc. (8)","Utah","","","","rarely","ISA",0,3,1,2,3,2,3,2,3,2,NA,2,2,NA,NA,"",NA,"","No Help"
2532,"09/26/2023 12:11:05 (MST)","Pre",61.29,NA,"Community Options (82)","Utah","","","","","JS",0,2,3,2,2,2,1,3,3,2,3,1,NA,NA,NA,"1",NA,"","No Help"
2334,"10/14/2023 17:35:53 (MST)","Pre",51.17,NA,"Columbus Community Center (9)","Utah","specialized","","","","WBLE",0,3,3,2,2,3,2,2,2,2,2,NA,0,NA,NA,"",NA,"","No Help"
1501,"03/22/2024 17:52:44 (MST)","Pre",72,NA,"Logistics Specialties Inc. (8)","Utah","","always","","","WSS",0,1,2,1,2,1,2,0,1,NA,NA,2,2,3,NA,"",NA,"","No Help"
398,"06/16/2024 12:38:47 (MST)","Post",60.33,NA,"Logistics Specialties Inc. (8)","Utah","","","","always","ISA",0,3,3,2,2,2,3,2,1,2,2,NA,NA,NA,NA,"",NA,"","No Help"
891,"10/19/2024 13:55:40 (MST)","Post",97,-3,"Central Technology Center (Central Tech) (56)","Utah","general","","","never","JS",0,2,1,2,1,2,2,3,3,1,NA,NA,NA,2,NA,"",NA,"","No Help"
978,"07/10/2023 20:11:33 (MST)","Pre",76.17,NA,"Central Technology Center (Central Tech) (56)","Utah","general","","","","CSS",0,2,1,2,3,1,2,1,3,3,1,NA,3,NA,NA,"$ 15.00",NA,"",""
2449,"03/13/2023 13:40:34 (MST)","Pre",27.95,NA,"Roads to Independence (26)","Colorado","","","","","JS",0,0,3,2,2,2,3,3,NA,NA,NA,2,2,NA,NA,"2",NA,"",""
227,"10/10/2023 10:36:52 (MST)","Pre",63.67,NA,"Logistics Specialties Inc. (8)","Utah","","","sometimes","","ISA",0,1,2,1,2,1,1,2,1,2,2,1,NA,2,0,"",NA,"","No Help"
1239,"05/26/2024 16:37:30 (MST)","Pre",78.82,NA,"Roads to Independence (26)","Utah","","","never","never","JS",0,3,1,3,3,2,1,1,1,3,3,NA,NA,2,NA,"",NA,"","No Help"
1775,"03/12/2023 08:38:02 (MST)","Pre",23.67,42.24,"Logistics Specialties Inc. (8)","Utah","specialized","","","","WSS",0,2,3,3,3,3,1,2,2,3,3,NA,NA,NA,NA,"",NA,"","No Help"
735,"09/12/2022 03:47:58 (MST)","Post",48.85,38.67,"Logistics Specialties Inc. (8)","Utah","","","","","CPSO",0,2,2,1,3,0,3,1,1,0,2,NA,NA,NA,NA,"",NA,"","No Help"
512,"10/14/2023 13:48:42 (MST)","Pre",30.33,NA,"Roads to Independence (26)","Utah","","","","sometimes","CPSO",0,3,2,3,2,3,0,3,3,0,3,NA,2,NA,NA,"",NA,"","No Help"
1916,"05/22/2022 00:00:00 (MST)","Pre",27,NA,"Logistics Specialties Inc. (8)","Utah","general","","","always","JOBEX",0,3,0,2,3,1,2,2,1,NA,3,NA,NA,NA,0,"",NA,"","No Help"
1369,"10/23/2022 03:10:25 (MST)","Pre",52.56,NA,"Community Options (82)","Utah","general","","","","JS",0,2,3,0,1,3,3,3,3,1,3,NA,NA,3,NA,"",NA,"",""
1254,"03/17/2024 21:44:39 (MST)","Pre",40.33,NA,"Logistics Specialties Inc. (8)","Utah","","never","","","FL",0,3,0,1,3,2,2,3,1,NA,2,3,NA,NA,NA,"",NA,"","No Help"
1669,"11/12/2024 12:09:57 (MST)","Pre",30.33,-0.62,"Logistics Specialties Inc. (8)","Utah","","","","","WBLE",0,3,0,1,3,2,3,3,2,3,NA,NA,NA,3,NA,"",NA,"","No Help"
267,"04/21/2025 15:22:22 (MST)","Pre",63.67,NA,"Logistics Specialties Inc. (8)","Utah","","never","","","JOBEX",0,1,2,2,1,3,3,3,1,NA,3,1,NA,2,NA,"2",NA,"","No Help"
641,"07/29/2023 19:05:35 (MST)","Pre",93.67,-3,"Logistics Specialties Inc. (8)","Utah","specialized","","","","ILOM",0,3,0,1,2,3,3,1,2,2,NA,NA,NA,NA,2,"",NA,"","No Help"
956,"02/07/2023 08:55:30 (MST)","Post",57.61,NA,"Logistics Specialties Inc. (8)","Utah","","","","","CSS",1,1,2,0,2,2,0,1,2,1,0,3,3,NA,NA,"",NA,"","No Help"
1103,"05/02/2025 18:27:54 (MST)","Pre",81.44,NA,"Logistics Specialties Inc. (8)","Utah","general","","","sometimes","CPSO",0,2,2,2,2,2,2,2,1,3,NA,3,NA,NA,3,"",NA,"","No Help"
858,"10/29/2024 15:21:39 (MST)","Pre",49.38,NA,"Logistics Specialties Inc. (8)","Utah","","","","often","ISA",0,3,2,2,2,1,3,0,1,1,NA,NA,NA,NA,2,"",NA,"","No Help"
1073,"03/24/2025 13:37:14 (MST)","Pre",51.76,NA,"Utah Schools for Deaf/Blind (58)","Utah","","","","","WSS",0,1,2,3,1,2,3,3,2,NA,2,NA,2,1,NA,"2",NA,"","No Help"
1026,"07/01/2022 06:37:09 (MST)","Pre",92.83,NA,"Logistics Specialties Inc. (8)","Utah","general","","often","sometimes","JS",0,3,1,3,3,0,0,2,3,1,NA,NA,3,NA,NA,"",NA,"","No Help"
1916,"11/10/2024 15:05:19 (MST)","Pre",41.44,11.28,"Yellowstone Academy (214)","Wyoming","","","","","ISA",0,1,2,2,1,2,2,1,NA,NA,2,NA,NA,1,NA,"",NA,"","No Help"
1362,"12/08/2024 11:44:53 (MST)","Post",59.22,NA,"University of Oklahoma (50)","Utah","","often","rarely","always","WSS",0,2,1,1,3,2,2,3,1,3,NA,NA,NA,NA,NA,"",NA,"",""
2121,"02/07/2023 08:51:57 (MST)","Post",52.56,NA,"Turn Community Services (29)","Utah","","","rarely","","ISA",0,1,2,3,3,1,3,3,1,1,NA,NA,NA,NA,NA,"",1,"","With Help"
2387,"04/19/2022 09:58:04 (MST)","Pre",73.67,NA,"Community Options (82)","Utah","","","","often","CPSO",0,2,2,3,3,1,1,1,3,0,NA,NA,NA,NA,NA,"",NA,"","No Help"
681,"09/04/2023 11:49:36 (MST)","Pre",60.64,NA,"Logistics Specialties Inc. (8)","Utah","","","","","FL",0,1,2,3,2,2,2,3,0,1,3,NA,NA,3,0,"",NA,"","No Help"
1441,"01/28/2024 16:47:42 (MST)","Post",97,NA,"Logistics Specialties Inc. (8)","Oklahoma","","","","often","CSS",0,1,1,0,3,3,2,1,3,2,NA,NA,2,NA,NA,"",NA,"","No Help"
1669,"09/15/2024 15:58:47 (MST)","Pre",68.43,NA,"Turn Community Services (29)","Utah","","","","","FL",0,2,1,0,1,2,2,3,2,2,NA,NA,2,10,2,"",NA,"","No Help"
2126,"10/04/2024 13:28:00 (MST)","Pre",87.91,NA,"Logistics Specialties Inc. (8)","Utah","","","","","JOBEX",0,3,1,1,1,3,3,3,3,2,1,NA,NA,NA,NA,"3",NA,"","With Help"
497,"09/28/2024 14:26:01 (MST)","Post",71.07,NA,"Logistics Specialties Inc. (8)","Utah","","","sometimes","often","ISA",0,2,2,3,2,1,2,1,3,NA,0,NA,NA,NA,NA,"",NA,"","With Help"
2264,"08/13/2024 14:25:52 (MST)","Pre",80.33,7,"Turn Community Services (29)","Utah","","","","","CPSO",0,3,0,1,0,1,2,1,3,2,3,0,NA,NA,NA,"1",NA,"","No Help"
2214,"09/03/2023 15:22:28 (MST)","Post",85.89,NA,"Logistics Specialties Inc. (8)","Utah","","","","","WBLE",0,1,0,1,2,0,1,0,3,2,NA,3,NA,NA,1,"",NA,"","No Help"
1771,"03/03/2023 00:58:00 (MST)","Pre",23.67,13.67,"Logistics Specialties Inc. (8)","Utah","specialized","","","","JOBEX",0,1,0,1,3,3,2,2,1,2,NA,NA,3,2,NA,"1",NA,"","No Help"
978,"11/04/2024 11:38:07 (MST)","Post",97,28.11,"Turn Community Services (29)","Utah","specialized","","","","CSS",0,3,0,3,2,1,1,2,1,NA,3,NA,NA,NA,3,"",NA,"",""
2224,"08/09/2022 04:26:36 (MST)","Pre",50.33,42.24,"Hamilton School Dist. #3 (170)","Utah","","","sometimes","","JOBEX",0,3,3,0,0,3,3,3,2,NA,1,3,2,NA,2,"",NA,"","No Help"
1501,"08/18/2024 16:05:50 (MST)","Post",66.7,30.34,"Logistics Specialties Inc. (8)","Utah","","sometimes","","often","JS",0,1,2,0,1,3,1,0,1,2,NA,0,3,NA,3,"",NA,"","No Help"
2093,"01/13/2024 15:59:06 (MST)","Pre",67.37,NA,"Logistics Specialties Inc. (8)","Utah","general","often","","","JOBEX",0,2,2,3,3,0,3,3,0,NA,NA,3,3,2,NA,"",NA,"","No Help"
774,"12/11/2023 22:49:49 (MST)","Pre",39.22,NA,"Logistics Specialties Inc. (8)","Utah","","","","always","ISA",0,3,3,1,3,2,2,3,3,NA,2,3,NA,2,0,"",NA,"","No Help"
681,"01/12/2024 13:17:28 (MST)","Post",61.29,NA,"Logistics Specialties Inc. (8)","Oklahoma","","","","","ISA",0,2,1,2,3,3,3,3,2,NA,2,1,3,2,1,"",NA,"",""
1935,"07/29/2023 17:12:11 (MST)","Post",57,3.67,"Spectrum Academy (28)","Utah","general","","sometimes","never","FL",1,3,3,2,1,1,1,1,2,1,NA,NA,NA,3,3,"",NA,"","No Help"
2126,"10/14/2023 14:11:39 (MST)","Pre",88.67,NA,"North Sanpete School District (24)","Utah","","","rarely","","WBLE",0,2,2,3,3,2,3,2,2,1,NA,NA,0,3,NA,"",NA,"","No Help"
248,"09/25/2022 05:56:47 (MST)","Post",45.15,NA,"A2Demo (21)","Utah","specialized","","","","JOBEX",0,1,3,3,2,1,1,3,3,2,NA,NA,NA,NA,NA,"2",NA,"","No Help"
2132,"12/20/2024 10:43:36 (MST)","Pre",89.86,NA,"Logistics Specialties Inc. (8)","Utah","","always","","","CPSO",0,2,1,3,2,1,2,3,1,NA,2,2,NA,3,0,"",NA,"","No Help"
1120,"10/15/2024 17:55:38 (MST)","Post",0.33,3.67,"Logistics Specialties Inc. (8)","Utah","","often","","","CSS",0,1,3,3,0,3,2,2,2,2,NA,3,NA,NA,3,"",NA,"","With Help"
735,"10/06/2024 13:22:28 (MST)","Post",97,NA,"Logistics Specialties Inc. (8)","Utah","","","","","ISA",0,1,2,3,2,3,3,3,3,NA,2,NA,3,3,1,"",NA,"","No Help"
742,"07/01/2022 06:09:42 (MST)","Post",47,37.74,"Cache Employment Training Center (80)","Utah","","sometimes","","","ILOM",0,3,2,1,3,1,2,0,1,2,NA,NA,1,NA,NA,"",NA,"","No Help"
2073,"11/25/2024 09:48:26 (MST)","Post",37.48,NA,"Logistics Specialties Inc. (8)","Utah","","","rarely","","ISA",0,3,3,0,2,3,2,2,3,0,NA,NA,NA,1,NA,"",NA,"","No Help"
1819,"09/11/2023 10:33:28 (MST)","Post",61.44,NA,"Logistics Specialties Inc. (8)","Utah","","","never","","WSS",0,3,3,1,3,3,0,2,1,0,2,NA,NA,NA,0,"",NA,"","No Help"
673,"11/08/2024 13:17:59 (MST)","Pre",67,NA,"Logistics Specialties Inc. (8)","Oklahoma","","","","","JS",0,2,3,2,2,1,3,2,2,2,3,NA,3,3,3,"",NA,"","No Help"
132,"05/07/2022 20:05:00 (MST)","Pre",55.33,NA,"Yellowstone Academy (214)","Utah","","","","","CPSO",0,2,1,3,3,2,3,2,2,1,1,NA,NA,2,1,"",NA,"","No Help"
2407,"10/04/2024 13:26:12 (MST)","Pre",97,NA,"Logistics Specialties Inc. (8)","Utah","","rarely","","","WSS",0,2,3,2,3,3,3,2,0,1,NA,2,NA,3,1,"",NA,"","No Help"
891,"09/25/2022 06:50:00 (MST)","Post",77,8.12,"Logistics Specialties Inc. (8)","Utah","","","","","CPSO",0,2,2,1,1,3,0,2,0,2,NA,3,2,NA,NA,"",NA,"","No Help"
593,"03/14/2025 14:49:08 (MST)","Post",54.78,NA,"Columbus Community Center (9)","Utah","","never","","","JS",0,3,3,1,3,2,1,1,1,2,3,2,NA,NA,NA,"",NA,"","No Help"
759,"05/02/2025 18:27:12 (MST)","Post",97,NA,"Logistics Specialties Inc. (8)","Utah","","","","often","ISA",0,1,1,2,3,3,2,3,2,1,NA,NA,NA,NA,2,"",NA,"","No Help"
589,"06/29/2024 16:55:28 (MST)","Pre",97,8.9,"Logistics Specialties Inc. (8)","Utah","","sometimes","","often","JS",0,3,3,0,2,1,2,2,2,2,1,1,NA,1,NA,"",NA,"","With Help"
175,"02/10/2023 23:01:00 (MST)","Post",67.37,NA,"Central Technology Center (Central Tech) (56)","Utah","","","","never","JS",0,3,2,3,2,2,2,2,1,3,NA,NA,NA,NA,1,"",NA,"","No Help"
980,"03/15/2025 17:12:17 (MST)","Pre",97,NA,"Logistics Specialties Inc. (8)","Utah","specialized","","rarely","always","JOBEX",0,2,3,3,3,1,1,3,3,1,3,NA,NA,NA,NA,"",NA,"","No Help"
2157,"04/26/2024 14:10:16 (MST)","Post",66.7,NA,"Logistics Specialties Inc. (8)","Utah","","","","","JOBEX",0,2,3,2,3,1,3,0,2,3,1,NA,1,3,NA,"",NA,"","No Help"
1254,"09/07/2024 13:04:16 (MST)","Pre",40.33,17.83,"Logistics Specialties Inc. (8)","Utah","","often","","sometimes","ISA",0,2,1,0,0,2,2,1,3,2,1,2,NA,NA,NA,"",NA,"",""
1935,"11/30/2024 11:08:31 (MST)","Post",63.67,NA,"Spectrum Academy (28)","Utah","general","often","","","ISA",0,3,1,2,1,1,0,3,3,3,1,NA,0,NA,1,"1",NA,"","Observer"
2387,"01/13/2023 06:51:47 (MST)","Pre",78.48,NA,"Logistics Specialties Inc. (8)","Utah","","","never","","JOBEX",0,0,2,1,2,2,2,3,2,2,NA,3,NA,NA,NA,"",NA,"","No Help"
593,"08/16/2022 06:05:23 (MST)","Pre",18.21,1.76,"Logistics Specialties Inc. (8)","Utah","","sometimes","","always","FL",0,2,3,3,3,1,3,2,3,3,NA,1,1,NA,NA,"",NA,"","With Help"
1374,"02/05/2024 12:15:48 (MST)","Pre",44.22,15.52,"Columbus Community Center (9)","Wyoming","","","","","CSS",1,1,2,3,3,2,2,2,2,NA,2,NA,NA,NA,NA,"1",NA,"",""
262,"01/19/2025 09:30:22 (MST)","Post",49.38,NA,"Logistics Specialties Inc. (8)","Utah","","","","always","ISA",0,3,2,3,3,3,2,0,1,2,NA,NA,NA,1,3,"2",NA,"","No Help"
1916,"04/12/2024 13:53:11 (MST)","Pre",67.83,NA,"Logistics Specialties Inc. (8)","Oklahoma","","","sometimes","","WBLE",0,2,1,3,3,1,2,1,3,3,NA,NA,2,NA,NA,"",NA,"","No Help"
1026,"12/20/2024 10:52:13 (MST)","Pre",59.5,8.91,"North Sanpete School District (24)","Utah","specialized","always","","","ISA",0,3,2,3,3,0,1,1,1,3,NA,1,NA,3,NA,"3",NA,"","No Help"
1499,"10/23/2023 23:28:27 (MST)","Pre",49.38,NA,"Missoula County Public Schools (185)","Utah","general","","","","FL",0,2,3,1,2,3,2,3,NA,3,3,3,2,NA,NA,"",NA,"","No Help"
1410,"09/16/2024 11:51:28 (MST)","Pre",77.95,NA,"Southern Utah University (27)","Utah","general","","","","CPSO",0,3,3,3,3,0,2,2,3,2,2,1,NA,1,NA,"3",NA,"","No Help"
871,"11/27/2022 07:40:44 (MST)","Post",23.67,-6.34,"Utah State University (59)","Utah","","","never","","ISA",1,3,0,1,0,3,2,3,2,NA,NA,NA,NA,3,NA,"",NA,"","No Help"
2129,"09/16/2024 11:49:38 (MST)","Pre",38.67,-3,"Logistics Specialties Inc. (8)","Utah","","","","","WBLE",0,3,2,2,2,1,2,2,2,3,NA,NA,NA,NA,NA,"",NA,"","No Help"
2121,"01/15/2024 01:39:25 (MST)","Post",97,NA,"Roads to Independence (26)","Montana","specialized","","","sometimes","FL",0,2,2,1,3,3,1,1,2,3,NA,3,NA,NA,NA,"",NA,"","No Help"
2554,"07/02/2023 17:15:29 (MST)","Post",51.17,NA,"Turn Community Services (29)","Utah","","","never","","JOBEX",0,2,2,3,3,2,3,3,2,1,3,NA,NA,NA,NA,"",NA,"","No Help"
421,"09/25/2022 12:47:19 (MST)","Pre",78.48,11.82,"Logistics Specialties Inc. (8)","Utah","","","","often","JOBEX",0,2,1,3,3,2,2,2,3,1,2,NA,3,NA,3,"",NA,"","No Help"
2305,"10/15/2024 18:15:49 (MST)","Post",61.44,NA,"Logistics Specialties Inc. (8)","Wyoming","","","","","ISA",0,2,3,2,2,3,2,3,2,3,1,NA,3,NA,3,"",NA,"",""
1406,"11/26/2024 08:10:52 (MST)","Pre",68.43,-6.33,"Utah Valley University (60)","Utah","","","","always","CPSO",0,1,2,2,3,2,2,3,3,1,NA,NA,2,NA,NA,"0",NA,"","No Help"
2132,"09/28/2024 14:25:09 (MST)","Pre",80.33,NA,"Logistics Specialties Inc. (8)","Utah","","rarely","sometimes","","ISA",0,1,1,0,2,2,1,0,2,2,1,2,NA,NA,NA,"",NA,"","No Help"
1871,"11/04/2024 12:31:05 (MST)","Post",63.67,NA,"Region 1 (271)","Utah","","always","","","ISA",0,1,2,2,1,1,2,2,2,3,2,NA,NA,NA,2,"",1,"","No Help"
864,"03/03/2024 11:42:56 (MST)","Pre",70.33,NA,"Columbus Community Center (9)","Montana","","often","","","ISA",0,3,3,2,2,2,2,2,2,3,1,NA,2,3,1,"",NA,"","No Help"
961,"11/25/2024 13:37:12 (MST)","Post",67,45.49,"Logistics Specialties Inc. (8)","Utah","general","rarely","","","CSS",0,2,1,0,3,3,2,3,3,2,NA,NA,3,NA,NA,"",NA,"",""
1333,"08/09/2024 13:36:50 (MST)","Pre",39.86,17.83,"Logistics Specialties Inc. (8)","Utah","","often","","","FL",0,0,2,3,3,3,1,2,0,NA,3,NA,NA,NA,NA,"2",NA,"","No Help"
1771,"04/03/2023 08:40:41 (MST)","Pre",44.62,NA,"Logistics Specialties Inc. (8)","Utah","","","","","CPSO",0,2,1,2,3,2,3,2,2,2,1,3,NA,NA,NA,"",NA,"","No Help"
2563,"12/24/2024 14:24:35 (MST)","Post",82.19,NA,"Logistics Specialties Inc. (8)","Utah","","","","","WBLE",0,3,2,3,3,2,2,2,3,1,2,0,NA,NA,1,"",NA,"","No Help"
1625,"03/23/2024 13:25:10 (MST)","Pre",60.33,NA,"Roads to Independence (26)","Utah","general","","","","JOBEX",0,3,2,2,2,2,3,2,3,2,1,0,NA,3,NA,"",NA,"","No Help"
132,"02/21/2025 16:49:42 (MST)","Post",51.76,45.89,"Turn Community Services (29)","Utah","","","","","WBLE",0,1,3,0,1,2,2,2,2,1,2,NA,NA,NA,2,"",NA,"",""
1359,"01/28/2023 03:46:42 (MST)","Pre",79.22,-43,"Logistics Specialties Inc. (8)","Utah","general","","","often","WSS",0,3,2,3,2,3,1,0,2,1,NA,NA,3,3,3,"",NA,"","No Help"
2397,"05/25/2025 15:55:08 (MST)","Pre",85.89,0.34,"Logistics Specialties Inc. (8)","Utah","general","","","","ISA",0,2,0,3,3,2,2,2,2,3,2,NA,NA,NA,NA,"",NA,"",""
1535,"10/07/2022 05:48:56 (MST)","Pre",57.61,NA,"Roads to Independence (26)","Montana","","never","rarely","","CSS",0,2,3,2,3,1,3,2,2,3,3,NA,NA,NA,NA,"",NA,"","With Help"
961,"03/20/2023 06:40:00 (MST)","Pre",45.15,NA,"Logistics Specialties Inc. (8)","Oklahoma","specialized","","","","WBLE",0,2,3,3,1,1,3,2,2,3,2,NA,NA,NA,1,"",NA,"","No Help"
398,"02/13/2023 05:45:00 (MST)","Pre",18.43,40.33,"Logistics Specialties Inc. (8)","Utah","specialized","","never","","ISA",0,3,3,2,3,3,2,3,3,3,3,1,NA,NA,1,"",NA,"","No Help"
2203,"10/14/2023 14:09:14 (MST)","Pre",-3,8.11,"Utah Valley University (60)","Utah","","often","","","JOBEX",0,2,2,0,2,1,2,2,2,NA,3,2,3,NA,NA,"",NA,"",""
2264,"06/08/2025 17:04:44 (MST)","Post",97,18.43,"Logistics Specialties Inc. (8)","Utah","","","never","","JS",0,2,2,3,2,3,1,0,2,2,NA,0,3,NA,3,"",NA,"","No Help"
521,"04/26/2025 13:05:29 (MST)","Pre",56.52,NA,"Community Options (82)","Utah","specialized","","sometimes","","CPSO",0,1,2,3,2,2,2,2,3,1,3,1,NA,3,1,"",NA,"","No Help"
873,"10/06/2024 23:15:21 (MST)","Post",80.33,NA,"OU Northeast (54)","Utah","","","","","JOBEX",0,2,3,1,3,3,2,3,1,3,2,2,NA,NA,2,"1",NA,"","With Help"
1864,"04/26/2024 14:40:49 (MST)","Post",28.11,18.43,"Logistics Specialties Inc. (8)","Utah","","rarely","","","JOBEX",1,1,1,1,2,1,1,3,2,3,2,NA,NA,3,NA,"",NA,"","No Help"
539,"05/30/2025 12:33:03 (MST)","Pre",53.67,10.34,"Logistics Specialties Inc. (8)","Utah","specialized","","","","QWEX",0,3,2,3,2,1,3,1,2,2,3,2,NA,NA,3,"",NA,"","No Help"
1521,"11/30/2024 11:12:35 (MST)","Pre",84.5,NA,"Logistics Specialties Inc. (8)","Utah","","","sometimes","","CPSO",0,3,3,1,2,2,2,3,2,1,0,3,2,3,NA,"2",NA,"",""
2532,"08/05/2022 02:32:00 (MST)","Pre",34.04,NA,"Roads to Independence (26)","Utah","","","","sometimes","WSS",0,1,0,2,2,3,2,3,0,NA,3,NA,NA,NA,NA,"",NA,"","No Help"
978,"05/05/2025 14:38:18 (MST)","Post",97,NA,"Missoula County Public Schools (185)","Utah","","","","always","WSS",0,2,0,1,2,1,3,3,2,3,2,NA,NA,NA,NA,"",NA,"","No Help"
1239,"09/15/2024 15:55:28 (MST)","Pre",15.52,NA,"Logistics Specialties Inc. (8)","Utah","","","","","ISA",1,1,1,2,0,2,1,3,3,NA,NA,1,NA,NA,NA,"",NA,"","No Help"
2207,"12/03/2022 09:16:00 (MST)","Post",92.83,1.17,"Logistics Specialties Inc. (8)","Utah","","","","rarely","QWEX",0,1,2,2,1,0,2,3,NA,1,2,3,3,NA,NA,"",NA,"","No Help"
2214,"06/04/2023 23:48:56 (MST)","Pre",88.67,45.49,"Lockwood School Dist. / County of Yellowstone Dist. #26 (182)","Utah","","","","","JOBEX",0,2,1,3,2,0,2,3,3,1,NA,NA,NA,NA,NA,"",NA,"","With Help"
2534,"02/13/2023 08:21:43 (MST)","Post",63.67,NA,"Roads to Independence (26)","Utah","general","never","","sometimes","JOBEX",0,3,3,3,3,2,1,3,2,NA,1,3,NA,NA,NA,"",NA,"","With Help"
858,"02/02/2024 16:05:30 (MST)","Pre",77.95,-0.77,"Lockwood School Dist. / County of Yellowstone Dist. #26 (182)","Utah","","rarely","rarely","often","CSS",0,2,2,1,1,0,1,2,3,3,2,2,3,NA,3,"",NA,"","With Help"
2096,"11/11/2024 17:15:03 (MST)","Pre",63.67,NA,"Southern Utah University (27)","Utah","","often","","","CPSO",0,2,2,2,3,0,0,2,1,NA,2,3,NA,NA,NA,"",NA,"","No Help"
508,"03/21/2025 16:07:30 (MST)","Post",49.38,19.22,"North Sanpete School District (24)","Utah","","","","sometimes","FL",0,0,2,3,2,2,3,1,3,0,2,NA,NA,3,NA,"2",NA,"",""
262,"11/19/2023 00:45:40 (MST)","Pre",30.33,NA,"Community Options (82)","Utah","","","","","JS",0,2,1,2,1,2,1,1,3,1,2,NA,NA,NA,3,"",NA,"","No Help"
274,"05/05/2025 14:28:53 (MST)","Pre",59.96,9.5,"Turn Community Services (29)","Oklahoma","","often","rarely","often","JS",0,3,2,1,3,2,2,2,3,NA,3,NA,NA,NA,1,"",NA,"","With Help"
2203,"07/29/2023 17:18:22 (MST)","Pre",37,3.66,"Logistics Specialties Inc. (8)","Utah","","often","sometimes","","ISA",0,2,1,2,3,2,3,3,3,0,1,NA,3,10,NA,"",NA,"","No Help"
1225,"03/17/2023 08:54:14 (MST)","Post",77.56,30.33,"Columbus Community Center (9)","Utah","","often","","often","JS",0,3,1,1,1,1,2,3,3,1,2,NA,NA,1,NA,"",NA,"","No Help"
2354,"01/23/2023 01:21:00 (MST)","Post",84.5,NA,"North Sanpete School District (24)","Utah","","","rarely","","ISA",0,3,3,3,3,2,1,3,1,1,NA,3,2,NA,NA,"",NA,"","With Help"
2161,"09/01/2024 14:37:17 (MST)","Pre",52.56,NA,"Logistics Specialties Inc. (8)","Montana","","always","rarely","rarely","QWEX",0,3,3,1,2,1,2,3,2,3,NA,0,2,2,NA,"",NA,"","Observer"
1994,"08/06/2023 11:38:18 (MST)","Pre",90.33,NA,"Logistics Specialties Inc. (8)","Utah","","","","","JS",0,2,3,0,1,3,3,3,2,3,NA,NA,3,NA,3,"",1,"","No Help"
1393,"11/08/2024 11:58:36 (MST)","Post",57.61,-6.7,"Logistics Specialties Inc. (8)","Utah","","often","","","WSS",0,3,2,1,0,0,2,2,3,3,NA,NA,NA,3,NA,"$ 12.00",NA,"","No Help"
2578,"11/28/2022 11:28:00 (MST)","Pre",74.78,NA,"Roads to Independence (26)","Utah","","","rarely","","ISA",0,2,3,2,2,1,2,3,2,1,3,NA,NA,3,NA,"",NA,"","No Help"
205,"07/01/2022 05:43:00 (MST)","Post",85.89,NA,"Logistics Specialties Inc. (8)","Utah","","rarely","","","ISA",0,2,1,1,1,3,3,3,0,3,0,2,NA,NA,NA,"",NA,"","No Help"
1501,"08/07/2022 00:52:00 (MST)","Post",63.67,7,"Roads to Independence (26)","Utah","","sometimes","","","JOBEX",0,2,1,0,2,2,0,3,3,3,NA,NA,3,NA,3,"",NA,"","No Help"
262,"11/25/2024 10:49:37 (MST)","Pre",39.86,8.11,"Columbus Community Center (9)","Utah","","","","","JOBEX",0,3,3,2,1,1,1,3,1,3,3,NA,NA,NA,NA,"",NA,"","No Help"
2126,"02/13/2023 08:25:28 (MST)","Post",56.52,NA,"Logistics Specialties Inc. (8)","Utah","general","","","never","JOBEX",0,2,2,2,1,1,1,3,3,1,NA,NA,NA,3,2,"",NA,"","With Help"
681,"11/16/2024 18:11:50 (MST)","Post",34.04,NA,"Roads to Independence (26)","Utah","general","","","","FL",0,3,2,1,2,3,3,3,2,1,NA,NA,NA,NA,0,"",NA,"","No Help"
187,"03/18/2024 16:01:17 (MST)","Post",97,17,"Logistics Specialties Inc. (8)","Utah","","","","","WSS",0,3,1,3,1,2,2,3,1,3,NA,3,NA,NA,NA,"",NA,"",""
860,"03/10/2024 12:32:46 (MST)","Pre",63.67,22.93,"Darby K-12 School Dist. (158)","Utah","","never","","","JOBEX",0,3,2,0,0,2,3,1,3,NA,NA,2,NA,NA,NA,"",NA,"","No Help"
1430,"11/04/2024 12:27:34 (MST)","Pre",57.61,41.45,"Boulder Valley RE2 (105)","Utah","general","","sometimes","sometimes","FL",0,2,3,2,3,2,2,1,2,NA,NA,2,3,3,NA,"",NA,"","No Help"
2096,"02/07/2025 10:05:03 (MST)","Pre",77.95,NA,"Logistics Specialties Inc. (8)","Utah","","","","","ISA",0,2,3,2,3,2,2,1,3,3,2,NA,1,NA,1,"",NA,"","No Help"
1785,"02/07/2023 06:11:16 (MST)","Pre",93.3,NA,"Columbus Community Center (9)","Utah","","","rarely","","JS",0,3,3,2,2,3,2,3,2,3,1,1,2,NA,NA,"",NA,"","No Help"
1641,"10/17/2022 06:21:05 (MST)","Pre",79.22,NA,"Logistics Specialties Inc. (8)","Utah","","","","","WBLE",0,2,3,3,3,2,2,2,1,1,3,NA,NA,NA,3,"3",NA,"","No Help"
1535,"05/03/2025 10:23:15 (MST)","Pre",34.04,NA,"Logistics Specialties Inc. (8)","Demo","specialized","","","always","JOBEX",0,2,3,1,3,1,1,1,3,3,NA,NA,NA,NA,3,"",NA,"","No Help"
742,"04/20/2025 15:00:17 (MST)","Pre",22.93,NA,"Logistics Specialties Inc. (8)","Utah","","rarely","","rarely","ISA",0,1,2,3,3,1,3,2,3,2,NA,2,1,NA,NA,"",NA,"","No Help"
1771,"06/08/2025 17:05:34 (MST)","Pre",23.19,NA,"Columbus Community Center (9)","Utah","","sometimes","","often","JS",0,2,3,3,2,2,2,3,1,1,1,NA,NA,NA,NA,"",NA,"","No Help"
2172,"02/14/2023 17:49:40 (MST)","Pre",88.11,NA,"Columbus Community Center (9)","Utah","general","","","","FL",0,2,2,1,2,2,1,2,1,NA,3,1,NA,NA,NA,"3",NA,"","No Help"
1140,"10/27/2023 14:19:48 (MST)","Pre",37.48,NA,"Logistics Specialties Inc. (8)","Utah","","","","","ISA",0,3,0,1,1,1,1,2,1,2,NA,NA,NA,NA,1,"",NA,"","No Help"
2495,"05/30/2025 17:49:59 (MST)","Post",37.74,NA,"Logistics Specialties Inc. (8)","Utah","","","","sometimes","JOBEX",0,3,3,3,2,3,1,0,3,1,3,3,NA,NA,NA,"",NA,"","No Help"
1626,"06/07/2022 06:02:11 (MST)","Pre",70.33,NA,"Logistics Specialties Inc. (8)","Utah","specialized","never","","","CPSO",0,3,2,1,2,1,2,2,NA,3,1,3,NA,NA,1,"",NA,"","No Help"
717,"10/07/2023 22:49:31 (MST)","Pre",50.33,53.67,"A2Demo (21)","Utah","general","","rarely","always","ILOM",0,3,2,2,3,1,1,1,2,1,2,NA,NA,NA,1,"",NA,"","No Help"
956,"07/23/2022 02:32:00 (MST)","Pre",75.57,NA,"OU Northeast (54)","Utah","","","","","ILOM",0,1,2,0,3,3,1,2,2,3,NA,NA,1,8,3,"",NA,"","No Help"
589,"05/29/2023 23:18:23 (MST)","Pre",57,NA,"Region 1 (271)","Utah","","","","","ILOM",0,1,1,2,3,2,1,3,3,NA,3,NA,NA,NA,1,"",NA,"","No Help"
6,"09/06/2024 16:57:36 (MST)","Pre",27,NA,"Roads to Independence (26)","Utah","","often","rarely","always","FL",0,3,3,3,1,1,2,2,3,3,NA,3,NA,NA,NA,"",NA,"","No Help"
1775,"09/02/2024 13:19:41 (MST)","Post",33.67,7,"Logistics Specialties Inc. (8)","Utah","","never","","","CSS",0,3,3,2,1,2,1,2,2,0,NA,3,0,NA,NA,"",NA,"",""
424,"05/24/2022 02:39:00 (MST)","Post",53.67,NA,"Logistics Specialties Inc. (8)","Utah","","","","","JOBEX",0,3,3,3,2,3,1,3,3,1,NA,1,NA,NA,NA,"",NA,"","No Help"
1359,"10/10/2022 01:09:00 (MST)","Pre",87.91,1.16,"Logistics Specialties Inc. (8)","Utah","","","never","","ILOM",0,1,1,3,2,1,3,1,3,1,2,NA,3,NA,NA,"",NA,"","No Help"
1353,"09/26/2022 22:25:00 (MST)","Post",30.33,33.67,"Central Technology Center (Central Tech) (56)","Utah","","","","often","WSS",0,3,1,2,3,3,3,2,3,2,2,NA,NA,NA,3,"",NA,"","No Help"
1702,"11/29/2022 04:32:00 (MST)","Pre",97,NA,"Logistics Specialties Inc. (8)","Demo","","","sometimes","","JOBEX",0,3,3,0,3,0,0,2,2,2,NA,NA,3,3,NA,"",NA,"",""
681,"03/10/2024 20:52:08 (MST)","Post",47,NA,"Turn Community Services (29)","Utah","","always","rarely","","JS",0,0,0,2,1,1,2,3,1,3,1,NA,0,2,2,"",NA,"","No Help"
735,"06/19/2022 02:04:00 (MST)","Pre",97,45.15,"Logistics Specialties Inc. (8)","Oklahoma","general","","","","CPSO",0,1,2,1,3,2,3,2,NA,2,2,NA,3,NA,NA,"",NA,"","With Help"
1556,"05/05/2025 11:45:00 (MST)","Pre",68.11,NA,"A2Demo (21)","Utah","","","","","ISA",0,3,2,1,3,3,3,2,3,2,NA,1,2,NA,1,"",NA,"","No Help"
2224,"11/16/2024 13:25:04 (MST)","Pre",56.26,NA,"Logistics Specialties Inc. (8)","Utah","","","","sometimes","WSS",0,1,2,1,1,3,2,2,2,3,1,NA,NA,NA,NA,"",NA,"",""
2361,"05/05/2025 11:43:21 (MST)","Post",56.26,4.14,"Turn Community Services (29)","Utah","general","","","","CPSO",0,3,1,1,1,2,1,2,NA,NA,2,1,NA,NA,1,"2",NA,"","No Help"
1429,"03/14/2025 14:51:18 (MST)","Pre",90.94,NA,"Columbus Community Center (9)","Utah","","","never","never","JS",0,0,3,1,2,2,3,1,2,2,NA,0,NA,NA,NA,"",NA,"","No Help"
1096,"04/11/2025 14:24:24 (MST)","Post",34.5,NA,"Logistics Specialties Inc. (8)","Oklahoma","","","","","FL",0,1,3,2,2,2,2,2,3,2,NA,0,1,NA,NA,"1",NA,"","No Help"
1626,"03/17/2024 14:10:57 (MST)","Post",60.33,NA,"Logistics Specialties Inc. (8)","Utah","","sometimes","","","JS",0,2,3,3,3,2,3,1,1,3,NA,NA,NA,NA,NA,"",NA,"","No Help"
234,"06/17/2023 12:27:45 (MST)","Post",22.93,NA,"OU Northeast (54)","Utah","","","rarely","always","JOBEX",0,2,1,3,0,3,3,1,2,NA,2,NA,NA,NA,NA,"",NA,"","No Help"
722,"05/08/2022 05:46:28 (MST)","Pre",48.85,NA,"Logistics Specialties Inc. (8)","Utah","","often","","always","JS",0,2,2,2,0,2,3,1,3,2,NA,NA,NA,NA,1,"2",NA,"","With Help"
1239,"07/27/2024 14:17:07 (MST)","Pre",88.67,NA,"Logistics Specialties Inc. (8)","Utah","","","","never","JOBEX",0,3,0,2,1,1,2,3,2,3,3,NA,NA,NA,0,"",NA,"","No Help"
2495,"05/20/2024 16:06:06 (MST)","Pre",94.78,-23.83,"Southern Utah University (27)","Utah","","","","","WBLE",0,3,3,3,1,2,2,1,NA,NA,3,1,NA,NA,NA,"2",NA,"","No Help"
2121,"05/02/2025 12:43:32 (MST)","Post",48.11,NA,"Logistics Specialties Inc. (8)","Utah","","sometimes","rarely","often","JOBEX",0,2,0,0,2,3,3,3,3,3,NA,2,NA,2,NA,"3",NA,"","No Help"
1744,"09/09/2024 15:57:22 (MST)","Pre",47,37.74,"Logistics Specialties Inc. (8)","Utah","","sometimes","rarely","","ILOM",0,1,1,2,3,1,0,1,1,NA,2,NA,3,NA,NA,"",NA,"","Observer"
1785,"04/29/2025 16:01:50 (MST)","Pre",77,NA,"Roads to Independence (26)","Utah","specialized","","never","","JOBEX",0,2,3,0,2,1,3,2,NA,3,1,NA,NA,NA,NA,"1",NA,"","No Help"
1441,"09/02/2024 11:56:12 (MST)","Post",63.67,NA,"Logistics Specialties Inc. (8)","Utah","","","","sometimes","FL",0,2,1,2,3,2,3,1,2,NA,2,NA,NA,3,1,"",NA,"",""
1625,"09/24/2023 15:37:51 (MST)","Post",93.3,NA,"Logistics Specialties Inc. (8)","Utah","","","","","ILOM",0,3,1,0,3,2,3,1,2,2,3,2,NA,NA,NA,"",NA,"","No Help"
1819,"12/15/2024 18:36:45 (MST)","Pre",20.33,1.45,"Logistics Specialties Inc. (8)","Utah","","","","","ISA",0,2,2,3,2,1,2,3,2,2,3,NA,0,NA,NA,"3",NA,"","No Help"
699,"09/28/2024 12:23:05 (MST)","Pre",39.42,NA,"Logistics Specialties Inc. (8)","Utah","","sometimes","","","ISA",0,2,3,2,3,1,3,3,3,NA,2,NA,NA,1,NA,"",NA,"","No Help"
793,"03/02/2025 12:48:23 (MST)","Post",85.89,14.77,"Logistics Specialties Inc. (8)","Utah","","","rarely","often","CSS",0,2,2,3,0,2,1,0,2,2,NA,2,2,NA,NA,"",NA,"","No Help"
1785,"06/08/2025 17:04:01 (MST)","Pre",63.67,NA,"Logistics Specialties Inc. (8)","Utah","","","","","WSS",0,1,3,3,1,2,2,3,2,2,3,2,3,3,2,"",NA,"","No Help"
1369,"01/06/2025 19:58:42 (MST)","Pre",55.33,-3,"Logistics Specialties Inc. (8)","Utah","","","","often","ILOM",0,3,1,3,1,1,1,3,1,2,NA,NA,NA,NA,NA,"",NA,"","No Help"
722,"02/18/2023 13:06:43 (MST)","Post",66.7,NA,"Community Options (82)","Utah","general","sometimes","","","ISA",0,3,3,1,1,1,0,3,2,NA,3,NA,NA,NA,NA,"",NA,"","No Help"
1028,"12/16/2024 10:54:06 (MST)","Post",85.89,-0.78,"Logistics Specialties Inc. (8)","Utah","","","","","CSS",0,1,1,3,1,1,1,3,1,NA,2,NA,NA,NA,NA,"",NA,"","No Help"
980,"11/10/2024 19:58:26 (MST)","Post",60.33,-3,"Turn Community Services (29)","Utah","","often","sometimes","","JOBEX",0,2,3,0,3,2,1,2,2,1,2,NA,NA,NA,3,"",NA,"","No Help"
270,"10/24/2022 05:18:00 (MST)","Post",33.67,15.52,"Logistics Specialties Inc. (8)","Utah","general","never","","never","ISA",0,0,3,2,2,2,1,3,3,2,3,NA,NA,NA,NA,"",NA,"","No Help"
1353,"04/10/2022 06:59:15 (MST)","Post",60.33,42.24,"Turn Community Services (29)","Utah","","rarely","","","JOBEX",0,3,1,3,2,2,3,3,2,NA,NA,1,NA,NA,NA,"",NA,"",""
132,"09/03/2023 15:25:11 (MST)","Pre",81.44,NA,"Logistics Specialties Inc. (8)","Montana","general","","","","ILOM",0,3,2,3,3,2,1,1,3,2,2,2,NA,0,3,"",NA,"",""
1901,"11/25/2024 10:12:39 (MST)","Pre",24.27,NA,"Logistics Specialties Inc. (8)","Utah","","","","","JS",0,3,3,2,1,1,2,0,2,0,1,3,3,3,NA,"",NA,"","No Help"
567,"10/10/2023 10:04:33 (MST)","Pre",74.78,-3,"Turn Community Services (29)","Utah","specialized","","","","JOBEX",0,3,2,1,2,2,1,3,1,2,1,NA,NA,NA,NA,"3",NA,"","No Help"
1615,"09/30/2023 11:14:40 (MST)","Post",59.22,NA,"Community Options (82)","Utah","specialized","","","","JOBEX",0,3,2,2,3,2,2,3,2,3,3,2,NA,2,2,"2",NA,"",""
248,"10/11/2022 04:19:31 (MST)","Pre",30.33,NA,"Southern Utah University (27)","Utah","","always","sometimes","","WSS",0,1,2,3,1,2,1,2,0,1,0,1,2,2,NA,"",NA,"","No Help"
227,"10/12/2024 13:14:00 (MST)","Pre",94.78,NA,"Logistics Specialties Inc. (8)","Utah","","rarely","","often","CSS",0,2,2,1,1,3,3,2,2,2,3,0,NA,NA,NA,"",NA,"","No Help"
2203,"11/27/2022 07:25:39 (MST)","Post",60.33,NA,"Logistics Specialties Inc. (8)","Utah","","never","never","never","JOBEX",0,2,2,3,2,2,3,3,3,0,NA,1,2,NA,3,"",NA,"","No Help"
1103,"12/23/2024 10:46:21 (MST)","Pre",61.44,NA,"Logistics Specialties Inc. (8)","Utah","","","rarely","","JOBEX",0,1,3,3,2,1,2,1,3,1,3,NA,NA,2,NA,"",NA,"",""
1239,"09/30/2023 11:08:34 (MST)","Post",69.73,17,"A2Demo (21)","Utah","general","","","","JOBEX",0,3,2,0,3,2,2,2,3,3,NA,NA,NA,NA,NA,"1",NA,"","No Help"
2147,"12/07/2024 16:11:11 (MST)","Pre",67,-6.03,"Logistics Specialties Inc. (8)","Utah","general","often","","","CSS",0,2,3,2,3,3,2,3,3,2,2,2,1,NA,NA,"2",NA,"",""
1393,"05/05/2025 11:49:12 (MST)","Pre",94.78,0.0299999999999998,"North Sanpete School District (24)","Utah","","rarely","","","JOBEX",0,3,1,1,1,3,1,2,1,2,3,NA,1,NA,1,"",NA,"","With Help"
2407,"06/07/2022 06:22:30 (MST)","Post",80.33,36.4,"Central Technology Center (Central Tech) (56)","Utah","specialized","","","","JOBEX",0,3,3,1,2,1,1,2,2,1,1,NA,NA,NA,2,"",NA,"","No Help"
1625,"12/31/2024 15:19:01 (MST)","Pre",71.07,NA,"Logistics Specialties Inc. (8)","Utah","general","","rarely","","CPSO",0,1,0,3,3,1,2,2,3,3,2,NA,NA,NA,NA,"",NA,"","No Help"
2554,"07/22/2022 22:08:00 (MST)","Post",67.37,-6.33,"Logistics Specialties Inc. (8)","Utah","","","","","WBLE",0,3,0,1,3,2,0,3,2,1,3,NA,NA,NA,1,"",NA,"","No Help"
1820,"12/04/2022 09:16:10 (MST)","Pre",67.37,NA,"Logistics Specialties Inc. (8)","Utah","","","","","ISA",0,1,2,0,2,2,0,2,2,3,2,1,NA,NA,3,"",NA,"","No Help"
687,"04/15/2023 15:49:43 (MST)","Post",54.78,30.34,"Logistics Specialties Inc. (8)","Utah","general","","","","JS",0,1,2,3,1,2,1,1,3,1,NA,0,NA,1,2,"",NA,"","With Help"
1096,"09/12/2022 22:26:00 (MST)","Pre",50.33,11.82,"Logistics Specialties Inc. (8)","Utah","","never","","","JOBEX",0,3,3,2,2,1,2,3,3,3,2,3,NA,1,3,"",NA,"","No Help"
722,"10/07/2023 22:52:19 (MST)","Pre",42.24,NA,"Region 4 (274)","Montana","","","","always","CPSO",0,0,0,3,2,2,3,3,3,2,NA,0,NA,NA,NA,"",NA,"",""
873,"07/01/2024 13:32:11 (MST)","Post",8.11,NA,"Logistics Specialties Inc. (8)","Montana","specialized","often","","always","JS",0,1,2,1,2,3,2,2,3,1,NA,NA,NA,3,NA,"",NA,"",""
512,"12/10/2023 11:00:35 (MST)","Pre",41.44,-38.55,"Columbus Community Center (9)","Utah","","","","sometimes","CSS",0,3,3,3,3,3,2,2,3,3,1,NA,NA,2,NA,"",NA,"","No Help"
2354,"12/21/2024 10:32:17 (MST)","Pre",66.7,NA,"Turn Community Services (29)","Utah","general","","rarely","sometimes","JS",0,2,2,2,2,1,2,3,1,2,2,NA,3,NA,3,"",NA,"","No Help"
262,"03/21/2025 16:06:25 (MST)","Pre",52.56,38.67,"Logistics Specialties Inc. (8)","Utah","general","","","","ISA",0,2,2,2,1,3,2,3,1,3,2,2,NA,2,NA,"",NA,"","No Help"
1785,"08/26/2024 10:24:57 (MST)","Pre",71.07,1.17,"Yellowstone Academy (214)","Utah","specialized","rarely","","rarely","JS",0,3,3,3,3,3,1,3,2,3,NA,NA,NA,2,NA,"",NA,"","No Help"
681,"02/28/2023 07:23:23 (MST)","Pre",85.89,NA,"Montana School for the Deaf & Blind (32)","Wyoming","","","","","JS",0,1,2,2,1,2,0,2,2,3,NA,2,3,3,NA,"1",NA,"",""
311,"04/19/2025 12:41:30 (MST)","Post",63.67,NA,"Turn Community Services (29)","Utah","","","never","","QWEX",0,2,1,2,3,1,1,3,2,0,2,2,3,3,3,"",NA,"","No Help"
2387,"01/27/2025 16:36:35 (MST)","Pre",44.62,NA,"Logistics Specialties Inc. (8)","Utah","general","","","","ISA",0,1,2,0,1,2,2,2,2,1,NA,NA,NA,NA,0,"",NA,"","No Help"
2214,"06/02/2024 15:16:13 (MST)","Pre",77,NA,"Logistics Specialties Inc. (8)","Utah","","","never","","ISA",0,2,3,2,0,2,0,1,0,NA,0,NA,0,NA,2,"",NA,"","No Help"
2157,"01/21/2024 17:05:27 (MST)","Pre",36.39,17,"Columbus Community Center (9)","Demo","","","","always","FL",0,2,1,3,0,3,2,0,2,NA,3,NA,2,NA,3,"",NA,"",""
1354,"01/17/2025 19:05:47 (MST)","Pre",74.78,60.34,"Logistics Specialties Inc. (8)","Utah","","","","","QWEX",0,2,3,3,2,3,1,2,3,3,NA,NA,2,NA,NA,"",NA,"","No Help"
585,"01/13/2023 06:48:17 (MST)","Post",53.67,13.67,"Columbus Community Center (9)","Utah","","","","often","ISA",0,3,2,3,3,3,3,1,3,3,3,1,NA,10,NA,"",NA,"",""
1353,"01/13/2024 16:02:57 (MST)","Pre",37.48,NA,"Spectrum Academy (28)","Utah","","often","","","WSS",0,3,3,2,1,2,2,0,0,1,2,3,2,NA,NA,"",NA,"","No Help"
512,"11/10/2024 15:38:11 (MST)","Pre",80.33,NA,"Logistics Specialties Inc. (8)","Wyoming","general","","","always","ILOM",0,2,3,1,3,2,2,2,2,3,3,NA,NA,NA,1,"",NA,"","No Help"
274,"08/31/2024 12:01:02 (MST)","Post",71.07,-7.76,"Adams 12 (98)","Utah","general","","","","WSS",0,3,1,2,1,2,2,3,3,3,3,3,2,NA,2,"",NA,"","No Help"
1343,"03/03/2024 11:44:31 (MST)","Pre",60.33,NA,"University of Oklahoma (50)","Utah","","rarely","","always","JS",0,2,1,2,2,3,3,1,3,3,NA,NA,NA,NA,3,"",NA,"","No Help"
1025,"10/12/2024 21:44:12 (MST)","Pre",63.67,48.85,"Logistics Specialties Inc. (8)","Utah","general","","","always","WSS",0,3,3,3,1,0,0,3,0,3,2,3,2,3,NA,"",NA,"","With Help"
248,"04/30/2023 16:09:00 (MST)","Post",57,NA,"Logistics Specialties Inc. (8)","Utah","","","","","JOBEX",0,2,1,3,3,3,3,2,NA,1,NA,0,2,2,NA,"",NA,"","With Help"
2214,"03/14/2025 18:09:27 (MST)","Pre",80.33,NA,"Logistics Specialties Inc. (8)","Utah","specialized","","","","QWEX",0,1,3,0,0,1,3,1,2,3,2,NA,2,NA,NA,"",NA,"","No Help"
6,"04/01/2023 14:10:37 (MST)","Post",26.17,NA,"Roads to Independence (26)","Demo","","","","","JOBEX",0,1,0,1,3,3,2,2,3,3,2,NA,NA,3,NA,"",NA,"","No Help"
1625,"01/12/2024 13:12:37 (MST)","Pre",4.41,NA,"Southern Utah University (27)","Utah","","","","","CPSO",0,1,1,2,2,3,3,1,3,3,2,NA,3,NA,NA,"",NA,"","No Help"
1156,"07/22/2024 11:32:43 (MST)","Pre",97,NA,"Turn Community Services (29)","Utah","","","","","JOBEX",0,2,1,1,1,1,1,0,2,3,NA,2,2,NA,2,"",NA,"","No Help"
2132,"12/02/2023 17:14:32 (MST)","Pre",97,19.22,"Logistics Specialties Inc. (8)","Utah","","never","","","JOBEX",0,3,3,0,1,1,0,3,2,NA,NA,NA,NA,1,2,"",NA,"","No Help"
1669,"09/28/2024 12:24:29 (MST)","Post",54.58,NA,"Logistics Specialties Inc. (8)","Utah","specialized","","sometimes","sometimes","ISA",0,1,3,1,3,3,2,2,0,2,NA,3,NA,3,NA,"0",NA,"","No Help"
673,"06/23/2023 22:12:29 (MST)","Pre",55.33,NA,"Logistics Specialties Inc. (8)","Utah","","","rarely","sometimes","JS",0,2,2,0,3,0,3,1,2,1,NA,0,NA,NA,2,"",NA,"","No Help"
2129,"03/03/2025 20:11:28 (MST)","Pre",57.61,NA,"Central Technology Center (Central Tech) (56)","Utah","","","","","FL",0,3,0,3,2,3,2,1,3,0,1,3,NA,NA,0,"",NA,"",""
1096,"07/23/2022 02:31:00 (MST)","Pre",97,NA,"Logistics Specialties Inc. (8)","Utah","","","","","WSS",0,3,2,3,3,3,3,1,1,1,NA,3,2,NA,1,"",NA,"","No Help"
267,"02/07/2025 10:12:01 (MST)","Pre",63.67,NA,"Logistics Specialties Inc. (8)","Utah","","","","","JOBEX",0,1,1,1,3,3,3,3,NA,2,NA,2,1,NA,NA,"",NA,"","No Help"
227,"12/23/2022 13:48:35 (MST)","Pre",37.74,4.41,"Central Technology Center (Central Tech) (56)","Demo","","","rarely","","QWEX",0,2,3,3,3,3,1,2,2,2,3,NA,NA,2,NA,"",NA,"","No Help"
1239,"06/18/2023 11:28:20 (MST)","Post",73.67,NA,"Logistics Specialties Inc. (8)","Utah","","sometimes","","","JS",0,2,2,2,1,2,3,2,3,2,NA,NA,NA,NA,NA,"",NA,"","With Help"
1820,"01/15/2024 12:59:13 (MST)","Pre",78.82,NA,"Southern Utah University (27)","Utah","","","rarely","","JS",0,3,3,3,3,2,2,3,2,2,3,1,NA,1,2,"",NA,"","No Help"
2433,"12/19/2023 09:32:56 (MST)","Post",37,NA,"Logistics Specialties Inc. (8)","Utah","general","sometimes","never","","WSS",0,3,3,0,3,3,1,2,1,3,NA,NA,NA,3,NA,"",NA,"","No Help"
98,"09/04/2022 09:42:56 (MST)","Post",50.33,23.67,"Logistics Specialties Inc. (8)","Utah","","","","","WSS",0,1,2,2,2,3,1,2,1,0,3,NA,NA,0,0,"",NA,"","With Help"
262,"10/14/2023 14:05:10 (MST)","Post",77.95,11.82,"Region 1 (271)","Utah","","","","","FL",0,1,2,1,3,2,0,3,2,2,3,NA,3,NA,3,"",NA,"","No Help"
602,"02/07/2023 00:23:00 (MST)","Post",57,NA,"Logistics Specialties Inc. (8)","Utah","","always","","","FL",0,3,2,3,3,0,1,3,2,3,1,2,2,NA,2,"1",NA,"","With Help"
1702,"09/26/2023 12:09:39 (MST)","Post",68.11,NA,"Turn Community Services (29)","Utah","","","rarely","sometimes","JS",0,0,0,3,3,1,2,2,3,2,2,NA,2,3,NA,"",NA,"","No Help"
759,"11/21/2023 09:38:23 (MST)","Post",60.33,5.33,"Logistics Specialties Inc. (8)","Utah","general","","","sometimes","JOBEX",0,3,2,2,1,2,3,2,3,NA,0,3,1,2,NA,"",NA,"","No Help"
384,"10/29/2024 11:22:21 (MST)","Pre",68.43,39.22,"Linderman Education Center (224)","Montana","","","rarely","sometimes","JS",0,1,2,3,2,3,1,2,2,NA,NA,NA,3,NA,1,"",NA,"","No Help"
2164,"06/19/2022 02:57:00 (MST)","Pre",51.17,63.67,"Logistics Specialties Inc. (8)","Utah","","sometimes","","","JS",0,2,1,1,3,3,0,0,0,2,1,3,1,NA,1,"",NA,"","No Help"
2287,"10/10/2023 10:35:53 (MST)","Pre",74.78,NA,"Roads to Independence (26)","Utah","","","never","","CPSO",0,2,3,3,1,2,3,2,1,0,1,3,NA,3,NA,"",NA,"","No Help"
424,"01/25/2025 12:42:30 (MST)","Pre",37,NA,"Logistics Specialties Inc. (8)","Utah","","","","","JOBEX",0,3,2,2,3,2,0,3,3,3,1,NA,1,3,NA,"",NA,"","With Help"
1501,"09/24/2023 15:39:44 (MST)","Pre",67,NA,"Logistics Specialties Inc. (8)","Utah","","","","","WBLE",0,2,1,2,3,2,1,1,0,1,NA,3,NA,NA,NA,"",NA,"","No Help"
2354,"09/08/2024 12:44:50 (MST)","Pre",77,NA,"Logistics Specialties Inc. (8)","Utah","","","","","CPSO",0,2,2,3,3,2,2,3,2,0,NA,2,NA,3,1,"1",NA,"","No Help"
1109,"08/31/2024 15:14:56 (MST)","Pre",81.85,10.34,"Logistics Specialties Inc. (8)","Utah","","","","","ISA",0,2,2,2,2,1,3,1,NA,NA,NA,NA,3,NA,NA,"",NA,"","No Help"
1103,"11/25/2024 11:09:53 (MST)","Post",89.59,-16.33,"Logistics Specialties Inc. (8)","Utah","","","sometimes","sometimes","WBLE",0,1,1,3,0,3,3,2,3,NA,2,NA,NA,NA,2,"",NA,"","No Help"
2379,"05/04/2025 11:33:28 (MST)","Post",39.42,9.5,"Logistics Specialties Inc. (8)","Utah","","","","","ISA",0,2,3,1,3,2,2,3,2,2,NA,2,3,NA,NA,"",NA,"","With Help"
687,"01/13/2024 16:00:16 (MST)","Post",73.19,NA,"Logistics Specialties Inc. (8)","Utah","","","sometimes","","WSS",0,3,1,2,1,3,2,1,2,1,2,1,2,NA,2,"3",NA,"","No Help"
1073,"04/29/2023 08:52:00 (MST)","Pre",70.33,0.7,"Logistics Specialties Inc. (8)","Utah","","","","","CSS",0,3,2,0,2,1,0,3,3,2,2,3,NA,NA,3,"",NA,"",""
496,"09/08/2024 12:38:11 (MST)","Pre",56.52,NA,"Yellowstone Academy (214)","Utah","","sometimes","","","WBLE",0,2,1,3,2,1,0,2,3,2,NA,1,NA,2,NA,"0",NA,"","No Help"
1800,"06/25/2024 11:02:52 (MST)","Post",71.07,13.66,"Southern Utah University (27)","Utah","general","","","","JS",0,2,2,1,2,2,1,3,3,NA,3,NA,NA,NA,1,"",NA,"",""
585,"01/28/2023 03:06:00 (MST)","Pre",84.5,NA,"Logistics Specialties Inc. (8)","Utah","","rarely","never","","ILOM",0,1,0,3,3,1,1,2,3,1,NA,NA,NA,2,NA,"",NA,"",""
1641,"08/31/2023 19:18:35 (MST)","Post",82.19,5.34,"Central Technology Center (Central Tech) (56)","Utah","","","","","ISA",0,3,0,3,3,2,1,2,3,NA,2,NA,NA,3,NA,"3",NA,"",""
539,"10/20/2024 09:45:16 (MST)","Post",48.85,NA,"Logistics Specialties Inc. (8)","Utah","","","never","rarely","CPSO",0,3,2,0,3,3,1,3,NA,3,NA,NA,NA,NA,NA,"",NA,"","No Help"
2554,"09/15/2024 15:52:34 (MST)","Post",63.67,NA,"Logistics Specialties Inc. (8)","Colorado","","rarely","sometimes","sometimes","JOBEX",0,2,2,2,3,1,3,3,0,NA,NA,2,NA,NA,2,"",NA,"","No Help"
236,"10/20/2024 22:36:24 (MST)","Post",43.67,NA,"Southern Utah University (27)","Utah","","","","","JS",0,3,3,1,1,1,2,3,3,1,NA,NA,3,3,NA,"",NA,"","No Help"
1084,"12/21/2024 10:33:05 (MST)","Pre",59.22,0.7,"Denver (110)","Utah","","","rarely","sometimes","JS",0,2,3,3,3,1,3,3,2,2,NA,NA,NA,3,NA,"",NA,"","No Help"
1686,"09/11/2024 22:18:20 (MST)","Pre",51.17,NA,"Columbus Community Center (9)","Utah","","","","sometimes","FL",0,3,3,3,1,3,0,3,2,2,0,NA,NA,1,NA,"",NA,"","No Help"
1156,"02/16/2023 15:57:50 (MST)","Post",49.38,NA,"Logistics Specialties Inc. (8)","Utah","general","","rarely","","WSS",1,1,1,3,2,1,2,1,3,3,2,2,NA,NA,NA,"2",NA,"",""
270,"01/15/2024 01:37:26 (MST)","Post",63.67,NA,"Logistics Specialties Inc. (8)","Oklahoma","","rarely","","","CPSO",0,1,0,1,3,1,2,3,1,NA,0,NA,NA,NA,NA,"",NA,"","No Help"
794,"04/07/2023 09:43:15 (MST)","Pre",71.07,NA,"Logistics Specialties Inc. (8)","Utah","","","","","WSS",0,1,2,2,1,3,2,2,1,0,NA,NA,2,NA,NA,"",NA,"","No Help"
1210,"03/22/2022 09:59:37 (MST)","Pre",94.78,NA,"Turn Community Services (29)","Utah","","always","rarely","","QWEX",0,1,2,3,3,3,1,2,1,3,2,2,NA,NA,NA,"",NA,"","No Help"
2268,"07/02/2023 12:26:23 (MST)","Post",97,22.93,"Logistics Specialties Inc. (8)","Utah","general","","","","CSS",0,3,3,2,3,3,3,1,1,2,NA,NA,NA,NA,NA,"",NA,"","With Help"
2338,"03/12/2023 05:28:28 (MST)","Pre",42.83,-16.34,"Columbus Community Center (9)","Utah","specialized","","never","","QWEX",0,2,2,2,2,3,3,1,2,1,NA,2,2,NA,0,"",1,"","With Help"
338,"12/10/2023 11:02:38 (MST)","Post",72.76,NA,"Utah State University (59)","Utah","general","","rarely","","WSS",0,1,2,3,2,2,2,2,1,3,NA,NA,2,NA,NA,"",NA,"","No Help"
681,"09/24/2022 23:40:00 (MST)","Post",37,-3,"North Sanpete School District (24)","Oklahoma","","","","","ISA",0,0,2,2,3,1,2,0,3,2,0,0,3,NA,NA,"",NA,"","No Help"
512,"06/08/2025 17:09:02 (MST)","Pre",40.33,NA,"Logistics Specialties Inc. (8)","Utah","","","","","FL",0,3,1,2,3,2,3,3,3,2,NA,NA,NA,NA,NA,"",NA,"","No Help"
1103,"09/07/2024 13:02:56 (MST)","Pre",25.89,NA,"Logistics Specialties Inc. (8)","Utah","","","","","ISA",0,1,2,0,3,2,2,1,0,3,1,NA,NA,NA,NA,"",NA,"","With Help"
2387,"12/22/2024 10:36:00 (MST)","Pre",57,6.52,"Community Options (82)","Utah","","","sometimes","","WBLE",0,3,1,2,2,1,3,2,2,NA,2,NA,NA,2,3,"",NA,"","No Help"
1254,"10/14/2023 14:15:36 (MST)","Pre",89.59,NA,"Region 1 (271)","Utah","","","sometimes","","FL",0,1,2,2,3,2,3,3,2,2,0,NA,NA,3,NA,"2",NA,"","No Help"
589,"12/06/2024 11:16:51 (MST)","Pre",51.17,NA,"Logistics Specialties Inc. (8)","Utah","","","rarely","","QWEX",0,3,1,2,0,2,0,1,NA,1,1,3,2,2,1,"",NA,"","No Help"
177,"11/11/2024 11:40:49 (MST)","Post",45.48,NA,"Logistics Specialties Inc. (8)","Utah","general","","","","WBLE",0,1,1,2,1,1,2,1,3,2,NA,NA,2,3,NA,"3",NA,"","No Help"
508,"04/26/2025 11:16:06 (MST)","Post",45.15,NA,"Turn Community Services (29)","Utah","","","rarely","","CSS",0,1,2,3,1,1,0,2,3,3,3,NA,NA,NA,NA,"",NA,"","With Help"
2354,"04/18/2025 11:58:31 (MST)","Post",66.44,NA,"Logistics Specialties Inc. (8)","Montana","","","","","FL",0,3,3,2,2,1,3,2,3,2,3,NA,NA,3,NA,"",NA,"","With Help"
1935,"12/26/2022 04:01:00 (MST)","Pre",97,NA,"Darby K-12 School Dist. (158)","Utah","general","","","rarely","WSS",0,2,2,1,1,2,2,0,0,3,3,NA,0,NA,NA,"",NA,"","With Help"
2073,"09/15/2024 14:12:24 (MST)","Pre",67.37,NA,"Turn Community Services (29)","Utah","","","","","ISA",0,2,3,3,2,3,1,3,2,2,2,3,NA,NA,3,"1",NA,"",""
1896,"03/15/2025 17:01:41 (MST)","Post",54.14,NA,"Logistics Specialties Inc. (8)","Utah","general","","never","","QWEX",0,2,1,2,3,3,0,2,3,0,0,3,3,NA,NA,"",NA,"","No Help"
956,"10/10/2023 10:44:41 (MST)","Pre",44.62,NA,"Logistics Specialties Inc. (8)","Utah","","","","","JOBEX",0,3,1,2,1,2,1,2,2,3,3,NA,NA,3,NA,"",NA,"","No Help"
2093,"06/03/2025 14:01:02 (MST)","Post",37.74,NA,"Logistics Specialties Inc. (8)","Oklahoma","","","","never","CSS",0,3,1,0,2,2,3,3,1,0,2,NA,0,NA,3,"",NA,"","No Help"
1984,"02/07/2025 10:23:55 (MST)","Post",77.95,NA,"Logistics Specialties Inc. (8)","Utah","","","rarely","sometimes","WBLE",0,3,2,2,3,2,1,1,2,NA,1,NA,NA,2,2,"1",NA,"","No Help"
2334,"03/31/2025 20:49:36 (MST)","Pre",47,NA,"Logistics Specialties Inc. (8)","Utah","","","","","ISA",0,3,0,2,1,2,0,2,1,2,NA,2,NA,NA,NA,"3",NA,"","No Help"
1190,"02/04/2024 15:38:15 (MST)","Pre",93.3,-32.17,"Spectrum Academy (28)","Utah","","","","","JS",0,2,2,3,3,1,1,1,1,NA,NA,0,NA,NA,NA,"",NA,"","No Help"
177,"07/12/2024 14:19:55 (MST)","Pre",41.44,-3,"Logistics Specialties Inc. (8)","Utah","","","","","ISA",0,1,2,2,2,2,0,3,NA,0,0,NA,NA,3,3,"",NA,"","No Help"
722,"12/08/2024 11:52:56 (MST)","Pre",39.86,NA,"Turn Community Services (29)","Montana","general","","rarely","","WSS",0,2,2,2,3,2,2,2,1,1,NA,2,NA,NA,NA,"",NA,"","No Help"
2534,"12/13/2022 05:19:00 (MST)","Pre",53.67,-11.33,"Logistics Specialties Inc. (8)","Utah","","","often","","ILOM",0,1,2,1,2,1,1,1,3,3,1,NA,2,NA,NA,"",NA,"","No Help"
1871,"05/20/2024 16:25:39 (MST)","Pre",73.67,NA,"Cache Employment Training Center (80)","Oklahoma","","rarely","","","JOBEX",0,1,3,1,0,2,3,2,2,2,NA,2,2,NA,NA,"1",NA,"",""
205,"03/21/2025 15:12:57 (MST)","Pre",52.56,NA,"Logistics Specialties Inc. (8)","Utah","","","","rarely","FL",0,3,2,2,2,3,2,2,2,2,2,3,NA,NA,NA,"",NA,"",""
871,"10/12/2024 17:54:02 (MST)","Post",59.22,52.56,"Logistics Specialties Inc. (8)","Utah","specialized","often","","","CPSO",0,2,3,2,1,1,2,2,2,NA,2,2,NA,NA,2,"",NA,"",""
2403,"04/15/2024 16:11:41 (MST)","Post",56.26,11.29,"Logistics Specialties Inc. (8)","Utah","","never","","","JOBEX",0,2,2,2,2,2,3,3,3,NA,3,3,1,NA,0,"2",NA,"","No Help"
717,"04/07/2023 09:13:48 (MST)","Post",34.04,NA,"Logistics Specialties Inc. (8)","Utah","general","","rarely","always","FL",0,1,0,2,1,3,3,2,3,2,1,NA,2,NA,NA,"",NA,"",""
794,"04/18/2023 06:07:00 (MST)","Pre",85.1,NA,"Central Technology Center (Central Tech) (56)","Utah","","never","sometimes","","JOBEX",0,2,3,2,1,3,0,2,3,3,3,NA,3,NA,NA,"",NA,"",""
1369,"06/18/2022 07:32:14 (MST)","Post",61.44,NA,"Columbus Community Center (9)","Utah","","","","","WSS",0,0,1,1,2,3,2,3,3,2,1,NA,1,NA,1,"",NA,"","No Help"
2164,"12/08/2023 14:11:53 (MST)","Pre",92.56,NA,"A2Demo (21)","Utah","","","","never","ISA",0,3,2,3,2,3,3,1,2,3,NA,NA,3,8,NA,"",NA,"","No Help"
1896,"01/09/2023 07:11:39 (MST)","Pre",66.05,NA,"Logistics Specialties Inc. (8)","Montana","","","","","CPSO",0,1,1,2,0,2,2,1,0,NA,NA,NA,NA,NA,NA,"",NA,"","No Help"
1994,"11/11/2024 12:38:21 (MST)","Pre",69.73,NA,"A2Demo (21)","Utah","","","","","ISA",0,2,0,2,2,3,1,3,2,3,2,NA,NA,NA,NA,"",NA,"","No Help"
1535,"02/18/2023 08:28:27 (MST)","Pre",75.57,NA,"Logistics Specialties Inc. (8)","Utah","","never","","","ISA",0,0,2,1,1,2,3,3,3,NA,2,NA,3,NA,NA,"",NA,"","No Help"
1103,"04/19/2022 03:03:00 (MST)","Pre",63.67,12.55,"Spectrum Academy (28)","Utah","","","","","FL",0,1,2,1,1,2,2,1,2,1,1,NA,3,0,1,"",NA,"",""
2147,"08/13/2022 11:30:10 (MST)","Post",67,32.71,"Logistics Specialties Inc. (8)","Utah","specialized","","","","CSS",0,1,3,0,3,2,1,2,1,NA,NA,3,NA,NA,NA,"",1,"","No Help"
2096,"12/07/2024 10:24:43 (MST)","Post",68.11,27,"Logistics Specialties Inc. (8)","Utah","","","sometimes","","JOBEX",0,3,2,2,3,2,1,3,2,2,1,NA,NA,NA,NA,"",NA,"","With Help"
956,"02/18/2023 06:46:00 (MST)","Pre",87.91,NA,"University of Oklahoma (50)","Utah","","sometimes","","","JS",0,2,0,2,2,3,0,1,3,NA,3,1,NA,NA,NA,"",NA,"","No Help"
2164,"04/26/2025 18:41:24 (MST)","Post",71.07,52.55,"Logistics Specialties Inc. (8)","Oklahoma","general","often","","","ISA",0,3,1,2,3,3,0,1,3,3,2,NA,NA,NA,NA,"",NA,"","No Help"
2528,"09/09/2024 12:14:53 (MST)","Pre",67.83,11.81,"Logistics Specialties Inc. (8)","Utah","","","","","QWEX",0,3,3,1,2,1,2,1,1,2,3,NA,NA,3,NA,"",NA,"","No Help"
496,"12/21/2024 10:47:35 (MST)","Pre",44.62,18.21,"Logistics Specialties Inc. (8)","Utah","","","sometimes","","CPSO",0,3,2,1,1,1,2,2,3,NA,NA,0,NA,NA,2,"",NA,"","No Help"
2203,"11/16/2024 18:09:32 (MST)","Post",56.52,NA,"Logistics Specialties Inc. (8)","Utah","","","","","CSS",0,1,1,1,3,3,2,2,3,3,0,0,NA,2,NA,"",NA,"","No Help"
722,"06/26/2023 16:40:31 (MST)","Post",49.38,1.17,"Spectrum Academy (28)","Wyoming","","","rarely","","CPSO",0,2,2,2,1,0,2,1,1,2,1,NA,NA,NA,NA,"1",NA,"","With Help"
891,"06/23/2024 11:16:18 (MST)","Post",73.67,NA,"Region 4 (274)","Utah","specialized","","","often","JS",0,1,2,3,1,1,2,0,0,NA,NA,3,NA,NA,0,"",NA,"",""
1916,"06/17/2023 21:47:12 (MST)","Pre",55.33,28.12,"Southern Utah University (27)","Utah","","sometimes","","","WSS",0,3,3,0,1,2,1,2,1,1,2,2,NA,NA,NA,"",NA,"","With Help"
2012,"09/15/2024 15:54:35 (MST)","Post",81.85,-3,"Logistics Specialties Inc. (8)","Wyoming","","sometimes","","","JOBEX",0,1,3,0,3,3,3,3,3,1,NA,NA,2,2,1,"",NA,"",""
1615,"11/02/2022 16:58:17 (MST)","Pre",27,9.5,"Southern Utah University (27)","Utah","","","","","JS",0,1,3,3,2,1,1,1,NA,3,2,NA,NA,NA,NA,"",NA,"","No Help"
593,"08/13/2024 14:32:43 (MST)","Post",51.17,NA,"Logistics Specialties Inc. (8)","Utah","","","","","ISA",0,1,1,1,0,2,1,2,NA,NA,NA,3,NA,NA,2,"3",NA,"","No Help"
1128,"04/15/2023 04:39:21 (MST)","Post",90.33,NA,"Logistics Specialties Inc. (8)","Utah","general","","","","CPSO",0,3,2,3,3,2,2,1,2,2,3,NA,NA,NA,NA,"",NA,"","No Help"
742,"08/30/2024 15:11:04 (MST)","Pre",70.81,NA,"Logistics Specialties Inc. (8)","Utah","specialized","","","","FL",1,2,2,2,3,1,3,3,3,2,NA,NA,NA,NA,NA,"",NA,"","No Help"
1625,"12/16/2023 15:09:04 (MST)","Pre",48.85,NA,"Logistics Specialties Inc. (8)","Utah","","","","","WBLE",0,2,2,0,2,1,1,2,2,3,1,2,3,NA,3,"",NA,"",""
2207,"05/06/2024 20:02:57 (MST)","Pre",63.67,-13,"Logistics Specialties Inc. (8)","Utah","general","","","","JOBEX",0,2,1,3,3,3,1,2,0,0,1,NA,NA,2,NA,"",NA,"","No Help"
585,"02/28/2023 12:18:58 (MST)","Pre",32.56,55.33,"Southern Utah University (27)","Utah","specialized","","","","WSS",0,1,3,2,3,2,1,2,NA,3,3,NA,3,NA,1,"2",NA,"","No Help"
2388,"09/02/2024 15:56:45 (MST)","Pre",45.89,NA,"Columbus Community Center (9)","Utah","","","","","CPSO",0,3,1,0,1,3,1,3,1,3,1,1,1,NA,3,"2",NA,"","With Help"
6,"10/23/2023 23:30:14 (MST)","Post",45.89,NA,"Logistics Specialties Inc. (8)","Utah","","always","","rarely","ILOM",0,1,2,0,1,1,1,1,3,2,1,NA,3,NA,NA,"1",NA,"","No Help"
88,"02/13/2023 17:02:14 (MST)","Pre",78.48,-3,"Logistics Specialties Inc. (8)","Utah","general","often","","","ILOM",0,2,3,0,1,3,2,2,2,1,1,2,NA,2,NA,"",NA,"","No Help"
1103,"04/26/2025 13:06:01 (MST)","Post",63.67,NA,"Logistics Specialties Inc. (8)","Utah","","","","sometimes","WBLE",0,3,3,1,2,1,1,2,3,NA,3,NA,NA,NA,NA,"",NA,"","No Help"
187,"07/24/2023 01:10:02 (MST)","Pre",63.67,NA,"A2Demo (21)","Utah","","","","","WSS",0,2,3,1,3,2,3,1,3,3,3,3,3,1,NA,"",NA,"","No Help"
864,"04/19/2025 12:44:34 (MST)","Post",47,NA,"Region 1 (271)","Utah","","","","","JOBEX",0,3,3,2,2,3,1,1,3,NA,NA,NA,NA,NA,NA,"",NA,"",""
1362,"10/15/2024 18:18:08 (MST)","Pre",41.44,-0.62,"Region 4 (274)","Utah","specialized","","","","JS",0,3,3,2,2,1,2,2,2,2,2,NA,NA,NA,1,"",NA,"","With Help"
384,"04/01/2022 08:23:11 (MST)","Pre",58.9,NA,"Canyons School District (10)","Wyoming","","","rarely","","JS",0,3,0,3,3,2,1,2,0,0,3,NA,NA,NA,NA,"",NA,"",""
871,"02/03/2025 18:09:22 (MST)","Pre",54.14,26.63,"Logistics Specialties Inc. (8)","Utah","","","","","FL",0,3,1,1,1,3,1,3,3,2,3,3,1,1,3,"2",NA,"",""
1871,"04/26/2024 13:28:45 (MST)","Post",63.67,NA,"University of Oklahoma (50)","Utah","","","","","JOBEX",0,3,1,1,2,1,1,2,2,2,NA,NA,NA,NA,3,"",NA,"","No Help"
687,"09/02/2023 15:57:40 (MST)","Post",57,NA,"Logistics Specialties Inc. (8)","Oklahoma","general","","often","","WSS",0,2,0,0,1,3,2,2,2,1,3,NA,NA,NA,2,"",NA,"","No Help"
1702,"04/30/2024 23:34:56 (MST)","Post",60.33,48.11,"Logistics Specialties Inc. (8)","Utah","","","","","WSS",0,0,1,1,3,0,2,3,0,1,NA,3,3,NA,NA,"",NA,"","No Help"
69,"09/05/2023 12:25:58 (MST)","Pre",48.11,9.12,"Logistics Specialties Inc. (8)","Utah","general","","","","CPSO",0,1,2,2,3,2,1,3,NA,3,0,NA,NA,3,NA,"",NA,"","No Help"
424,"10/10/2022 15:27:45 (MST)","Pre",87,NA,"Logistics Specialties Inc. (8)","Utah","specialized","","","","CSS",0,3,2,2,1,0,3,1,1,1,NA,NA,NA,NA,0,"",NA,"","No Help"
1445,"04/26/2025 11:17:29 (MST)","Post",48.85,NA,"Spectrum Academy (28)","Utah","","never","rarely","often","ISA",0,3,3,1,3,0,3,2,1,2,1,NA,NA,NA,1,"",NA,"","No Help"
2109,"06/09/2023 19:00:17 (MST)","Pre",75.57,NA,"Logistics Specialties Inc. (8)","Utah","","","rarely","","JS",0,2,1,1,3,1,2,2,3,3,1,NA,NA,NA,NA,"",1,"","No Help"
2129,"09/28/2024 12:22:32 (MST)","Pre",50.33,10.34,"Pioneer Adult Rehabilitation Center (25)","Utah","","","","never","WSS",0,1,2,2,1,3,2,2,3,1,2,NA,NA,NA,1,"",NA,"","No Help"
858,"03/16/2025 11:52:13 (MST)","Pre",45.48,8.11,"Southern Utah University (27)","Utah","","","","","JS",0,3,2,2,2,1,2,1,1,2,1,0,NA,10,NA,"",NA,"","No Help"
1028,"04/19/2025 12:37:16 (MST)","Pre",83.67,NA,"Glacier High School (223)","Utah","general","often","never","rarely","JOBEX",0,3,3,3,3,3,0,2,1,2,NA,NA,NA,NA,NA,"",NA,"","No Help"
1744,"04/25/2025 15:28:08 (MST)","Post",77.95,25.57,"Logistics Specialties Inc. (8)","Utah","general","","","never","JS",0,1,2,3,1,3,0,2,3,2,2,2,1,3,NA,"3",NA,"","No Help"
2334,"02/11/2025 16:06:24 (MST)","Pre",73.19,NA,"Logistics Specialties Inc. (8)","Utah","","","","","ISA",0,3,1,3,1,3,1,1,3,2,NA,NA,3,NA,3,"",NA,"","With Help"
1771,"09/28/2024 12:21:12 (MST)","Pre",83.67,4.41,"Logistics Specialties Inc. (8)","Demo","","","","","ILOM",0,3,2,1,2,3,2,3,2,2,NA,0,2,NA,2,"",NA,"","No Help"
2416,"02/05/2024 14:13:25 (MST)","Post",88.67,NA,"Turn Community Services (29)","Utah","general","never","","","WSS",0,3,2,3,2,2,3,2,3,3,2,3,NA,NA,NA,"",NA,"","With Help"
860,"02/22/2025 18:44:14 (MST)","Post",97,NA,"Logistics Specialties Inc. (8)","Utah","","","","","ISA",0,3,2,2,2,1,3,3,NA,2,NA,NA,NA,NA,2,"",NA,"","No Help"
1669,"10/20/2024 22:37:04 (MST)","Post",51.17,NA,"Roads to Independence (26)","Utah","","","","always","JOBEX",0,0,3,2,3,2,2,3,3,3,NA,NA,NA,3,NA,"1",NA,"",""
735,"04/07/2023 09:59:51 (MST)","Pre",43.67,-3,"Logistics Specialties Inc. (8)","Utah","","","rarely","","WSS",1,2,3,2,3,2,2,1,2,2,2,NA,NA,8,NA,"",NA,"","No Help"
1210,"02/14/2025 16:15:37 (MST)","Post",67,NA,"Turn Community Services (29)","Utah","general","rarely","often","","WBLE",0,2,3,1,2,3,3,1,2,0,2,2,2,NA,2,"",NA,"","No Help"
864,"04/02/2023 10:53:03 (MST)","Pre",65.89,45.88,"Utah State Office of Rehabilitation (USOR) (30)","Utah","","rarely","","","WBLE",0,3,1,2,3,0,3,2,2,2,NA,NA,3,3,NA,"",NA,"","No Help"
1972,"02/13/2023 17:07:50 (MST)","Post",51.17,43.67,"Logistics Specialties Inc. (8)","Utah","","","sometimes","","FL",0,2,1,2,2,0,2,1,3,3,2,3,2,3,2,"",NA,"","With Help"
90,"10/09/2022 11:39:29 (MST)","Post",68.43,30.33,"Turn Community Services (29)","Utah","specialized","always","never","","WSS",0,3,1,0,1,2,1,3,NA,2,NA,1,NA,NA,NA,"",NA,"","No Help"
2532,"11/11/2024 11:39:32 (MST)","Pre",97,NA,"Logistics Specialties Inc. (8)","Utah","","","","","ILOM",0,0,2,0,3,1,0,3,2,3,3,NA,NA,NA,NA,"",NA,"","No Help"
1120,"07/17/2022 02:03:00 (MST)","Pre",37.74,NA,"Logistics Specialties Inc. (8)","Utah","","","","","ISA",0,3,2,1,3,3,2,3,2,2,NA,1,NA,NA,NA,"",NA,"","No Help"
2172,"09/17/2022 06:15:18 (MST)","Post",8.11,NA,"A2Demo (21)","Montana","","always","rarely","","CSS",0,2,2,3,2,3,1,0,1,2,1,NA,2,NA,NA,"",NA,"","No Help"
2113,"10/23/2022 03:14:37 (MST)","Pre",30.33,NA,"Roads to Independence (26)","Montana","","","","","CPSO",0,3,2,2,0,1,3,3,2,1,2,NA,NA,NA,NA,"",NA,"","No Help"
1393,"12/02/2023 16:56:49 (MST)","Post",61.44,4.41,"Yellowstone Academy (214)","Utah","","","","often","WSS",0,1,0,2,1,1,2,2,3,3,2,NA,NA,NA,NA,"1",NA,"",""
1702,"04/05/2025 09:56:10 (MST)","Post",51.17,0.7,"Logistics Specialties Inc. (8)","Utah","","","rarely","","JOBEX",0,2,3,2,2,1,3,2,2,NA,0,2,NA,NA,NA,"",NA,"","With Help"
2073,"08/18/2024 15:13:29 (MST)","Pre",39.86,NA,"Columbus Community Center (9)","Utah","","","","sometimes","JOBEX",0,1,0,2,2,1,0,2,1,1,NA,NA,NA,NA,NA,"",NA,"","No Help"
2439,"10/15/2024 09:04:47 (MST)","Pre",60.33,39.85,"Logistics Specialties Inc. (8)","Utah","","never","","","WBLE",0,3,2,3,3,3,2,2,3,2,3,3,NA,NA,NA,"",NA,"","With Help"
641,"12/05/2022 10:19:47 (MST)","Pre",39.86,NA,"Columbus Community Center (9)","Utah","","","sometimes","","JOBEX",0,2,3,2,3,1,1,2,2,2,NA,NA,2,NA,NA,"",NA,"",""
1800,"04/29/2023 05:47:00 (MST)","Pre",59.5,NA,"Utah State University (59)","Utah","","","","always","WSS",0,1,2,3,1,1,1,3,3,1,1,3,NA,NA,NA,"",NA,"","No Help"
177,"05/04/2024 14:18:19 (MST)","Pre",63.67,NA,"Logistics Specialties Inc. (8)","Utah","","never","","sometimes","JS",0,3,2,0,3,0,3,2,3,3,3,NA,3,NA,NA,"",NA,"","No Help"
759,"10/24/2022 05:19:00 (MST)","Post",81.85,52.55,"Logistics Specialties Inc. (8)","Utah","specialized","","sometimes","","WBLE",0,1,2,1,1,3,1,1,2,2,NA,1,3,NA,NA,"",NA,"","No Help"
589,"10/15/2024 17:52:22 (MST)","Pre",63.67,9.12,"Logistics Specialties Inc. (8)","Utah","","","rarely","always","ISA",0,1,3,3,0,2,2,2,3,2,NA,3,1,NA,NA,"",NA,"","No Help"
2132,"06/23/2024 11:22:51 (MST)","Pre",26.63,NA,"Lockwood School Dist. / County of Yellowstone Dist. #26 (182)","Utah","","","never","always","JS",0,1,3,2,3,3,0,0,3,NA,NA,NA,NA,NA,NA,"",NA,"","No Help"
1775,"11/01/2024 18:09:37 (MST)","Pre",41.44,56.26,"Central Technology Center (Central Tech) (56)","Utah","general","","rarely","","CSS",0,1,2,1,1,3,3,0,2,NA,NA,2,2,NA,NA,"",NA,"","No Help"
793,"06/01/2025 22:57:22 (MST)","Pre",54.14,NA,"North Sanpete School District (24)","Utah","","","","","JOBEX",0,2,3,3,0,2,2,1,2,NA,0,2,NA,NA,NA,"",NA,"","No Help"
2207,"04/26/2022 07:15:18 (MST)","Post",26.63,11.29,"Columbus Community Center (9)","Montana","","never","sometimes","","ISA",0,2,1,3,2,2,2,1,0,NA,0,1,NA,1,NA,"2",NA,"",""
699,"03/05/2025 04:05:49 (MST)","Post",50.33,NA,"Logistics Specialties Inc. (8)","Utah","","never","","","WSS",0,1,3,3,1,1,3,2,1,0,NA,3,NA,NA,NA,"",NA,"","No Help"
1028,"09/03/2023 15:51:57 (MST)","Pre",68.43,NA,"North Sanpete School District (24)","Utah","","","","","QWEX",0,2,3,0,1,3,2,0,2,2,2,NA,NA,NA,NA,"3",NA,"","No Help"
175,"03/09/2024 15:56:03 (MST)","Post",90.33,NA,"Roads to Independence (26)","Montana","","rarely","sometimes","","ISA",0,1,3,1,1,1,1,1,1,3,NA,1,NA,NA,NA,"",1,"","No Help"
2268,"06/30/2022 22:29:00 (MST)","Post",47,NA,"Logistics Specialties Inc. (8)","Montana","","often","","","ISA",0,3,3,1,2,3,2,3,3,3,NA,3,NA,NA,2,"",NA,"","No Help"
2416,"04/29/2025 17:54:55 (MST)","Post",33.36,1.76,"Logistics Specialties Inc. (8)","Utah","","","never","","ISA",0,3,2,2,3,2,2,2,1,0,3,NA,NA,2,1,"",NA,"","No Help"
2172,"07/01/2022 05:23:12 (MST)","Pre",65.89,-0.78,"Logistics Specialties Inc. (8)","Montana","","often","rarely","","WSS",0,0,2,3,3,2,2,0,3,NA,3,NA,0,1,2,"1",NA,"","No Help"
1512,"10/10/2022 09:25:00 (MST)","Pre",67,NA,"Logistics Specialties Inc. (8)","Utah","","sometimes","","often","ILOM",0,2,3,1,1,0,2,2,3,3,3,2,NA,2,NA,"3",NA,"","No Help"
2473,"01/27/2025 19:04:35 (MST)","Pre",85.89,NA,"Turn Community Services (29)","Utah","specialized","","","sometimes","WSS",0,2,1,0,2,2,2,2,3,2,NA,NA,NA,NA,NA,"",NA,"","No Help"
654,"03/03/2023 06:56:28 (MST)","Pre",37.48,NA,"Logistics Specialties Inc. (8)","Utah","","","","","JS",0,2,2,2,2,3,1,2,2,0,1,NA,NA,3,NA,"",NA,"","No Help"
1073,"07/02/2024 11:28:00 (MST)","Post",84.5,NA,"Flathead High School (42)","Utah","","","","","CPSO",0,3,2,3,3,2,1,3,1,1,NA,NA,1,3,NA,"",NA,"","No Help"
2397,"12/10/2022 22:32:00 (MST)","Pre",36.39,NA,"Flathead High School (42)","Utah","","","rarely","","JS",0,1,1,1,3,2,0,1,0,3,1,NA,NA,2,2,"2",NA,"","With Help"
2557,"05/30/2025 17:40:17 (MST)","Post",47,NA,"Turn Community Services (29)","Utah","","","","never","JOBEX",0,2,1,1,2,1,2,3,2,NA,NA,NA,NA,NA,NA,"",NA,"","No Help"
1353,"11/08/2024 13:24:19 (MST)","Pre",72.76,NA,"Logistics Specialties Inc. (8)","Utah","","","","","ISA",0,2,2,2,3,3,3,1,1,3,3,1,NA,NA,NA,"",NA,"","No Help"
2534,"12/05/2023 14:33:23 (MST)","Post",39.86,NA,"Logistics Specialties Inc. (8)","Oklahoma","","","","","FL",0,1,2,2,3,0,1,3,NA,NA,3,1,NA,2,0,"1",NA,"","No Help"
1120,"12/30/2024 13:18:59 (MST)","Pre",55.33,NA,"Logistics Specialties Inc. (8)","Montana","","","","sometimes","FL",0,3,1,1,3,2,3,1,1,1,NA,NA,1,2,NA,"",NA,"","No Help"
654,"09/28/2024 12:22:03 (MST)","Post",51.17,23.67,"Logistics Specialties Inc. (8)","Utah","specialized","always","","","JOBEX",0,1,2,2,3,1,2,2,1,3,3,2,3,NA,NA,"1",1,"","No Help"
1626,"08/30/2024 15:12:00 (MST)","Pre",48.11,63.67,"Logistics Specialties Inc. (8)","Utah","","","","","ILOM",0,1,3,2,2,3,3,3,3,3,NA,NA,NA,NA,2,"3",NA,"","No Help"
1771,"04/26/2025 15:31:56 (MST)","Pre",67,15.18,"Lockwood School Dist. / County of Yellowstone Dist. #26 (182)","Utah","","","","","CPSO",1,3,3,2,2,2,1,1,NA,NA,3,NA,NA,3,2,"",NA,"","No Help"
338,"01/12/2024 13:14:02 (MST)","Pre",32.56,NA,"Meta Mindful (83)","Utah","","","","","CPSO",0,3,2,3,1,3,3,2,1,0,0,NA,NA,NA,NA,"",NA,"","No Help"
1359,"05/28/2024 10:43:52 (MST)","Pre",30.33,-9.66,"Logistics Specialties Inc. (8)","Utah","","","never","","JOBEX",0,3,0,2,2,2,1,0,3,3,3,NA,NA,NA,NA,"",NA,"",""
1535,"06/25/2024 16:36:41 (MST)","Pre",80.33,NA,"Logistics Specialties Inc. (8)","Utah","","","rarely","","CSS",0,2,3,1,3,3,3,1,2,3,1,NA,3,NA,NA,"",NA,"","No Help"
1369,"05/24/2025 14:38:15 (MST)","Pre",37.74,NA,"Logistics Specialties Inc. (8)","Utah","","","rarely","","CPSO",0,3,3,3,3,2,0,2,1,NA,2,NA,1,3,NA,"",NA,"","No Help"
1901,"02/28/2023 07:27:02 (MST)","Pre",97,6.52,"Turn Community Services (29)","Oklahoma","general","often","rarely","","ISA",0,3,3,3,3,2,3,1,1,NA,NA,3,NA,NA,0,"",NA,"","No Help"
1225,"10/16/2023 13:42:46 (MST)","Pre",52.56,NA,"Logistics Specialties Inc. (8)","Utah","specialized","never","","","FL",0,2,2,2,2,2,3,2,1,2,0,NA,NA,NA,3,"",NA,"","No Help"
1410,"11/10/2024 15:11:07 (MST)","Post",67.37,NA,"Roads to Independence (26)","Utah","","","","always","JOBEX",0,2,2,1,3,1,2,3,3,2,3,NA,0,NA,NA,"",NA,"","No Help"
2141,"04/09/2022 23:59:00 (MST)","Post",72,NA,"Columbus Community Center (9)","Utah","","never","","","WSS",0,2,1,1,2,3,3,2,0,2,2,NA,NA,NA,3,"",NA,"","No Help"
2164,"08/24/2024 10:43:26 (MST)","Pre",97,NA,"Logistics Specialties Inc. (8)","Utah","general","","","","FL",0,3,3,2,2,0,3,3,2,0,NA,NA,3,1,NA,"",NA,"","No Help"
826,"02/22/2025 18:45:20 (MST)","Pre",74.78,23.67,"Logistics Specialties Inc. (8)","Utah","","","","often","ILOM",0,2,3,2,0,0,3,1,1,2,2,NA,NA,NA,0,"",NA,"","No Help"
2129,"03/08/2025 12:54:49 (MST)","Post",39.22,NA,"Logistics Specialties Inc. (8)","Utah","general","","","often","CPSO",0,0,2,3,2,2,1,0,3,NA,2,2,NA,NA,NA,"",NA,"","With Help"
262,"01/22/2023 05:58:29 (MST)","Pre",37,NA,"Logistics Specialties Inc. (8)","Utah","","","","","FL",0,3,0,2,1,2,2,3,NA,3,3,1,3,NA,NA,"1",NA,"","No Help"
1785,"10/10/2023 10:45:47 (MST)","Pre",74.78,NA,"Logistics Specialties Inc. (8)","Utah","specialized","often","","","ILOM",0,1,3,3,2,2,3,3,3,2,NA,NA,2,3,1,"",NA,"",""
717,"11/13/2022 08:23:47 (MST)","Post",70.33,45.89,"Logistics Specialties Inc. (8)","Utah","","","sometimes","","FL",0,2,3,3,3,1,2,1,3,3,NA,NA,2,NA,NA,"",NA,"","No Help"
956,"03/29/2025 13:14:14 (MST)","Pre",60.33,NA,"Logistics Specialties Inc. (8)","Utah","general","","","","FL",0,1,1,3,2,1,3,1,0,3,NA,0,1,NA,NA,"",NA,"I went back to school, lack of transportation, busy looking for housing","No Help"
132,"06/18/2023 11:29:53 (MST)","Post",33.67,13.67,"Logistics Specialties Inc. (8)","Utah","","sometimes","","rarely","JOBEX",0,3,3,2,3,1,3,2,1,0,1,1,NA,NA,NA,"1",NA,"","No Help"
1053,"11/04/2024 11:39:36 (MST)","Pre",97,0.33,"Logistics Specialties Inc. (8)","Utah","general","","","","JOBEX",0,1,0,2,3,3,3,3,2,NA,NA,NA,NA,NA,NA,"2",NA,"","No Help"
1991,"07/07/2024 19:30:16 (MST)","Pre",11.81,57.61,"Logistics Specialties Inc. (8)","Oklahoma","","rarely","","","ISA",0,2,2,1,3,2,2,3,2,1,NA,0,1,NA,NA,"",NA,"","No Help"
759,"09/13/2022 04:27:34 (MST)","Post",61.44,NA,"Logistics Specialties Inc. (8)","Utah","","","","","ISA",0,2,3,2,3,1,0,3,1,3,NA,NA,NA,NA,NA,"",NA,"","No Help"
1501,"11/27/2022 07:59:55 (MST)","Pre",74.78,NA,"Roads to Independence (26)","Utah","","","rarely","","FL",0,0,2,1,3,1,2,2,2,3,NA,NA,NA,2,NA,"",NA,"","No Help"
2073,"10/04/2024 13:30:48 (MST)","Pre",54.78,11.81,"Community Options (82)","Utah","specialized","","","","CSS",0,2,1,2,1,3,0,2,2,2,3,NA,3,NA,NA,"",NA,"","No Help"
1073,"12/28/2024 12:40:17 (MST)","Pre",70.33,NA,"Southern Utah University (27)","Utah","","","sometimes","always","JS",0,2,1,1,3,1,3,3,2,1,2,NA,NA,NA,NA,"",NA,"","No Help"
652,"09/03/2023 16:08:56 (MST)","Post",60.33,NA,"Logistics Specialties Inc. (8)","Utah","general","","","rarely","WSS",0,1,1,1,1,2,1,3,2,3,1,NA,NA,NA,1,"",NA,"","No Help"
1479,"11/10/2024 15:48:43 (MST)","Post",97,NA,"Logistics Specialties Inc. (8)","Utah","","never","","","FL",0,3,0,2,1,1,2,3,1,2,2,NA,NA,NA,2,"1",NA,"","No Help"
2338,"04/20/2025 11:24:21 (MST)","Pre",56.26,NA,"Denver (110)","Utah","","never","","","FL",0,2,0,2,3,2,3,1,NA,NA,NA,NA,3,NA,NA,"",NA,"",""
1785,"11/26/2024 08:40:39 (MST)","Pre",72.56,17,"Turn Community Services (29)","Utah","","","rarely","","ISA",0,3,2,0,3,0,1,3,3,3,1,0,NA,NA,2,"",NA,"",""
2305,"12/02/2023 17:09:35 (MST)","Pre",45.15,NA,"Logistics Specialties Inc. (8)","Utah","","rarely","sometimes","","FL",0,2,3,2,2,2,0,3,2,1,NA,NA,NA,NA,NA,"",NA,"","With Help"
2214,"03/22/2025 11:58:38 (MST)","Post",82.19,NA,"University of Oklahoma (50)","Oklahoma","","","","","FL",0,1,3,2,2,2,3,2,2,3,1,3,NA,1,NA,"",NA,"",""
69,"06/02/2023 19:08:47 (MST)","Pre",97,NA,"Southern Utah University (27)","Utah","general","","","","WSS",0,2,3,3,2,1,2,2,3,2,2,1,NA,NA,NA,"",NA,"","No Help"
6,"11/08/2024 14:06:57 (MST)","Post",93.3,NA,"Community Options (82)","Utah","","","","sometimes","FL",0,1,1,2,3,1,2,3,3,NA,1,NA,3,NA,NA,"",NA,"","No Help"
1430,"02/27/2023 09:37:08 (MST)","Pre",77.95,NA,"Meta Mindful (83)","Utah","","always","rarely","","ISA",0,2,2,2,0,2,2,1,3,NA,1,NA,NA,3,NA,"",NA,"",""
98,"02/16/2025 12:00:58 (MST)","Post",51.17,NA,"North Sanpete School District (24)","Colorado","specialized","sometimes","","","ILOM",0,3,3,0,2,3,3,2,3,1,NA,NA,NA,NA,NA,"",NA,"","No Help"
1231,"11/19/2024 21:53:48 (MST)","Post",27.3,11.29,"Roads to Independence (26)","Utah","","","","","ILOM",0,1,3,1,2,0,2,2,0,2,3,NA,2,1,NA,"",NA,"","No Help"
589,"02/08/2025 17:11:36 (MST)","Post",45.15,-10.41,"Logistics Specialties Inc. (8)","Utah","","rarely","","","WSS",0,1,1,1,3,1,0,3,3,2,1,NA,NA,3,NA,"",NA,"","No Help"
2387,"04/26/2025 15:05:53 (MST)","Pre",15.52,NA,"Logistics Specialties Inc. (8)","Utah","","","rarely","always","JOBEX",0,2,1,2,2,2,1,1,3,0,3,NA,1,NA,NA,"",NA,"",""
1556,"08/08/2023 10:35:30 (MST)","Post",47,13.67,"Logistics Specialties Inc. (8)","Utah","","","","","ISA",0,3,2,3,2,0,3,2,3,3,3,1,2,NA,NA,"",NA,"","With Help"
2069,"11/04/2022 09:52:51 (MST)","Pre",54.58,NA,"Logistics Specialties Inc. (8)","Utah","","","","","WSS",0,2,0,1,2,3,1,2,1,2,3,2,NA,NA,NA,"",NA,"",""
1775,"04/19/2025 12:28:07 (MST)","Post",47,NA,"Logistics Specialties Inc. (8)","Utah","","","","","ISA",0,2,3,2,3,1,1,3,3,1,NA,NA,NA,NA,NA,"3",NA,"","No Help"
227,"11/19/2024 10:39:44 (MST)","Pre",42.83,NA,"Turn Community Services (29)","Utah","","sometimes","","","JOBEX",0,3,1,3,3,3,3,3,2,1,3,1,NA,NA,NA,"",NA,"","No Help"
756,"06/02/2023 19:21:46 (MST)","Pre",12.56,1.76,"Logistics Specialties Inc. (8)","Utah","","","","","JS",0,1,1,3,3,2,0,2,1,3,3,NA,NA,NA,NA,"",NA,"","No Help"
1641,"09/27/2024 15:21:52 (MST)","Pre",54.14,NA,"Columbus Community Center (9)","Utah","","","","","JOBEX",0,2,1,1,2,1,2,3,3,2,1,1,NA,1,NA,"",NA,"","No Help"
98,"06/23/2024 11:10:42 (MST)","Pre",36.39,20.8,"Southern Utah University (27)","Utah","","","","sometimes","JS",0,2,2,0,3,3,1,1,2,2,1,NA,NA,NA,2,"",NA,"",""
860,"06/04/2023 23:33:58 (MST)","Pre",63.67,11.82,"Logistics Specialties Inc. (8)","Utah","","never","","","CSS",0,1,1,1,2,2,2,3,3,1,0,3,NA,3,NA,"1",NA,"","No Help"
450,"04/20/2025 11:21:43 (MST)","Pre",52.56,NA,"Logistics Specialties Inc. (8)","Oklahoma","","","rarely","","JOBEX",0,2,2,3,2,3,3,0,0,3,NA,2,NA,NA,2,"",NA,"","No Help"
1142,"04/14/2024 17:35:39 (MST)","Pre",20.33,NA,"Turn Community Services (29)","Wyoming","","","","sometimes","WSS",0,3,3,3,3,1,3,1,3,NA,NA,0,NA,NA,3,"",NA,"","No Help"
2342,"05/22/2023 15:45:06 (MST)","Pre",47,NA,"Turn Community Services (29)","Utah","","","","","ISA",0,3,1,3,2,1,2,3,2,NA,2,1,NA,NA,NA,"",NA,"","No Help"
2035,"02/18/2023 06:51:00 (MST)","Post",39.22,16.05,"Roads to Independence (26)","Utah","general","","","never","WSS",0,2,2,3,1,3,2,3,3,0,NA,NA,NA,NA,NA,"",NA,"","No Help"
1994,"08/28/2023 21:33:33 (MST)","Pre",73.67,17,"Roads to Independence (26)","Utah","","","rarely","","ISA",0,2,0,1,1,2,1,2,2,1,2,NA,NA,NA,NA,"",NA,"","No Help"
2528,"11/10/2024 15:07:25 (MST)","Pre",74.78,NA,"Logistics Specialties Inc. (8)","Utah","","","","","CSS",0,1,1,2,2,2,0,3,0,2,NA,NA,2,NA,NA,"",NA,"","No Help"
794,"11/26/2023 16:51:35 (MST)","Pre",57,NA,"Logistics Specialties Inc. (8)","Utah","","","","","ISA",0,2,2,2,0,1,2,2,2,1,NA,0,NA,2,NA,"",NA,"","No Help"
1535,"07/14/2023 18:42:05 (MST)","Pre",77,NA,"Logistics Specialties Inc. (8)","Utah","","often","never","often","JS",0,2,0,3,2,1,0,1,3,3,3,NA,NA,3,1,"",NA,"","With Help"
961,"04/21/2024 17:29:13 (MST)","Post",30.33,NA,"Roads to Independence (26)","Utah","","","","often","JOBEX",1,2,0,2,2,3,1,2,2,2,2,NA,NA,NA,1,"",NA,"","No Help"
1479,"02/13/2023 11:03:00 (MST)","Post",37.48,NA,"Spectrum Academy (28)","Utah","","","","always","CPSO",0,2,3,2,1,1,1,3,2,NA,3,3,NA,NA,NA,"",NA,"",""
2354,"05/26/2024 16:31:47 (MST)","Post",70.33,-28,"Logistics Specialties Inc. (8)","Utah","specialized","","never","often","JS",0,3,1,3,2,3,2,3,3,2,2,NA,NA,3,NA,"",NA,"","No Help"
187,"04/29/2025 17:54:03 (MST)","Pre",27.3,48.11,"Logistics Specialties Inc. (8)","Oklahoma","","","","","WBLE",0,1,2,3,1,1,2,2,2,2,1,0,NA,NA,3,"",NA,"","No Help"
1182,"11/25/2024 10:46:07 (MST)","Post",42.83,23.66,"Logistics Specialties Inc. (8)","Utah","","","rarely","always","ISA",0,2,3,2,1,2,3,3,3,2,NA,NA,NA,2,NA,"",NA,"","No Help"
166,"10/08/2024 17:23:40 (MST)","Pre",30.33,NA,"Logistics Specialties Inc. (8)","Utah","","never","","","CPSO",0,3,2,2,1,3,2,1,1,0,1,NA,NA,NA,NA,"",NA,"","With Help"
687,"03/08/2025 12:55:58 (MST)","Pre",8.11,44.62,"Logistics Specialties Inc. (8)","Utah","specialized","","never","","JS",0,2,0,0,3,2,0,1,2,3,3,NA,3,3,NA,"",NA,"","No Help"
2305,"01/27/2025 19:02:55 (MST)","Pre",77,13.67,"Roads to Independence (26)","Utah","","sometimes","","","ISA",0,3,3,3,1,2,1,2,3,2,NA,NA,NA,3,2,"",NA,"","Observer"
131,"06/18/2022 08:00:02 (MST)","Pre",63.67,NA,"Turn Community Services (29)","Utah","specialized","","rarely","","CPSO",0,2,3,2,1,2,1,3,2,2,1,NA,NA,NA,NA,"",NA,"","With Help"
2129,"01/27/2025 18:55:40 (MST)","Pre",23.67,NA,"Logistics Specialties Inc. (8)","Utah","specialized","never","","","JOBEX",0,1,2,1,1,1,1,3,1,3,NA,NA,NA,NA,NA,"",NA,"",""
1458,"10/10/2022 15:23:19 (MST)","Pre",85.89,NA,"Logistics Specialties Inc. (8)","Utah","","","","sometimes","CSS",0,2,2,1,3,0,2,3,3,NA,NA,3,NA,3,3,"",NA,"","No Help"
1625,"12/23/2022 13:51:02 (MST)","Pre",93.97,NA,"Logistics Specialties Inc. (8)","Utah","","never","","","JOBEX",0,1,2,2,1,3,3,2,3,0,NA,NA,NA,2,1,"",NA,"","No Help"
2203,"09/05/2023 16:52:28 (MST)","Pre",37.74,NA,"Logistics Specialties Inc. (8)","Utah","","rarely","rarely","","WBLE",0,1,3,1,0,1,0,1,3,2,2,NA,NA,NA,NA,"",NA,"","No Help"
1210,"12/14/2024 14:32:54 (MST)","Pre",81.85,NA,"Logistics Specialties Inc. (8)","Utah","","often","","","JOBEX",0,3,2,2,1,3,3,0,3,2,NA,1,NA,NA,NA,"",NA,"","No Help"
1901,"06/19/2022 02:21:00 (MST)","Pre",47,8.11,"Logistics Specialties Inc. (8)","Utah","general","","","","ISA",0,2,3,2,3,3,2,3,2,2,2,2,NA,NA,NA,"",NA,"",""
1702,"01/16/2024 14:51:57 (MST)","Pre",78.82,NA,"Logistics Specialties Inc. (8)","Utah","","","","","CSS",0,1,1,2,2,1,3,2,3,3,NA,NA,NA,NA,NA,"3",NA,"","No Help"
6,"02/18/2023 08:45:53 (MST)","Pre",77,NA,"A2Demo (21)","Utah","","always","rarely","","JS",0,1,3,2,3,3,2,3,2,3,1,NA,NA,NA,NA,"",NA,"",""
1109,"03/09/2025 13:21:28 (MST)","Pre",40.33,3.67,"Columbus Community Center (9)","Utah","","","","","CPSO",0,1,3,3,1,1,2,2,3,0,3,NA,1,NA,2,"",NA,"","No Help"
248,"07/01/2022 08:13:40 (MST)","Pre",8.11,NA,"Logistics Specialties Inc. (8)","Utah","","","","often","JS",0,2,0,1,2,2,2,2,2,2,2,0,NA,2,NA,"",NA,"","No Help"
978,"10/14/2023 13:54:01 (MST)","Post",49.38,-3,"Logistics Specialties Inc. (8)","Utah","general","","rarely","","JOBEX",0,2,1,3,1,0,0,3,1,3,1,NA,2,NA,NA,"",NA,"","With Help"
2354,"09/08/2024 12:44:03 (MST)","Post",63.67,12.16,"Logistics Specialties Inc. (8)","Montana","","","","","ISA",0,3,1,2,2,2,2,2,2,2,1,1,NA,NA,NA,"",NA,"","No Help"
1096,"08/21/2022 04:17:08 (MST)","Post",30.33,NA,"Logistics Specialties Inc. (8)","Utah","","sometimes","","","ISA",0,3,0,2,2,3,2,3,3,NA,NA,NA,3,3,NA,"",NA,"","No Help"
2161,"11/04/2024 11:38:52 (MST)","Pre",43.67,NA,"Logistics Specialties Inc. (8)","Utah","","","","","CSS",0,2,2,2,3,2,3,3,2,1,2,3,2,NA,1,"",NA,"","No Help"
1393,"03/01/2025 16:56:10 (MST)","Post",59.5,NA,"Logistics Specialties Inc. (8)","Utah","","","","","JOBEX",0,3,2,1,3,1,0,2,3,NA,NA,NA,NA,3,NA,"",NA,"","No Help"
2109,"10/29/2024 11:21:26 (MST)","Pre",42.83,-7.17,"Logistics Specialties Inc. (8)","Utah","","","","","ILOM",0,1,2,3,2,1,0,3,3,3,3,1,NA,NA,0,"",NA,"","With Help"
512,"12/25/2023 11:31:41 (MST)","Pre",57,NA,"Utah State University (59)","Utah","","","sometimes","","WBLE",0,3,1,1,2,3,2,3,2,3,NA,1,NA,2,NA,"",NA,"","No Help"
2287,"01/19/2025 14:22:16 (MST)","Pre",73.67,23.19,"Logistics Specialties Inc. (8)","Utah","","","","rarely","CSS",0,2,3,2,0,2,2,3,3,1,NA,NA,NA,NA,NA,"",NA,"","With Help"
1785,"10/13/2024 12:06:00 (MST)","Post",97,5.34,"Roads to Independence (26)","Utah","","","","","CPSO",0,3,3,1,2,3,1,3,2,3,NA,NA,NA,3,NA,"",NA,"","No Help"
593,"11/17/2024 16:53:13 (MST)","Pre",59.5,-9.66,"Logistics Specialties Inc. (8)","Utah","","often","","","FL",0,3,3,2,0,2,2,1,3,2,NA,3,NA,2,NA,"",NA,"","No Help"
2218,"04/27/2024 14:37:00 (MST)","Post",63.67,NA,"Logistics Specialties Inc. (8)","Utah","","","","","FL",0,2,3,0,3,3,3,3,3,0,3,1,2,NA,NA,"",NA,"","No Help"
1855,"03/19/2023 09:19:53 (MST)","Pre",66.7,NA,"Flathead High School (42)","Utah","specialized","never","","","ILOM",0,0,1,1,2,3,1,1,3,2,1,3,NA,NA,NA,"",NA,"","With Help"
2473,"05/06/2024 20:05:10 (MST)","Pre",63.67,NA,"Turn Community Services (29)","Utah","","","","always","FL",0,2,2,0,2,3,2,2,3,3,3,0,NA,3,NA,"",NA,"","No Help"
1011,"01/23/2023 07:59:52 (MST)","Pre",66.05,NA,"Spectrum Academy (28)","Utah","","","","","JOBEX",0,2,3,3,2,3,0,3,1,0,NA,2,NA,NA,NA,"3",NA,"","No Help"
2207,"10/16/2023 13:49:25 (MST)","Pre",27,NA,"Columbus Community Center (9)","Utah","","","rarely","often","ISA",0,2,2,1,1,3,2,3,2,NA,3,NA,NA,NA,NA,"",NA,"","No Help"
1501,"02/04/2024 15:40:02 (MST)","Post",52.56,NA,"Turn Community Services (29)","Utah","","","","","JS",0,2,1,2,1,1,2,2,3,3,2,3,3,2,NA,"",NA,"","With Help"
1333,"07/09/2022 05:36:14 (MST)","Post",63.67,NA,"Logistics Specialties Inc. (8)","Colorado","general","rarely","","always","CPSO",0,3,3,2,2,3,0,1,2,2,3,NA,0,NA,0,"",NA,"","No Help"
1935,"06/09/2023 14:58:39 (MST)","Post",59.96,NA,"Logistics Specialties Inc. (8)","Utah","","","","often","JOBEX",0,3,1,2,3,2,3,1,3,3,3,3,0,2,NA,"",NA,"","No Help"
1410,"05/05/2025 11:50:20 (MST)","Post",88.67,NA,"Logistics Specialties Inc. (8)","Utah","","","","always","JOBEX",0,3,2,1,2,2,2,0,1,2,NA,2,3,2,NA,"",NA,"","No Help"
2473,"08/21/2023 11:18:31 (MST)","Pre",50.33,NA,"Roads to Independence (26)","Utah","","","","","ISA",0,2,1,2,2,3,2,1,2,2,1,2,3,NA,NA,"",NA,"","No Help"
1393,"05/28/2023 15:53:49 (MST)","Post",70.33,NA,"Community Options (82)","Utah","","","","often","CSS",0,3,3,2,2,1,1,2,3,1,2,2,NA,NA,NA,"2",NA,"","Observer"
1320,"06/18/2022 08:28:34 (MST)","Pre",43.67,44.62,"Logistics Specialties Inc. (8)","Utah","","","","","ISA",0,1,1,3,1,3,0,2,3,3,2,1,NA,2,NA,"",NA,"","No Help"
1512,"04/29/2025 10:39:05 (MST)","Post",32.56,NA,"Logistics Specialties Inc. (8)","Utah","specialized","","","","ISA",0,2,2,3,3,2,2,2,NA,NA,2,3,NA,NA,NA,"",NA,"",""
860,"02/17/2024 10:52:46 (MST)","Pre",87.48,NA,"Logistics Specialties Inc. (8)","Utah","general","sometimes","","","ISA",0,2,0,3,3,1,2,2,2,3,1,NA,NA,2,NA,"",NA,"","No Help"
166,"11/09/2024 18:01:34 (MST)","Pre",63.67,NA,"Logistics Specialties Inc. (8)","Oklahoma","","","","sometimes","JOBEX",0,2,2,3,1,2,1,2,2,3,3,3,NA,NA,2,"",NA,"","No Help"
2305,"10/04/2024 14:49:02 (MST)","Pre",65.89,27,"Logistics Specialties Inc. (8)","Utah","","","","","JS",0,3,2,1,3,3,2,3,NA,2,0,NA,1,NA,NA,"",NA,"",""
1625,"09/28/2024 14:59:23 (MST)","Pre",97,NA,"Columbus Community Center (9)","Utah","","often","","","CSS",0,1,0,2,3,1,3,3,2,3,2,NA,NA,NA,NA,"",NA,"","No Help"
873,"09/06/2024 10:13:28 (MST)","Post",51.17,-43.74,"Turn Community Services (29)","Utah","","always","","","JOBEX",0,2,1,0,3,2,2,1,NA,0,2,3,NA,NA,NA,"",NA,"","With Help"
1359,"09/09/2024 10:05:08 (MST)","Pre",33.67,4.41,"Logistics Specialties Inc. (8)","Utah","general","often","rarely","","JS",0,3,2,2,3,2,2,3,3,1,NA,NA,NA,2,3,"",NA,"",""
1641,"05/05/2025 14:35:55 (MST)","Pre",94.62,NA,"Central Technology Center (Central Tech) (56)","Utah","","never","","","JOBEX",0,2,1,3,3,2,3,3,0,2,3,NA,NA,NA,NA,"0",NA,"","With Help"
274,"11/29/2024 10:47:58 (MST)","Pre",84.5,13.67,"Logistics Specialties Inc. (8)","Utah","general","","sometimes","","JOBEX",0,2,0,2,1,2,1,1,2,NA,1,2,NA,NA,NA,"",NA,"","No Help"
2214,"07/17/2022 09:02:27 (MST)","Post",73.67,NA,"Logistics Specialties Inc. (8)","Utah","","rarely","","","JS",0,3,2,1,0,2,2,1,3,2,NA,0,3,2,NA,"",NA,"","No Help"
681,"10/14/2023 13:50:41 (MST)","Pre",42.24,5.33,"Logistics Specialties Inc. (8)","Utah","general","rarely","","","JOBEX",0,2,1,2,3,1,2,2,1,2,3,3,NA,2,2,"",NA,"","With Help"
1109,"03/16/2025 17:06:30 (MST)","Pre",26.63,45.15,"North Sanpete School District (24)","Utah","","","","","JS",0,0,0,3,2,3,3,2,3,2,NA,1,0,NA,NA,"",NA,"","No Help"
2035,"12/21/2024 10:48:12 (MST)","Pre",54.14,NA,"Utah State University (59)","Oklahoma","general","","sometimes","always","CSS",0,3,0,3,1,3,0,3,2,3,2,1,NA,NA,NA,"",1,"","With Help"
88,"06/25/2024 16:35:55 (MST)","Pre",89.86,NA,"Logistics Specialties Inc. (8)","Utah","","","","","WSS",0,3,2,1,2,2,1,1,2,1,3,NA,NA,NA,NA,"",NA,"","No Help"
1353,"10/13/2024 12:08:55 (MST)","Pre",48.52,56.26,"Logistics Specialties Inc. (8)","Utah","","sometimes","never","sometimes","JOBEX",0,1,1,2,1,3,2,3,3,3,2,1,NA,NA,NA,"",NA,"","No Help"
1512,"12/04/2022 10:56:13 (MST)","Pre",63.67,43.67,"Columbus Community Center (9)","Utah","specialized","","","","QWEX",0,2,2,0,3,3,2,2,2,0,NA,NA,NA,NA,NA,"",NA,"",""
2091,"08/04/2023 17:38:40 (MST)","Pre",19.22,NA,"Logistics Specialties Inc. (8)","Utah","","","","","CSS",0,1,2,2,3,3,1,2,3,1,NA,3,2,NA,NA,"",NA,"","No Help"
1210,"03/17/2025 14:32:44 (MST)","Post",19.22,13.66,"North Sanpete School District (24)","Utah","general","","","","ILOM",0,1,1,2,2,1,3,2,2,3,2,NA,NA,0,NA,"",NA,"","No Help"
1128,"01/08/2023 08:20:27 (MST)","Post",78.82,NA,"Flathead High School (42)","Montana","","never","","","ILOM",0,3,1,3,2,3,2,1,1,2,NA,NA,NA,NA,3,"",NA,"","With Help"
1916,"05/04/2025 10:18:22 (MST)","Post",73.19,NA,"Logistics Specialties Inc. (8)","Utah","","","","","JS",0,2,1,1,2,3,3,2,3,1,NA,3,NA,NA,NA,"2",NA,"","No Help"
1896,"02/13/2023 10:17:00 (MST)","Pre",74.78,NA,"Logistics Specialties Inc. (8)","Utah","","","","","WSS",0,2,2,2,3,2,1,0,1,NA,3,2,NA,3,NA,"",NA,"","No Help"
687,"04/20/2025 18:01:31 (MST)","Post",67,NA,"Logistics Specialties Inc. (8)","Utah","","never","","always","JS",0,0,2,3,2,0,3,3,3,0,2,NA,NA,NA,NA,"3",NA,"",""
1512,"11/10/2024 19:59:51 (MST)","Pre",44.62,NA,"Logistics Specialties Inc. (8)","Utah","","","","","ISA",0,2,1,3,3,0,2,3,2,3,NA,3,NA,NA,NA,"",NA,"","No Help"
681,"06/25/2024 17:33:15 (MST)","Pre",81.44,NA,"Logistics Specialties Inc. (8)","Utah","","","","","JS",0,2,1,2,2,1,2,1,2,NA,3,NA,NA,2,3,"",NA,"","No Help"
98,"07/08/2022 00:47:00 (MST)","Pre",67,NA,"Logistics Specialties Inc. (8)","Utah","","","sometimes","","CPSO",0,1,1,1,1,2,1,2,3,2,3,2,2,NA,NA,"",NA,"","No Help"
2147,"11/17/2024 16:56:24 (MST)","Post",68.43,NA,"Turn Community Services (29)","Utah","specialized","","","","CSS",0,2,3,0,3,3,3,2,2,2,3,2,NA,1,1,"",NA,"","No Help"
2381,"07/18/2023 11:12:08 (MST)","Pre",11.81,NA,"Columbus Community Center (9)","Utah","","often","","","JOBEX",0,2,3,2,2,2,1,3,2,1,3,NA,NA,NA,0,"",NA,"","No Help"
1374,"11/04/2024 12:33:24 (MST)","Pre",30.33,30.34,"Logistics Specialties Inc. (8)","Utah","","","rarely","","JOBEX",0,1,1,1,3,2,0,2,1,2,2,NA,NA,NA,1,"",NA,"","With Help"
2388,"10/10/2023 10:06:04 (MST)","Post",42.45,NA,"A2Demo (21)","Utah","","","","always","JS",1,2,3,3,3,2,2,2,0,NA,3,NA,NA,NA,NA,"",NA,"","No Help"
274,"03/08/2025 12:54:11 (MST)","Post",53.67,14.78,"Logistics Specialties Inc. (8)","Utah","","often","","sometimes","JS",0,3,3,2,1,2,2,3,NA,3,NA,NA,NA,NA,NA,"",NA,"","Observer"
641,"04/26/2024 13:57:50 (MST)","Pre",89.59,-16.33,"Logistics Specialties Inc. (8)","Utah","general","often","","often","JOBEX",0,2,1,1,3,3,0,1,3,3,1,3,NA,NA,NA,"2",1,"","No Help"
1625,"05/05/2025 11:46:11 (MST)","Post",49.38,9.5,"Central Technology Center (Central Tech) (56)","Utah","","","","","FL",0,3,0,3,3,1,1,3,1,2,1,3,1,NA,NA,"3",NA,"","No Help"
1138,"04/16/2023 22:38:00 (MST)","Pre",76.17,5.89,"Logistics Specialties Inc. (8)","Utah","","","sometimes","","JS",0,3,1,2,0,3,2,3,3,2,NA,NA,NA,NA,NA,"",NA,"","No Help"
2316,"03/03/2025 10:39:03 (MST)","Pre",30.33,NA,"Logistics Specialties Inc. (8)","Utah","","","never","","WBLE",0,3,3,1,3,2,1,0,1,1,2,3,NA,NA,NA,"",NA,"","No Help"
1333,"10/09/2023 10:21:14 (MST)","Post",82.71,34.04,"Logistics Specialties Inc. (8)","Utah","general","","","","CPSO",0,3,0,1,2,3,2,1,3,3,NA,NA,0,1,NA,"",NA,"","No Help"
1528,"10/24/2022 11:23:02 (MST)","Pre",78.82,NA,"Logistics Specialties Inc. (8)","Utah","general","","","","ISA",0,2,1,1,3,1,3,1,1,NA,NA,NA,NA,3,NA,"",NA,"","No Help"
2157,"12/23/2024 10:45:35 (MST)","Pre",43.67,7,"Logistics Specialties Inc. (8)","Utah","","","rarely","","FL",0,2,2,3,1,2,3,2,2,2,3,0,1,NA,3,"",NA,"","No Help"
1026,"02/07/2023 02:59:00 (MST)","Post",84.88,-3,"Logistics Specialties Inc. (8)","Montana","","often","","","ILOM",0,3,1,2,2,1,2,2,0,1,3,2,2,NA,NA,"",NA,"","No Help"
1984,"11/08/2024 13:27:51 (MST)","Post",63.67,45.15,"Southern Utah University (27)","Utah","","","","","FL",0,2,1,2,3,2,3,3,3,1,NA,NA,NA,NA,NA,"1",NA,"","With Help"
267,"04/27/2024 16:02:38 (MST)","Post",84.88,13.67,"Logistics Specialties Inc. (8)","Utah","","","","","CSS",0,3,3,2,1,3,2,3,2,NA,NA,NA,2,NA,2,"",NA,"","No Help"
602,"07/14/2024 11:16:00 (MST)","Post",97,NA,"Logistics Specialties Inc. (8)","Utah","","","","","JOBEX",0,2,3,2,3,3,1,1,3,NA,3,NA,NA,NA,NA,"",NA,"","No Help"
1096,"02/03/2025 18:11:27 (MST)","Pre",51.17,3.06,"Logistics Specialties Inc. (8)","Utah","","","","","ILOM",0,1,1,3,1,2,3,0,1,2,0,3,NA,NA,NA,"1",NA,"","No Help"
512,"10/07/2022 05:24:49 (MST)","Post",25.57,NA,"Spectrum Academy (28)","Utah","specialized","","","","ISA",0,2,2,2,2,2,2,1,0,2,NA,0,NA,NA,NA,"",NA,"","Observer"
1702,"08/09/2022 07:49:07 (MST)","Post",77,6.52,"Turn Community Services (29)","Montana","general","often","","","CPSO",0,1,2,2,3,3,1,2,2,1,2,NA,NA,NA,NA,"1",NA,"","No Help"
177,"09/03/2023 15:53:03 (MST)","Pre",54.58,NA,"Roads to Independence (26)","Utah","","never","never","always","ILOM",0,3,3,2,2,1,1,3,NA,NA,2,NA,NA,NA,NA,"1",NA,"","No Help"
1359,"09/27/2022 10:23:25 (MST)","Pre",45.15,-13,"Logistics Specialties Inc. (8)","Utah","","","","","CPSO",0,2,1,2,3,1,3,2,2,NA,2,NA,2,NA,NA,"",NA,"","No Help"
1103,"02/17/2024 10:49:44 (MST)","Post",63.67,0.33,"Logistics Specialties Inc. (8)","Wyoming","","","","often","JS",0,3,1,2,2,3,1,3,2,2,1,0,NA,NA,NA,"2",NA,"","No Help"
2264,"01/03/2025 16:10:13 (MST)","Pre",72,NA,"Logistics Specialties Inc. (8)","Utah","","never","never","","WSS",0,1,0,2,2,3,1,3,3,2,NA,NA,NA,NA,NA,"",NA,"",""
539,"07/01/2022 07:56:07 (MST)","Pre",55.33,42.45,"Roads to Independence (26)","Utah","","","","","CPSO",0,2,2,1,3,2,1,2,2,3,NA,NA,3,NA,NA,"",NA,"","No Help"
1254,"09/12/2022 10:26:50 (MST)","Pre",51.76,-73,"Turn Community Services (29)","Utah","","","","","FL",0,3,3,2,3,2,2,1,1,1,NA,NA,NA,NA,NA,"",NA,"","With Help"
1239,"07/22/2024 11:36:31 (MST)","Pre",65.89,NA,"Columbus Community Center (9)","Utah","general","","","","ISA",1,2,2,0,1,2,1,3,2,3,3,NA,NA,NA,0,"",NA,"","No Help"
508,"01/28/2023 03:47:24 (MST)","Post",60.33,-3,"Darby K-12 School Dist. (158)","Utah","","","","","FL",0,3,3,1,3,3,1,2,3,3,2,NA,NA,2,3,"",NA,"",""
1855,"07/08/2022 00:09:00 (MST)","Pre",77.95,20.81,"Columbus Community Center (9)","Wyoming","","","","always","JS",1,3,0,2,2,3,2,1,2,2,0,3,1,2,NA,"",NA,"","With Help"
2533,"05/06/2025 12:18:25 (MST)","Post",48.85,NA,"Logistics Specialties Inc. (8)","Utah","","never","","never","JS",0,3,2,2,3,2,3,3,2,NA,NA,1,3,NA,1,"",NA,"","No Help"
1744,"03/24/2025 13:38:37 (MST)","Post",70.33,74.78,"Southern Utah University (27)","Utah","","","","sometimes","FL",0,3,2,2,1,3,2,1,3,2,3,NA,3,2,3,"",NA,"","No Help"
1474,"01/16/2023 02:08:00 (MST)","Pre",70.33,NA,"Roads to Independence (26)","Utah","","always","rarely","","ISA",0,2,1,3,2,1,1,2,0,NA,3,NA,NA,NA,NA,"",NA,"","No Help"
2214,"09/15/2022 22:57:00 (MST)","Pre",87,NA,"Logistics Specialties Inc. (8)","Utah","specialized","","","","FL",0,2,1,0,0,3,3,3,3,3,1,NA,2,3,NA,"",NA,"","With Help"
2354,"08/21/2023 19:31:07 (MST)","Pre",22.93,32.71,"Logistics Specialties Inc. (8)","Utah","","never","","","JOBEX",0,3,3,3,0,3,1,3,2,2,1,NA,1,NA,NA,"",NA,"",""
681,"03/21/2025 16:08:13 (MST)","Pre",21.24,NA,"Logistics Specialties Inc. (8)","Utah","","","","rarely","WSS",0,1,3,2,3,1,2,2,1,3,2,1,NA,2,NA,"1",NA,"","No Help"
262,"01/23/2023 08:01:31 (MST)","Pre",63.67,NA,"Logistics Specialties Inc. (8)","Utah","specialized","always","","","ILOM",0,1,2,1,3,3,3,3,2,1,NA,1,2,NA,NA,"",NA,"",""
1819,"07/22/2024 16:11:58 (MST)","Post",9.12,NA,"Spectrum Academy (28)","Utah","general","sometimes","","","CSS",0,2,1,3,3,1,2,2,2,1,1,1,NA,NA,NA,"",NA,"",""
1210,"07/20/2024 15:55:18 (MST)","Post",47,NA,"Logistics Specialties Inc. (8)","Utah","","","rarely","always","FL",0,2,2,2,3,3,2,3,2,NA,NA,NA,NA,NA,3,"",NA,"","With Help"
742,"12/25/2022 03:06:06 (MST)","Post",73.67,-6.03,"Logistics Specialties Inc. (8)","Utah","","","rarely","","ISA",0,3,1,2,3,3,2,3,2,1,NA,NA,NA,2,3,"",NA,"","No Help"
177,"12/23/2024 12:35:48 (MST)","Post",40.33,NA,"Community Options (82)","Utah","","","","","CPSO",0,3,2,1,0,3,2,3,3,2,2,NA,NA,3,NA,"",NA,"","With Help"
2207,"09/15/2024 15:58:07 (MST)","Pre",47,NA,"Southern Utah University (27)","Utah","","","","","JOBEX",0,2,2,0,0,2,3,2,3,3,NA,NA,NA,NA,NA,"",NA,"","No Help"
1775,"06/14/2025 13:11:22 (MST)","Post",57,3.67,"Logistics Specialties Inc. (8)","Utah","general","","","","JOBEX",0,1,1,1,2,3,3,3,2,3,2,3,NA,NA,NA,"3",1,"","No Help"
69,"06/30/2022 22:28:00 (MST)","Pre",67.83,NA,"Logistics Specialties Inc. (8)","Utah","","","sometimes","never","JOBEX",0,3,2,0,3,0,3,2,1,NA,0,NA,NA,2,NA,"",NA,"","No Help"
1625,"04/26/2025 15:07:58 (MST)","Post",89.59,NA,"Central Technology Center (Central Tech) (56)","Utah","","","","","CPSO",0,3,2,3,3,2,2,3,3,2,2,3,1,NA,NA,"",NA,"","No Help"
1359,"11/17/2024 16:48:48 (MST)","Post",50.33,-16.33,"Logistics Specialties Inc. (8)","Utah","","often","","often","ISA",0,3,1,2,3,3,3,2,3,2,NA,1,NA,3,NA,"",NA,"","No Help"
406,"07/03/2023 14:55:34 (MST)","Post",48.85,NA,"Logistics Specialties Inc. (8)","Utah","specialized","","","never","CSS",0,1,2,0,1,2,3,0,3,3,2,0,NA,3,1,"2",NA,"",""
1333,"05/02/2025 18:22:52 (MST)","Post",74.78,NA,"Logistics Specialties Inc. (8)","Utah","specialized","","rarely","","WSS",0,3,2,3,2,1,3,1,3,3,1,NA,NA,NA,3,"",NA,"","No Help"
2342,"09/08/2024 12:40:15 (MST)","Post",56.52,NA,"Logistics Specialties Inc. (8)","Utah","","","","","JS",0,2,2,2,1,0,3,3,3,2,0,3,NA,NA,2,"",NA,"","No Help"
1615,"10/29/2024 11:23:28 (MST)","Pre",22.93,NA,"Logistics Specialties Inc. (8)","Utah","specialized","","","","WSS",0,2,1,3,1,1,2,3,1,3,0,NA,NA,2,NA,"",NA,"","With Help"
2276,"10/04/2024 13:13:16 (MST)","Pre",89.86,9.5,"Logistics Specialties Inc. (8)","Utah","general","","","always","CSS",0,2,2,2,3,0,1,1,NA,1,0,2,NA,NA,NA,"",NA,"",""
1535,"11/26/2023 10:19:02 (MST)","Pre",63.67,NA,"Turn Community Services (29)","Utah","","","","always","WSS",0,2,3,2,3,1,1,3,3,3,0,2,3,NA,NA,"",NA,"","No Help"
1182,"03/22/2022 11:27:57 (MST)","Pre",80.33,-3,"Roads to Independence (26)","Utah","","sometimes","","","JOBEX",0,2,0,3,0,3,3,1,1,3,3,NA,NA,NA,NA,"",NA,"",""
1210,"08/30/2022 09:24:18 (MST)","Pre",92.24,NA,"Meta Mindful (83)","Utah","","","","","CSS",0,3,1,3,2,3,3,1,0,NA,3,2,3,2,NA,"",NA,"","No Help"
2462,"09/03/2023 15:19:33 (MST)","Pre",89.59,4.41,"Logistics Specialties Inc. (8)","Utah","","always","","","ISA",0,2,2,3,1,1,1,2,3,2,NA,2,2,NA,NA,"",NA,"","No Help"
1512,"03/09/2024 15:53:54 (MST)","Post",88.67,NA,"Columbus Community Center (9)","Utah","","","rarely","","CSS",0,0,3,1,2,3,2,3,3,3,NA,2,NA,NA,NA,"2",NA,"","No Help"
722,"10/07/2022 05:26:48 (MST)","Post",93.3,NA,"Logistics Specialties Inc. (8)","Oklahoma","","","","always","JOBEX",0,2,2,0,2,0,3,2,2,NA,3,NA,NA,NA,NA,"",NA,"","No Help"
185,"07/18/2023 12:25:45 (MST)","Pre",97,51.55,"Logistics Specialties Inc. (8)","Utah","","","rarely","","CPSO",0,2,1,3,3,0,2,3,2,2,0,NA,2,2,NA,"",NA,"","No Help"
1752,"06/10/2022 06:37:11 (MST)","Post",97,34.5,"Logistics Specialties Inc. (8)","Utah","general","","","sometimes","CSS",1,1,1,0,3,2,2,2,1,2,NA,3,2,NA,3,"1",NA,"","No Help"
1142,"09/17/2023 10:17:15 (MST)","Pre",76.17,NA,"Turn Community Services (29)","Utah","","rarely","","","FL",0,3,2,2,2,1,1,1,2,1,2,NA,NA,NA,NA,"",NA,"","No Help"
90,"02/05/2024 12:03:36 (MST)","Pre",47,NA,"Logistics Specialties Inc. (8)","Utah","","rarely","","","CSS",0,2,2,1,1,1,2,2,2,3,NA,NA,NA,NA,NA,"3",NA,"","No Help"
1157,"12/23/2022 13:21:06 (MST)","Post",37.74,NA,"Turn Community Services (29)","Utah","general","","","","ISA",0,3,0,3,1,2,3,3,2,NA,1,1,1,NA,NA,"",NA,"","No Help"
1744,"09/24/2022 23:53:00 (MST)","Post",88.67,NA,"Logistics Specialties Inc. (8)","Utah","","","rarely","","CSS",0,2,3,1,2,2,2,2,1,3,2,NA,NA,2,3,"",NA,"",""
2462,"05/28/2023 15:53:12 (MST)","Pre",89.59,-3,"Central Technology Center (Central Tech) (56)","Utah","","","","","ISA",0,3,2,3,2,0,2,0,3,3,2,NA,3,1,NA,"",1,"","No Help"
1374,"12/04/2022 03:18:00 (MST)","Pre",76.17,8.11,"Roads to Independence (26)","Utah","","","","","ISA",0,3,3,3,3,0,2,3,2,2,NA,NA,3,3,NA,"",NA,"","No Help"
756,"03/22/2022 10:31:20 (MST)","Post",67,54.14,"North Sanpete School District (24)","Utah","","","","","CPSO",0,3,1,3,3,3,3,3,NA,3,2,NA,NA,NA,3,"",NA,"","No Help"
1096,"10/05/2024 15:16:03 (MST)","Pre",30.33,-17.81,"Lockwood School Dist. / County of Yellowstone Dist. #26 (182)","Utah","general","","rarely","","WBLE",0,2,2,0,1,2,2,3,1,2,NA,0,NA,NA,NA,"2",NA,"",""
1128,"11/14/2023 20:31:58 (MST)","Post",89.59,NA,"Spectrum Academy (28)","Oklahoma","","","rarely","","QWEX",0,3,1,1,2,2,1,1,2,1,NA,3,3,NA,NA,"",NA,"",""
496,"03/02/2025 09:31:08 (MST)","Pre",55.33,NA,"Turn Community Services (29)","Utah","","rarely","","sometimes","ILOM",0,3,3,2,3,1,1,3,3,2,NA,NA,2,NA,NA,"0",NA,"","No Help"
262,"04/21/2025 18:43:38 (MST)","Pre",74.78,NA,"Logistics Specialties Inc. (8)","Utah","","","never","always","JS",0,1,3,3,3,3,3,1,2,3,2,1,NA,2,NA,"",NA,"","No Help"
422,"02/08/2025 17:06:10 (MST)","Pre",22,11.29,"Logistics Specialties Inc. (8)","Utah","","","sometimes","","ISA",0,3,3,2,2,2,0,1,3,2,NA,NA,3,NA,NA,"",NA,"","No Help"
1686,"11/08/2024 14:12:52 (MST)","Post",82.71,40.34,"Logistics Specialties Inc. (8)","Oklahoma","specialized","","rarely","","WBLE",0,2,1,2,3,3,1,2,3,2,3,NA,NA,NA,NA,"3",NA,"",""
2433,"01/31/2025 12:44:00 (MST)","Pre",93.67,NA,"Logistics Specialties Inc. (8)","Utah","general","","","often","JS",0,2,3,3,3,1,1,3,1,2,2,1,NA,NA,NA,"",NA,"","No Help"
1615,"07/29/2023 17:22:29 (MST)","Post",22.93,61.29,"Turn Community Services (29)","Oklahoma","general","","","","WSS",0,3,3,3,3,2,2,2,1,3,3,NA,2,3,2,"3",NA,"","With Help"
2305,"02/07/2023 08:57:19 (MST)","Pre",63.67,34.5,"Utah State Office of Rehabilitation (USOR) (30)","Utah","general","never","","often","JS",0,1,1,2,1,2,2,3,2,0,3,2,1,NA,1,"",NA,"","No Help"
2495,"03/16/2025 11:51:37 (MST)","Pre",57.61,NA,"North Sanpete School District (24)","Utah","","","","","CPSO",0,2,1,3,2,3,2,2,2,2,1,NA,NA,NA,NA,"",NA,"","No Help"
73,"07/29/2023 17:09:06 (MST)","Pre",18.21,NA,"Logistics Specialties Inc. (8)","Utah","","often","rarely","","JOBEX",0,3,3,0,0,2,0,3,2,2,2,NA,NA,NA,NA,"",NA,"",""
1120,"05/28/2024 10:42:21 (MST)","Pre",59.96,NA,"Logistics Specialties Inc. (8)","Utah","general","","","","ILOM",0,2,0,2,1,3,3,1,2,NA,2,NA,NA,NA,NA,"",NA,"","No Help"
1556,"11/29/2022 10:30:03 (MST)","Pre",47,NA,"Columbus Community Center (9)","Utah","","","rarely","","JS",0,3,2,3,0,3,2,3,3,1,0,NA,NA,NA,NA,"",NA,"","No Help"
1353,"04/26/2025 11:36:13 (MST)","Pre",59.96,NA,"Region 1 (271)","Oklahoma","","","","often","QWEX",0,2,1,2,2,2,0,1,2,1,1,2,3,NA,NA,"",NA,"","No Help"
978,"12/03/2024 11:21:09 (MST)","Pre",83.11,9.5,"Logistics Specialties Inc. (8)","Utah","","","","sometimes","ISA",0,1,1,3,3,1,3,0,3,NA,3,NA,NA,NA,NA,"",NA,"","No Help"
794,"03/16/2024 13:30:59 (MST)","Pre",87.48,NA,"Region 4 (274)","Utah","","often","","","FL",0,3,2,2,2,3,3,1,2,3,1,NA,NA,NA,NA,"",NA,"","No Help"
2416,"06/10/2022 05:11:32 (MST)","Post",97,NA,"North Sanpete School District (24)","Utah","","often","sometimes","","JOBEX",0,2,2,3,2,0,3,3,3,2,3,2,NA,3,NA,"",NA,"","No Help"
2532,"09/16/2022 04:53:23 (MST)","Post",88.11,NA,"Spectrum Academy (28)","Utah","","","","sometimes","JOBEX",0,2,2,3,0,2,2,2,2,NA,NA,3,NA,3,NA,"",NA,"",""
2316,"08/13/2022 11:25:57 (MST)","Pre",57,NA,"Logistics Specialties Inc. (8)","Utah","specialized","always","sometimes","sometimes","JS",0,2,2,0,2,1,2,1,2,NA,2,3,NA,2,3,"",NA,"","With Help"
398,"10/27/2023 14:32:12 (MST)","Post",48.11,NA,"Logistics Specialties Inc. (8)","Utah","","","","","ILOM",0,3,1,2,1,0,3,3,2,2,3,3,1,1,NA,"",NA,"","No Help"
1354,"06/09/2023 13:47:11 (MST)","Pre",39.42,54.77,"North Sanpete School District (24)","Utah","specialized","","","","JS",0,3,3,3,3,1,2,0,3,3,1,2,NA,10,NA,"",NA,"","No Help"
1984,"03/10/2024 12:31:41 (MST)","Post",52.56,NA,"Southern Utah University (27)","Utah","","","","","JOBEX",0,2,1,0,1,1,3,3,2,0,3,NA,NA,NA,NA,"",NA,"","No Help"
2407,"10/13/2024 11:15:20 (MST)","Pre",71.07,NA,"Logistics Specialties Inc. (8)","Utah","","","","","ISA",0,3,3,1,3,1,2,1,3,2,2,NA,NA,NA,NA,"",NA,"","No Help"
2109,"09/25/2022 12:43:00 (MST)","Pre",39.22,NA,"Roads to Independence (26)","Utah","","sometimes","","","CPSO",0,1,2,3,3,0,3,2,2,NA,2,1,NA,NA,NA,"",NA,"","No Help"
1512,"02/08/2025 17:06:38 (MST)","Post",63.67,22.93,"Logistics Specialties Inc. (8)","Utah","","often","","","ISA",0,2,2,2,2,1,3,1,2,2,3,2,NA,3,NA,"",NA,"","No Help"
2342,"09/15/2024 15:15:59 (MST)","Pre",72,NA,"Logistics Specialties Inc. (8)","Utah","","","sometimes","","WSS",0,2,2,3,0,2,2,3,3,1,1,3,2,NA,NA,"",NA,"","No Help"
522,"10/27/2024 17:12:45 (MST)","Pre",18.21,79.22,"Region 1 (271)","Utah","","","","always","JOBEX",0,3,2,3,2,3,2,0,2,1,NA,NA,NA,3,NA,"3",NA,"","No Help"
1995,"08/02/2023 19:19:43 (MST)","Post",73.19,23.19,"Logistics Specialties Inc. (8)","Montana","","sometimes","","","ISA",0,3,1,2,1,1,1,3,2,3,1,NA,NA,NA,NA,"",NA,"","With Help"
406,"04/28/2025 20:03:07 (MST)","Pre",54.14,NA,"North Sanpete School District (24)","Montana","","","rarely","","JOBEX",0,1,2,2,1,2,2,2,0,3,3,NA,3,NA,NA,"",1,"","No Help"
2342,"08/27/2024 14:04:19 (MST)","Post",85.1,NA,"Logistics Specialties Inc. (8)","Utah","","sometimes","","","WBLE",0,1,2,1,2,3,2,1,1,1,2,NA,NA,NA,2,"",NA,"","No Help"
2132,"01/12/2024 13:11:33 (MST)","Pre",47,NA,"Columbus Community Center (9)","Utah","specialized","","","sometimes","FL",0,3,3,1,1,2,3,1,0,1,3,NA,NA,NA,2,"",NA,"","No Help"
2203,"07/17/2022 02:35:00 (MST)","Pre",74.78,NA,"Region 1 (271)","Utah","","","","","WSS",0,3,2,2,2,2,0,1,1,3,2,NA,NA,NA,1,"",1,"","No Help"
858,"09/29/2024 14:34:22 (MST)","Pre",77,NA,"Columbus Community Center (9)","Oklahoma","general","","rarely","","WBLE",0,3,3,1,3,3,0,2,1,NA,2,NA,NA,NA,NA,"1",NA,"",""
1359,"11/06/2023 23:49:28 (MST)","Pre",77,0.33,"Logistics Specialties Inc. (8)","Utah","general","","","","QWEX",0,0,3,3,3,1,2,2,2,2,1,1,2,NA,NA,"",NA,"","No Help"
2298,"07/13/2024 15:25:59 (MST)","Pre",42.45,23.67,"Region 1 (271)","Demo","","","","","ISA",0,3,1,3,1,3,0,2,0,3,3,0,NA,1,1,"",NA,"","With Help"
1103,"07/23/2024 17:07:33 (MST)","Pre",76.17,NA,"Columbus Community Center (9)","Montana","","","","","JOBEX",0,2,3,0,3,2,3,2,0,2,1,NA,3,NA,3,"",NA,"","No Help"
2126,"05/05/2025 11:55:47 (MST)","Pre",70.33,NA,"Turn Community Services (29)","Utah","specialized","","","","ISA",0,3,1,3,2,0,1,2,2,3,NA,NA,NA,1,NA,"3",NA,"",""
185,"10/14/2023 14:12:17 (MST)","Post",34.04,NA,"Region 1 (271)","Utah","","","","","WBLE",0,2,3,3,1,2,3,2,3,NA,NA,NA,2,NA,NA,"",NA,"","No Help"
1354,"10/13/2024 12:01:43 (MST)","Post",70.33,5.89,"Lockwood School Dist. / County of Yellowstone Dist. #26 (182)","Utah","","","","","CPSO",0,1,2,1,3,3,2,3,3,NA,2,3,NA,NA,2,"",NA,"","No Help"
1103,"05/26/2024 16:34:01 (MST)","Pre",41.44,26.17,"Community Options (82)","Utah","","","sometimes","","CSS",0,2,2,2,2,3,1,2,3,2,1,3,NA,NA,1,"",NA,"","No Help"
687,"05/28/2023 15:51:03 (MST)","Post",30.33,NA,"North Sanpete School District (24)","Utah","","","","","CPSO",0,1,3,2,3,1,1,1,1,1,2,NA,NA,NA,NA,"",NA,"",""
2141,"11/23/2024 10:45:47 (MST)","Pre",57,NA,"Yellowstone Academy (214)","Utah","","","","often","JS",0,1,3,2,1,2,2,3,3,NA,2,NA,NA,NA,NA,"",NA,"",""
2157,"11/23/2024 12:23:52 (MST)","Pre",51.76,NA,"Roads to Independence (26)","Utah","general","","","","FL",0,3,2,3,2,3,3,2,2,NA,NA,1,3,NA,NA,"",NA,"",""
1369,"02/13/2023 17:06:32 (MST)","Pre",61.44,NA,"Logistics Specialties Inc. (8)","Utah","","sometimes","","","WBLE",0,3,3,1,2,3,1,3,2,1,3,NA,NA,10,2,"",NA,"",""
1896,"07/01/2022 05:26:09 (MST)","Pre",83.67,NA,"Roads to Independence (26)","Oklahoma","","sometimes","","","JOBEX",0,1,2,3,3,2,2,3,1,2,1,NA,NA,NA,NA,"",NA,"","No Help"
1374,"06/27/2023 20:07:59 (MST)","Pre",65.89,-13,"Logistics Specialties Inc. (8)","Utah","","","","","JS",0,2,2,2,1,0,2,1,2,1,2,2,NA,10,NA,"2",NA,"","No Help"
1182,"11/10/2024 15:12:49 (MST)","Post",93.3,NA,"North Sanpete School District (24)","Utah","","","","","ISA",0,3,3,1,3,3,2,2,2,3,3,NA,3,1,2,"",NA,"","With Help"
205,"05/23/2025 15:39:06 (MST)","Pre",5.89,NA,"Logistics Specialties Inc. (8)","Utah","","sometimes","rarely","always","WBLE",0,2,3,2,0,3,3,2,2,2,2,NA,3,NA,1,"",NA,"","With Help"
794,"02/22/2025 14:43:28 (MST)","Pre",97,-15.5,"Logistics Specialties Inc. (8)","Utah","specialized","rarely","","","FL",0,2,3,2,1,3,2,1,2,3,3,0,NA,NA,NA,"",NA,"","No Help"
1771,"11/26/2023 16:35:29 (MST)","Pre",83.67,3.67,"Logistics Specialties Inc. (8)","Utah","","sometimes","","sometimes","ISA",0,1,1,1,2,1,2,2,3,3,1,NA,NA,NA,1,"",NA,"","No Help"
2141,"03/10/2024 14:32:19 (MST)","Post",33.36,NA,"Logistics Specialties Inc. (8)","Utah","general","","","often","ISA",0,3,1,3,3,1,3,3,3,3,0,NA,2,NA,NA,"",NA,"","No Help"
1535,"07/24/2023 01:44:01 (MST)","Pre",92.24,19.22,"Logistics Specialties Inc. (8)","Oklahoma","","rarely","","","QWEX",0,0,2,1,3,2,3,2,2,2,NA,3,NA,NA,NA,"",NA,"","No Help"
807,"02/07/2025 11:20:02 (MST)","Post",68.43,-20.78,"Montana School for the Deaf & Blind (32)","Utah","","","","always","JS",0,3,3,3,2,2,3,3,3,1,2,1,NA,NA,1,"",NA,"","No Help"
2276,"01/13/2024 16:02:04 (MST)","Post",66.7,NA,"Spectrum Academy (28)","Utah","","","","","WBLE",0,2,3,3,1,1,1,3,2,0,NA,0,NA,NA,NA,"",NA,"","No Help"
384,"08/13/2023 16:29:34 (MST)","Pre",50.33,NA,"OU Northeast (54)","Utah","","","","","WBLE",0,3,3,3,3,1,1,3,1,NA,NA,2,NA,NA,3,"",NA,"","No Help"
2268,"10/29/2024 11:20:38 (MST)","Pre",63.67,NA,"Logistics Specialties Inc. (8)","Utah","general","","","","CSS",0,3,1,3,3,3,2,1,3,1,2,NA,NA,NA,NA,"",NA,"",""
681,"01/30/2024 11:57:15 (MST)","Post",34.04,NA,"Turn Community Services (29)","Utah","","","","always","ISA",0,2,2,0,2,2,1,3,2,3,1,NA,NA,2,NA,"",NA,"","No Help"
2164,"01/12/2024 13:05:41 (MST)","Post",54.58,NA,"OU Northeast (54)","Utah","specialized","","","never","FL",0,1,2,3,1,1,3,2,1,NA,3,2,0,1,NA,"",NA,"",""
978,"06/12/2023 23:56:13 (MST)","Pre",75.57,NA,"Turn Community Services (29)","Utah","general","sometimes","","","CSS",0,2,3,0,3,3,1,2,0,1,3,1,NA,2,NA,"1",NA,"","No Help"
267,"05/03/2025 11:34:34 (MST)","Pre",92.24,NA,"Logistics Specialties Inc. (8)","Utah","","","sometimes","","CPSO",0,2,3,2,2,3,0,3,1,3,3,NA,NA,NA,2,"",NA,"","No Help"
794,"03/21/2023 05:37:00 (MST)","Pre",92.24,NA,"Spectrum Academy (28)","Utah","","","","","WBLE",0,3,2,3,1,1,3,2,1,0,1,NA,NA,NA,NA,"",NA,"","No Help"
873,"09/30/2024 13:02:35 (MST)","Pre",52.56,-36.33,"Utah State University (59)","Oklahoma","","","","never","CPSO",0,1,2,0,3,2,3,3,2,2,3,NA,NA,2,NA,"",NA,"","With Help"
2073,"02/07/2023 10:15:01 (MST)","Pre",67.37,NA,"Logistics Specialties Inc. (8)","Utah","","","","always","CSS",0,3,2,2,2,3,2,1,1,3,NA,NA,NA,1,NA,"",NA,"","With Help"
2388,"08/18/2024 15:14:56 (MST)","Post",41.44,-3,"Logistics Specialties Inc. (8)","Utah","","","","","JOBEX",0,1,1,0,3,0,2,1,2,NA,1,NA,NA,NA,NA,"",NA,"","No Help"
1744,"10/26/2024 19:49:14 (MST)","Pre",40.33,NA,"Logistics Specialties Inc. (8)","Utah","general","","","","ILOM",0,2,3,1,3,3,1,3,3,2,3,3,3,NA,NA,"1",NA,"","With Help"
858,"02/10/2025 13:05:54 (MST)","Post",80.33,NA,"Logistics Specialties Inc. (8)","Oklahoma","","","rarely","sometimes","WSS",0,3,0,2,3,3,1,1,3,1,NA,3,NA,3,NA,"",NA,"","No Help"
980,"12/21/2024 10:47:00 (MST)","Post",65.89,17,"Turn Community Services (29)","Utah","specialized","often","","","CPSO",1,2,3,1,2,2,1,2,2,2,1,NA,NA,NA,NA,"",NA,"","No Help"
274,"08/30/2022 04:26:40 (MST)","Post",67.83,33.67,"Logistics Specialties Inc. (8)","Utah","","","","always","ILOM",0,3,2,3,0,3,2,1,NA,NA,2,3,NA,0,1,"",NA,"","No Help"
2157,"02/28/2023 12:17:21 (MST)","Pre",92.83,NA,"Logistics Specialties Inc. (8)","Utah","general","","","often","JS",0,3,2,2,1,3,3,1,3,3,3,3,NA,3,3,"",NA,"",""
699,"01/09/2024 16:44:17 (MST)","Pre",60.64,NA,"Logistics Specialties Inc. (8)","Utah","","","rarely","","JS",0,1,1,2,3,2,3,3,3,0,NA,NA,NA,NA,NA,"",NA,"","No Help"
593,"04/13/2024 14:56:43 (MST)","Post",67.37,NA,"Turn Community Services (29)","Utah","","","","","ISA",0,2,2,1,2,3,2,2,2,1,3,NA,1,2,NA,"3",NA,"","With Help"
593,"11/03/2024 12:06:15 (MST)","Pre",73.67,NA,"Logistics Specialties Inc. (8)","Utah","","sometimes","","","CPSO",0,3,2,0,1,2,1,1,3,3,NA,NA,NA,3,NA,"",NA,"","No Help"
1354,"08/31/2024 13:38:18 (MST)","Post",77.56,NA,"Logistics Specialties Inc. (8)","Utah","","","never","","JS",0,2,1,1,3,1,1,1,3,1,2,NA,NA,1,NA,"",NA,"",""
2533,"06/15/2024 14:22:02 (MST)","Pre",15.52,NA,"Logistics Specialties Inc. (8)","Utah","general","","rarely","","WBLE",0,2,3,2,2,0,1,2,2,2,NA,NA,NA,3,3,"",NA,"","No Help"
2557,"06/13/2025 14:14:07 (MST)","Post",92.24,NA,"University of Oklahoma (50)","Demo","","","never","","ISA",0,2,3,2,3,3,2,2,1,1,NA,NA,NA,NA,NA,"",NA,"","With Help"
187,"10/07/2022 05:41:00 (MST)","Post",38.67,12.56,"Logistics Specialties Inc. (8)","Utah","general","","","always","FL",0,1,1,2,2,3,0,2,2,1,0,NA,NA,NA,NA,"",NA,"","No Help"
1820,"06/18/2022 07:43:03 (MST)","Pre",73.67,NA,"Logistics Specialties Inc. (8)","Utah","","","","rarely","CPSO",0,1,2,3,3,3,2,2,2,NA,NA,NA,NA,5,2,"3",NA,"","With Help"
1995,"08/30/2022 03:15:02 (MST)","Pre",72,NA,"Logistics Specialties Inc. (8)","Utah","general","","","sometimes","JOBEX",0,3,1,2,3,0,1,2,2,2,3,NA,3,3,NA,"0",NA,"","No Help"
248,"07/04/2023 15:53:55 (MST)","Pre",63.67,37,"Logistics Specialties Inc. (8)","Utah","","","","always","JS",0,3,2,3,2,2,0,2,2,1,3,NA,2,NA,NA,"3",NA,"","No Help"
1501,"08/13/2024 14:00:25 (MST)","Pre",60.64,23.67,"Logistics Specialties Inc. (8)","Oklahoma","","","rarely","never","ISA",0,3,2,2,0,1,1,1,3,2,3,0,NA,NA,1,"",NA,"","No Help"
2334,"11/11/2024 16:56:44 (MST)","Pre",71.07,40.33,"Turn Community Services (29)","Utah","","","","","ISA",0,1,2,2,0,0,0,2,1,1,3,NA,2,NA,NA,"",NA,"","Observer"
2387,"02/07/2023 04:10:00 (MST)","Post",52.56,45.89,"Logistics Specialties Inc. (8)","Utah","general","","","always","ILOM",0,3,0,2,1,1,2,3,1,2,NA,NA,NA,NA,NA,"",NA,"","No Help"
873,"03/22/2025 12:01:01 (MST)","Post",27.95,NA,"Roads to Independence (26)","Utah","general","","","never","CPSO",0,2,3,2,3,0,0,3,2,2,3,NA,NA,NA,1,"",1,"","No Help"
2403,"11/22/2024 15:07:43 (MST)","Pre",45.89,NA,"Logistics Specialties Inc. (8)","Utah","","often","","","WSS",0,2,1,3,0,1,3,2,1,2,0,NA,2,NA,NA,"",NA,"","No Help"
742,"10/20/2024 09:48:00 (MST)","Post",66.7,NA,"Columbus Community Center (9)","Utah","specialized","sometimes","","sometimes","JS",0,2,0,3,1,0,0,0,0,3,1,NA,NA,NA,NA,"",NA,"","No Help"
1775,"11/19/2024 10:35:36 (MST)","Pre",66.05,-3,"Logistics Specialties Inc. (8)","Utah","","","","sometimes","FL",1,1,1,3,2,2,2,2,1,3,NA,2,NA,NA,NA,"",1,"","With Help"
185,"06/23/2024 11:18:06 (MST)","Pre",42.83,50.34,"Logistics Specialties Inc. (8)","Utah","","","sometimes","","FL",0,2,1,1,3,2,2,2,2,1,NA,NA,NA,6,NA,"",NA,"","No Help"
2109,"08/22/2022 05:41:16 (MST)","Post",59.5,NA,"Logistics Specialties Inc. (8)","Utah","general","","","","CSS",0,2,1,2,1,1,2,2,1,3,2,NA,3,NA,NA,"",NA,"","No Help"
1556,"06/13/2025 14:12:32 (MST)","Pre",63.67,45.15,"Roads to Independence (26)","Utah","","","rarely","","JOBEX",0,2,2,3,2,2,2,2,1,1,3,NA,NA,2,NA,"",NA,"","With Help"
1362,"03/10/2024 20:44:24 (MST)","Post",72,NA,"Logistics Specialties Inc. (8)","Utah","","","rarely","","WSS",0,3,3,1,3,3,3,2,1,2,3,NA,2,2,NA,"",NA,"","No Help"
1190,"10/15/2024 18:19:12 (MST)","Post",51.17,NA,"Logistics Specialties Inc. (8)","Utah","","","rarely","often","JS",0,3,3,3,2,2,3,3,1,1,NA,NA,NA,NA,NA,"",NA,"","No Help"
267,"10/10/2023 10:40:50 (MST)","Post",58.9,NA,"Roads to Independence (26)","Utah","","often","","","WSS",0,3,2,2,2,1,2,3,3,1,NA,0,NA,3,NA,"0",NA,"","No Help"
1800,"03/20/2023 17:53:54 (MST)","Pre",39.22,23.67,"Logistics Specialties Inc. (8)","Utah","","","rarely","","ISA",0,2,3,1,3,2,2,2,2,2,3,3,NA,NA,NA,"",NA,"","No Help"
1702,"07/08/2023 17:41:29 (MST)","Pre",63.67,NA,"Southern Utah University (27)","Utah","","","","","ILOM",0,2,3,1,2,1,1,1,1,3,0,NA,NA,3,NA,"1",NA,"","No Help"
1393,"02/05/2024 14:12:44 (MST)","Pre",67.83,NA,"Region 1 (271)","Utah","","","","","FL",0,1,3,2,3,1,3,3,1,NA,3,2,NA,3,1,"",NA,"","With Help"
262,"02/10/2023 09:00:27 (MST)","Post",65.89,NA,"Columbus Community Center (9)","Utah","","","rarely","always","ISA",0,1,2,2,2,3,2,3,NA,3,3,NA,3,NA,NA,"",NA,"","No Help"
1210,"06/19/2022 00:48:00 (MST)","Post",42.24,NA,"Turn Community Services (29)","Utah","general","","rarely","","CSS",0,3,2,1,3,2,3,2,3,3,NA,2,NA,NA,NA,"",NA,"","With Help"
2161,"03/12/2023 08:09:29 (MST)","Pre",48.85,NA,"Logistics Specialties Inc. (8)","Utah","","","","","CSS",0,3,2,1,3,2,3,1,2,0,NA,NA,NA,NA,2,"3",NA,"",""
891,"11/27/2022 02:08:00 (MST)","Post",56.26,NA,"A2Demo (21)","Utah","","","rarely","","WBLE",0,3,3,3,3,3,2,3,1,3,NA,NA,NA,2,NA,"1",NA,"","With Help"
641,"06/03/2023 11:57:22 (MST)","Pre",66.7,20.81,"Logistics Specialties Inc. (8)","Oklahoma","","","never","","WSS",0,1,3,1,0,2,2,2,3,2,NA,NA,NA,NA,NA,"",NA,"","With Help"
1393,"09/03/2023 15:50:26 (MST)","Post",51.17,NA,"Logistics Specialties Inc. (8)","Utah","","sometimes","","","JOBEX",0,3,2,0,3,3,3,2,3,2,NA,NA,NA,NA,NA,"2",NA,"",""
1501,"10/14/2024 15:26:08 (MST)","Post",52.56,17.83,"Meta Mindful (83)","Oklahoma","","","","always","WBLE",0,2,3,3,2,3,3,1,0,1,NA,NA,NA,NA,NA,"",NA,"","No Help"
2387,"04/19/2022 10:02:11 (MST)","Post",41.44,NA,"Logistics Specialties Inc. (8)","Utah","general","","","never","JS",0,3,1,3,2,3,3,3,3,2,NA,NA,NA,NA,NA,"",NA,"","No Help"
1535,"05/24/2024 16:20:44 (MST)","Post",80.33,NA,"Spectrum Academy (28)","Utah","general","","","","CSS",0,1,2,2,3,2,2,3,1,2,2,3,NA,NA,NA,"",1,"","No Help"
1864,"03/14/2025 14:53:44 (MST)","Pre",63.67,NA,"Logistics Specialties Inc. (8)","Utah","specialized","","","","ISA",0,2,2,2,3,3,2,3,2,3,2,2,3,NA,0,"",NA,"","No Help"
1128,"04/25/2025 15:10:23 (MST)","Post",83.67,40.33,"Turn Community Services (29)","Utah","","often","","","FL",0,3,2,2,2,1,2,3,1,3,3,NA,NA,NA,1,"1",NA,"",""
2388,"07/30/2024 12:43:05 (MST)","Pre",78.48,NA,"Roads to Independence (26)","Utah","general","","rarely","","JOBEX",0,3,2,0,1,1,2,3,2,NA,NA,NA,NA,NA,3,"",NA,"","No Help"
2532,"07/30/2024 15:29:51 (MST)","Pre",45.15,11.29,"Weber State University (61)","Utah","general","always","","often","WSS",0,3,1,2,3,3,2,3,3,NA,3,NA,NA,NA,2,"",NA,"","No Help"
593,"07/08/2022 06:19:44 (MST)","Pre",71.07,NA,"Southern Utah University (27)","Utah","specialized","","","","ILOM",0,3,1,1,3,1,0,2,3,3,2,NA,1,3,NA,"",NA,"","With Help"
978,"04/19/2025 13:01:19 (MST)","Pre",54.78,35.1,"Logistics Specialties Inc. (8)","Wyoming","","","","","JOBEX",0,2,3,2,1,1,2,2,1,0,2,3,NA,NA,NA,"",NA,"","No Help"
331,"11/10/2024 12:51:47 (MST)","Post",66.05,NA,"Utah State Office of Rehabilitation (USOR) (30)","Utah","","","","","CPSO",0,2,1,2,2,2,1,2,0,3,NA,0,NA,NA,NA,"",NA,"","No Help"
1169,"06/09/2023 15:03:36 (MST)","Pre",34.04,NA,"Roads to Independence (26)","Utah","","always","","","ISA",0,2,2,3,2,2,2,3,2,2,NA,NA,NA,NA,NA,"",NA,"","With Help"
2276,"05/05/2025 11:53:41 (MST)","Pre",63.67,NA,"Logistics Specialties Inc. (8)","Utah","general","","","","WSS",0,2,3,2,2,1,2,3,2,2,3,2,NA,NA,NA,"",NA,"","No Help"
311,"02/18/2023 09:35:00 (MST)","Pre",67,20.8,"Logistics Specialties Inc. (8)","Utah","","never","","","FL",0,2,2,1,3,1,3,2,3,2,NA,NA,2,10,1,"",NA,"","No Help"
668,"07/18/2023 17:36:26 (MST)","Pre",92.83,70.33,"Logistics Specialties Inc. (8)","Utah","","","","","CPSO",0,3,2,3,1,1,0,0,1,3,1,3,NA,3,NA,"",NA,"",""
2121,"07/12/2024 14:23:00 (MST)","Pre",34.78,NA,"Central Technology Center (Central Tech) (56)","Utah","specialized","","rarely","","ISA",0,2,1,1,2,3,2,1,1,1,1,NA,3,3,NA,"",NA,"",""
1625,"01/28/2023 08:59:03 (MST)","Pre",94.62,NA,"Central Technology Center (Central Tech) (56)","Utah","","always","rarely","sometimes","CPSO",0,3,1,0,1,3,2,2,2,1,1,1,NA,3,1,"",NA,"","No Help"
860,"09/20/2024 12:47:46 (MST)","Post",70.33,NA,"Logistics Specialties Inc. (8)","Utah","general","","","","JOBEX",0,3,2,2,0,3,2,1,3,1,2,NA,3,3,NA,"",NA,"","No Help"
873,"02/18/2025 10:23:12 (MST)","Post",50.33,17,"Logistics Specialties Inc. (8)","Utah","","","","","FL",0,3,1,2,1,1,3,2,2,2,NA,2,NA,NA,2,"",NA,"","No Help"
722,"10/05/2024 15:17:57 (MST)","Pre",52.56,-17.28,"Roads to Independence (26)","Utah","specialized","","","","CPSO",0,2,2,3,2,3,2,3,3,2,3,NA,2,2,2,"",NA,"","No Help"
1775,"12/30/2024 13:17:32 (MST)","Pre",85.89,13.66,"Logistics Specialties Inc. (8)","Utah","","","","","JS",0,2,2,3,0,3,0,3,3,1,0,NA,1,NA,NA,"",NA,"","No Help"
88,"09/07/2024 16:15:34 (MST)","Pre",82.19,59.97,"Logistics Specialties Inc. (8)","Utah","","","","always","CSS",0,3,3,2,0,0,2,1,0,1,0,NA,2,2,3,"",NA,"",""
1369,"01/13/2024 16:06:38 (MST)","Post",74.78,NA,"Logistics Specialties Inc. (8)","Utah","specialized","","","","JOBEX",0,1,1,1,3,0,3,2,3,3,1,NA,0,3,2,"",NA,"",""
1775,"01/22/2023 11:27:12 (MST)","Post",60.64,NA,"Logistics Specialties Inc. (8)","Utah","","","","","CSS",0,1,2,1,3,2,3,1,3,2,1,NA,3,NA,NA,"",NA,"",""
1333,"04/26/2025 15:32:20 (MST)","Post",51.17,11.29,"Logistics Specialties Inc. (8)","Utah","","","rarely","","FL",0,3,2,1,1,1,2,2,3,3,2,2,NA,2,NA,"2",NA,"",""
1210,"11/29/2024 10:42:58 (MST)","Pre",82.19,NA,"Columbus Community Center (9)","Utah","","","never","rarely","FL",0,2,2,3,2,3,2,3,1,2,NA,NA,NA,NA,NA,"",1,"","No Help"
2264,"04/01/2022 08:32:23 (MST)","Post",84.88,NA,"Spectrum Academy (28)","Utah","","often","rarely","","ISA",0,3,3,1,2,2,2,3,2,3,2,NA,3,NA,NA,"",NA,"","Observer"
398,"03/18/2024 15:59:49 (MST)","Pre",48.11,NA,"Logistics Specialties Inc. (8)","Utah","","sometimes","","","WSS",0,3,0,3,2,3,2,3,3,3,NA,NA,NA,NA,NA,"",NA,"","No Help"
1156,"05/07/2022 09:40:42 (MST)","Post",68.43,NA,"Logistics Specialties Inc. (8)","Utah","general","","","","WSS",0,3,3,2,3,2,3,2,2,NA,2,NA,NA,1,2,"",NA,"",""
2064,"10/15/2024 18:17:34 (MST)","Pre",39.86,34.5,"North Sanpete School District (24)","Utah","","often","","","ILOM",0,2,2,2,2,1,2,1,2,1,2,NA,1,NA,2,"",NA,"","No Help"
2514,"05/23/2024 22:13:04 (MST)","Pre",71.07,NA,"Logistics Specialties Inc. (8)","Utah","","always","","","FL",0,3,1,0,1,2,1,1,1,2,1,NA,NA,NA,NA,"",NA,"","No Help"
1626,"09/28/2024 12:20:35 (MST)","Post",30.33,NA,"Community Options (82)","Utah","","rarely","rarely","rarely","CPSO",0,2,3,1,3,1,1,1,2,1,NA,NA,NA,NA,NA,"",NA,"","No Help"
1916,"11/08/2024 11:09:58 (MST)","Pre",52.56,5.34,"North Sanpete School District (24)","Utah","","","","","JS",0,2,1,3,1,1,2,1,3,1,NA,NA,NA,NA,NA,"",NA,"","No Help"
2352,"03/21/2023 11:25:26 (MST)","Pre",60.33,20.33,"Logistics Specialties Inc. (8)","Utah","","","","","JOBEX",0,2,0,3,3,0,2,3,3,1,2,3,NA,NA,NA,"",NA,"",""
1458,"06/22/2024 09:16:16 (MST)","Post",59.5,34.04,"Logistics Specialties Inc. (8)","Wyoming","","","","","FL",0,2,3,2,2,1,3,2,3,NA,3,3,NA,NA,NA,"",NA,"",""
794,"11/21/2024 21:24:17 (MST)","Pre",67,NA,"Southern Utah University (27)","Utah","","","","","ISA",0,3,3,2,1,1,0,3,2,0,NA,2,0,NA,NA,"",NA,"",""
2129,"12/04/2022 09:13:58 (MST)","Pre",89.86,NA,"Turn Community Services (29)","Utah","general","","rarely","","JOBEX",0,0,2,2,1,3,3,2,3,3,NA,3,NA,NA,3,"",NA,"","No Help"
602,"11/08/2024 13:12:14 (MST)","Pre",70.33,37.74,"Central Technology Center (Central Tech) (56)","Montana","","","","","JS",0,2,3,1,3,3,2,3,2,2,3,NA,3,3,3,"",NA,"","No Help"
2514,"06/23/2023 14:27:45 (MST)","Pre",70.33,NA,"Southern Utah University (27)","Utah","","","rarely","sometimes","CPSO",0,1,1,3,2,0,2,2,2,2,1,NA,NA,3,NA,"",NA,"","With Help"
2495,"04/28/2025 23:01:42 (MST)","Pre",87.48,-19.66,"Hamilton School Dist. #3 (170)","Utah","","","","always","JS",0,3,2,2,2,2,2,3,1,1,NA,NA,NA,8,NA,"",NA,"",""
512,"06/07/2022 00:01:00 (MST)","Pre",37.74,NA,"Logistics Specialties Inc. (8)","Utah","","often","","","ISA",0,2,2,3,2,2,2,2,3,1,2,NA,NA,NA,NA,"",NA,"",""
1501,"11/04/2024 12:32:23 (MST)","Pre",67.83,NA,"Logistics Specialties Inc. (8)","Utah","","","","","JOBEX",0,2,1,1,2,3,2,1,3,2,3,NA,NA,1,NA,"",NA,"",""
508,"09/25/2022 12:56:54 (MST)","Post",59.96,NA,"Utah State University (59)","Wyoming","","","","always","CPSO",0,3,2,2,3,1,0,3,2,1,1,3,NA,NA,0,"",NA,"","No Help"
248,"02/22/2025 12:14:58 (MST)","Pre",59.96,NA,"OU Northeast (54)","Utah","","","","","JOBEX",0,3,1,0,2,2,2,2,3,1,NA,NA,NA,NA,NA,"",NA,"","No Help"
2073,"06/09/2023 13:45:06 (MST)","Pre",63.67,20.81,"A2Demo (21)","Utah","","","","","ISA",0,3,0,0,3,1,2,0,2,2,1,3,NA,0,NA,"",NA,"","No Help"
1855,"10/07/2022 01:55:00 (MST)","Pre",34.04,NA,"Logistics Specialties Inc. (8)","Utah","","","","","ISA",0,3,2,2,3,0,2,2,1,3,2,NA,1,NA,NA,"",NA,"","With Help"
2035,"06/18/2023 11:31:04 (MST)","Pre",92.24,NA,"Logistics Specialties Inc. (8)","Wyoming","","often","","","CPSO",0,2,2,3,3,1,2,2,3,1,2,0,NA,NA,NA,"",NA,"","With Help"
1359,"07/08/2022 00:09:00 (MST)","Pre",94.22,NA,"Logistics Specialties Inc. (8)","Utah","general","","","never","ISA",0,2,3,3,3,1,3,0,3,3,NA,NA,3,NA,2,"",NA,"","No Help"
1239,"02/11/2025 16:15:42 (MST)","Post",80.33,NA,"Columbus Community Center (9)","Utah","","often","","always","JS",0,1,2,2,1,2,2,3,3,1,2,NA,NA,3,NA,"",NA,"","With Help"
1169,"11/26/2023 16:55:59 (MST)","Post",83.67,-6.71,"Logistics Specialties Inc. (8)","Montana","general","","","","WBLE",0,1,1,3,3,3,3,1,1,1,NA,NA,NA,3,2,"",NA,"","Observer"
1109,"01/07/2023 07:11:35 (MST)","Post",57,NA,"Logistics Specialties Inc. (8)","Utah","specialized","","","","CPSO",0,2,3,0,1,3,3,2,0,1,2,NA,1,NA,1,"",NA,"","No Help"
2379,"03/18/2023 05:08:18 (MST)","Pre",97,NA,"Logistics Specialties Inc. (8)","Utah","general","","rarely","","CSS",0,2,3,3,2,2,1,3,1,1,2,NA,0,NA,1,"3",NA,"","With Help"
1393,"12/05/2023 14:55:43 (MST)","Post",39.22,NA,"Logistics Specialties Inc. (8)","Utah","specialized","rarely","","","ILOM",0,3,1,3,3,1,1,3,1,3,1,1,NA,NA,NA,"",NA,"",""
1641,"03/22/2025 12:50:22 (MST)","Pre",21.44,NA,"Logistics Specialties Inc. (8)","Utah","","","","","JS",0,2,2,1,1,1,2,3,NA,2,3,NA,NA,NA,0,"",NA,"","No Help"
2473,"07/22/2024 11:15:34 (MST)","Pre",73.67,NA,"Spectrum Academy (28)","Oklahoma","","never","","","FL",0,2,2,3,1,3,0,2,3,3,2,2,NA,NA,NA,"",NA,"","No Help"
2218,"04/27/2025 14:11:12 (MST)","Pre",93.67,NA,"Region 1 (271)","Utah","","always","","","CSS",0,3,3,0,1,2,3,2,1,3,NA,2,NA,NA,3,"",NA,"","With Help"
891,"06/27/2023 13:49:46 (MST)","Post",51.17,19.22,"Turn Community Services (29)","Utah","","","","","WBLE",0,2,3,3,1,1,3,2,3,NA,3,NA,2,NA,NA,"",NA,"","No Help"
234,"07/01/2022 05:25:17 (MST)","Pre",26.17,11.82,"Region 1 (271)","Utah","specialized","","","","QWEX",0,3,3,2,0,3,3,2,3,3,0,3,NA,NA,NA,"$ 15.00",NA,"","No Help"
2397,"10/09/2023 10:18:19 (MST)","Post",51.17,-11.33,"Logistics Specialties Inc. (8)","Utah","general","","sometimes","","JOBEX",0,2,2,0,3,1,1,1,3,1,NA,3,NA,NA,NA,"",NA,"","No Help"
2267,"10/24/2022 11:16:24 (MST)","Pre",63.67,NA,"Turn Community Services (29)","Utah","","","","always","WBLE",0,2,1,0,1,3,1,3,3,0,3,NA,NA,NA,NA,"",NA,"","No Help"
2391,"10/14/2023 13:49:51 (MST)","Pre",72.76,NA,"Turn Community Services (29)","Utah","","","often","","JS",0,2,1,3,2,3,2,3,3,2,2,3,NA,NA,NA,"",NA,"",""
2129,"06/12/2023 16:51:32 (MST)","Pre",76.17,6.53,"Logistics Specialties Inc. (8)","Montana","","","","always","CSS",0,1,2,3,1,2,3,2,0,1,2,NA,NA,3,NA,"",NA,"","No Help"
1501,"02/07/2025 11:34:05 (MST)","Pre",56.26,NA,"Spectrum Academy (28)","Utah","","","","","ILOM",0,1,2,0,3,3,1,0,3,1,NA,2,3,NA,NA,"",NA,"","No Help"
759,"12/03/2024 11:21:35 (MST)","Post",68.43,NA,"Southern Utah University (27)","Utah","","","rarely","","ISA",0,2,1,2,3,0,1,2,3,2,NA,NA,NA,2,1,"",NA,"","No Help"
1625,"09/26/2022 02:52:00 (MST)","Pre",67,NA,"Logistics Specialties Inc. (8)","Utah","general","","","","ISA",0,1,3,1,3,2,1,0,3,3,2,2,3,NA,3,"",NA,"","No Help"
742,"11/11/2024 16:54:37 (MST)","Post",51.17,8.91,"Utah State University (59)","Utah","","","","","WSS",0,0,2,1,2,2,2,2,0,2,1,2,NA,NA,NA,"",NA,"","With Help"
1775,"12/01/2024 15:42:39 (MST)","Post",52.56,NA,"Columbus Community Center (9)","Utah","","","","","CPSO",0,2,1,0,2,2,2,2,2,3,NA,3,2,NA,NA,"",NA,"","With Help"
2228,"11/08/2024 11:13:48 (MST)","Pre",42.83,NA,"Logistics Specialties Inc. (8)","Utah","","","","often","JOBEX",0,1,1,2,2,2,3,3,3,2,NA,NA,NA,NA,NA,"",NA,"","No Help"
2476,"05/21/2024 18:22:47 (MST)","Post",52.56,13.67,"Logistics Specialties Inc. (8)","Oklahoma","","sometimes","never","","JS",0,3,1,3,3,2,3,2,3,NA,NA,NA,NA,3,NA,"",NA,"","No Help"
2459,"11/08/2024 11:56:42 (MST)","Post",88.11,NA,"OU Northeast (54)","Utah","","","sometimes","","WSS",0,1,2,1,3,3,3,2,3,3,NA,0,NA,10,NA,"2",NA,"","No Help"
2578,"02/06/2024 12:25:11 (MST)","Post",71.07,NA,"Logistics Specialties Inc. (8)","Utah","","often","","","ILOM",0,3,2,2,1,0,2,3,3,2,NA,NA,3,1,NA,"",NA,"","No Help"
1785,"03/28/2022 05:49:46 (MST)","Pre",55.33,NA,"Logistics Specialties Inc. (8)","Utah","specialized","often","","","JS",0,3,3,2,1,1,2,1,2,3,NA,1,NA,2,3,"",NA,"","No Help"
2305,"02/25/2025 13:19:29 (MST)","Pre",55.33,NA,"Canyons School District (10)","Utah","","","","","JS",0,2,2,3,3,1,2,3,3,2,1,3,NA,NA,NA,"",NA,"","No Help"
1138,"03/21/2025 16:10:05 (MST)","Post",77,NA,"Logistics Specialties Inc. (8)","Utah","","","","","ISA",0,1,3,3,2,2,3,2,3,3,NA,NA,3,0,NA,"",NA,"","No Help"
1096,"01/31/2025 12:46:48 (MST)","Post",50.33,27,"Roads to Independence (26)","Utah","","","","","JOBEX",0,3,1,3,3,1,3,2,2,2,NA,3,NA,3,NA,"",NA,"","No Help"
2224,"02/18/2023 12:41:08 (MST)","Post",88.67,48.85,"Turn Community Services (29)","Utah","","sometimes","","","JOBEX",0,0,3,3,2,3,1,3,2,NA,0,NA,NA,1,NA,"",NA,"","With Help"
2129,"09/16/2024 11:46:20 (MST)","Pre",63.67,-3,"Columbus Community Center (9)","Utah","specialized","","rarely","always","JS",0,2,3,0,0,3,3,1,2,NA,NA,NA,NA,8,NA,"",NA,"","No Help"
1393,"04/14/2023 09:26:43 (MST)","Pre",71.07,34.04,"Logistics Specialties Inc. (8)","Utah","","","","","WBLE",0,3,3,1,3,3,3,1,0,1,NA,NA,NA,3,1,"3",NA,"","No Help"
1140,"05/03/2025 10:25:25 (MST)","Pre",77.56,NA,"Logistics Specialties Inc. (8)","Utah","","","never","","QWEX",0,1,3,1,3,3,0,1,1,3,NA,NA,2,2,NA,"",NA,"","With Help"
1820,"06/13/2025 14:13:17 (MST)","Pre",97,22.93,"Central Technology Center (Central Tech) (56)","Utah","","","","always","WBLE",0,3,2,2,2,3,3,1,1,2,NA,2,NA,NA,2,"",NA,"","No Help"
2390,"05/30/2025 17:38:16 (MST)","Pre",50.33,NA,"Logistics Specialties Inc. (8)","Utah","","always","","sometimes","JOBEX",0,1,0,1,3,3,1,2,0,2,2,0,NA,3,NA,"",NA,"","No Help"
1343,"09/25/2023 13:10:29 (MST)","Pre",87.91,10.34,"Columbus Community Center (9)","Utah","","","","often","ISA",0,1,1,2,3,3,3,3,0,2,3,NA,NA,NA,NA,"",NA,"","No Help"
1626,"03/21/2025 18:54:02 (MST)","Pre",47,10.33,"Logistics Specialties Inc. (8)","Utah","","sometimes","","","ISA",0,1,2,3,3,1,2,2,2,3,NA,0,NA,3,3,"",NA,"","No Help"
1820,"05/23/2025 15:43:27 (MST)","Pre",37.48,NA,"North Sanpete School District (24)","Utah","general","","","always","JS",0,1,2,3,1,1,2,3,1,2,NA,2,3,3,NA,"",NA,"","No Help"
2388,"10/14/2023 13:46:53 (MST)","Pre",34.04,39.86,"Logistics Specialties Inc. (8)","Montana","","sometimes","","","WBLE",0,3,2,3,1,3,1,1,2,3,NA,2,3,NA,NA,"",NA,"","No Help"
641,"07/22/2024 11:23:50 (MST)","Post",30.33,0.33,"Logistics Specialties Inc. (8)","Utah","general","","","","ISA",0,3,3,2,2,2,3,1,3,3,2,NA,2,2,NA,"",NA,"","No Help"
871,"04/29/2023 05:48:00 (MST)","Pre",63.67,NA,"Meta Mindful (83)","Montana","general","","","sometimes","ISA",0,2,0,3,2,0,3,1,3,NA,3,2,NA,3,NA,"0",NA,"","No Help"
1535,"12/22/2024 15:49:03 (MST)","Pre",97,32.56,"Logistics Specialties Inc. (8)","Utah","","","rarely","","JOBEX",0,2,2,3,1,3,0,3,2,0,NA,NA,NA,2,NA,"",NA,"",""
2454,"10/01/2024 16:04:16 (MST)","Pre",57,-3,"Turn Community Services (29)","Oklahoma","","","","sometimes","FL",0,2,3,1,3,3,0,3,3,2,NA,NA,NA,3,NA,"",NA,"","No Help"
1329,"09/30/2023 11:12:35 (MST)","Pre",85.89,8.11,"Logistics Specialties Inc. (8)","Utah","","sometimes","","","CPSO",0,1,1,2,1,2,3,2,1,3,2,NA,NA,3,NA,"",NA,"","With Help"
593,"04/20/2025 11:25:41 (MST)","Pre",94.78,13.67,"Southern Utah University (27)","Utah","","","","","ISA",0,3,2,2,3,2,2,2,2,2,1,NA,NA,NA,NA,"",NA,"","No Help"
1901,"12/23/2024 12:38:24 (MST)","Pre",15.52,NA,"Spectrum Academy (28)","Demo","","","","","JS",0,2,2,2,3,2,1,3,2,3,NA,NA,NA,NA,NA,"",NA,"","No Help"
132,"10/14/2023 13:47:43 (MST)","Post",66.7,NA,"Community Options (82)","Utah","","often","","","WSS",0,3,3,2,2,3,2,1,3,3,3,NA,2,10,2,"",NA,"","No Help"
1109,"01/15/2024 01:40:55 (MST)","Post",43.67,33.37,"Logistics Specialties Inc. (8)","Utah","","","","","ISA",0,3,3,3,2,1,2,2,3,2,2,NA,NA,NA,NA,"",NA,"","No Help"
742,"09/30/2023 11:11:28 (MST)","Post",60.64,20.81,"Central Technology Center (Central Tech) (56)","Utah","","","","","JS",0,1,3,2,0,2,3,2,2,1,3,3,NA,NA,NA,"",NA,"","No Help"
2268,"02/11/2025 16:09:51 (MST)","Pre",65.89,NA,"Logistics Specialties Inc. (8)","Utah","","","","","JOBEX",0,3,2,1,2,0,2,2,2,0,2,0,NA,2,3,"",NA,"","No Help"
1128,"05/19/2024 19:04:26 (MST)","Pre",58.9,NA,"Logistics Specialties Inc. (8)","Utah","","","rarely","","JOBEX",0,1,2,2,2,3,1,1,0,NA,NA,NA,NA,NA,NA,"",NA,"","No Help"
1702,"07/08/2022 22:38:00 (MST)","Pre",44.62,-49.67,"Logistics Specialties Inc. (8)","Utah","","","","often","QWEX",0,2,1,0,1,3,1,0,2,NA,0,3,2,NA,NA,"",NA,"","No Help"
1518,"01/13/2023 06:35:39 (MST)","Pre",52.56,NA,"Logistics Specialties Inc. (8)","Utah","","","never","sometimes","CPSO",0,2,0,0,1,1,0,0,2,NA,NA,3,NA,NA,NA,"",NA,"","No Help"
2268,"06/23/2024 11:20:56 (MST)","Pre",69.73,NA,"Logistics Specialties Inc. (8)","Utah","","","","always","JS",0,3,0,2,1,3,3,2,2,2,3,NA,1,NA,NA,"",NA,"","No Help"
1239,"04/30/2024 23:32:39 (MST)","Pre",12.15,7,"Logistics Specialties Inc. (8)","Utah","specialized","often","","","CPSO",0,0,2,2,1,1,1,1,2,2,NA,NA,NA,3,NA,"",NA,"","No Help"
793,"04/26/2025 11:19:05 (MST)","Pre",53.67,NA,"Central Technology Center (Central Tech) (56)","Utah","","often","","","JS",0,1,3,3,0,0,3,1,3,NA,3,NA,NA,NA,NA,"",NA,"","No Help"
1120,"06/25/2024 13:07:39 (MST)","Post",67.83,NA,"Roads to Independence (26)","Demo","general","","","often","JS",0,3,1,3,3,1,1,1,3,2,NA,3,NA,1,NA,"",NA,"","No Help"
267,"06/17/2023 18:51:37 (MST)","Pre",61.44,78.49,"Turn Community Services (29)","Utah","","sometimes","","","ISA",0,2,0,1,3,3,3,3,3,NA,1,NA,NA,NA,3,"0",NA,"","No Help"
1354,"03/28/2022 05:45:53 (MST)","Pre",74.78,NA,"Turn Community Services (29)","Utah","","","","","JOBEX",0,3,3,2,0,2,2,3,2,3,1,NA,3,NA,NA,"0",NA,"","No Help"
1169,"03/03/2023 00:58:00 (MST)","Pre",97,NA,"Logistics Specialties Inc. (8)","Utah","","","","","QWEX",0,3,1,2,1,1,2,1,2,3,NA,NA,NA,3,1,"",NA,"","No Help"
687,"09/25/2022 05:39:03 (MST)","Pre",90.33,NA,"Canyons School District (10)","Utah","","","","rarely","QWEX",0,3,3,3,1,2,2,1,3,2,NA,NA,NA,8,NA,"3",NA,"",""
1128,"03/25/2023 07:54:34 (MST)","Pre",97,NA,"Central Technology Center (Central Tech) (56)","Utah","","always","","","WBLE",0,3,1,3,2,2,3,1,1,2,NA,NA,1,NA,2,"",NA,"","No Help"
512,"02/13/2023 10:34:00 (MST)","Pre",63.67,NA,"Turn Community Services (29)","Oklahoma","","","","","JOBEX",0,3,1,2,2,1,2,1,2,NA,1,3,1,NA,3,"",NA,"","No Help"
2532,"02/05/2024 12:18:57 (MST)","Pre",65.89,13.66,"Logistics Specialties Inc. (8)","Utah","","often","","always","CPSO",0,2,3,2,3,3,1,1,2,1,2,3,1,2,NA,"",NA,"","No Help"
860,"11/20/2022 08:08:20 (MST)","Post",61.29,NA,"University of Oklahoma (50)","Utah","","","","","WBLE",0,2,1,2,3,2,2,3,1,NA,2,3,NA,2,NA,"",NA,"","No Help"
1231,"02/25/2025 14:31:18 (MST)","Pre",60.64,NA,"Roads to Independence (26)","Utah","","","","","JOBEX",0,3,3,3,3,3,3,1,3,2,3,NA,2,NA,NA,"1",NA,"","No Help"
742,"04/26/2025 13:04:39 (MST)","Pre",66.05,NA,"Logistics Specialties Inc. (8)","Utah","specialized","sometimes","","never","WBLE",0,3,3,2,2,3,2,2,3,NA,1,NA,NA,1,1,"",NA,"","No Help"
2388,"02/13/2023 17:01:08 (MST)","Pre",81.44,NA,"Southern Utah University (27)","Utah","","","","","JOBEX",0,3,2,0,0,1,1,2,1,1,NA,NA,NA,NA,NA,"",NA,"","No Help"
90,"02/13/2023 11:42:36 (MST)","Pre",39.42,26.63,"Logistics Specialties Inc. (8)","Utah","","","rarely","","ISA",0,2,0,1,3,2,2,2,1,0,3,NA,NA,NA,2,"",NA,"","No Help"
742,"07/24/2023 01:12:10 (MST)","Pre",37.48,NA,"Turn Community Services (29)","Montana","general","","","","CPSO",0,1,2,2,1,3,0,1,1,2,NA,NA,NA,3,NA,"",NA,"","No Help"
2091,"05/19/2024 19:02:12 (MST)","Pre",55.33,10.33,"Columbus Community Center (9)","Utah","","","","","JS",0,0,1,1,2,1,0,1,2,2,3,3,NA,NA,NA,"",NA,"","No Help"
1556,"03/16/2025 11:53:19 (MST)","Post",53.67,NA,"Logistics Specialties Inc. (8)","Utah","","","","always","WSS",0,1,3,0,2,1,1,2,2,2,1,NA,NA,0,0,"1",NA,"","No Help"
956,"10/07/2023 22:42:00 (MST)","Post",74.78,3.67,"Logistics Specialties Inc. (8)","Utah","specialized","rarely","","","JOBEX",0,3,3,2,3,2,0,1,3,2,NA,NA,NA,NA,NA,"",NA,"","No Help"
2390,"10/27/2023 14:43:36 (MST)","Pre",67.83,NA,"Logistics Specialties Inc. (8)","Oklahoma","general","","","","ILOM",0,2,1,2,1,2,1,1,2,NA,NA,NA,3,NA,2,"",NA,"","No Help"
2264,"04/15/2023 15:56:07 (MST)","Pre",44.62,19.22,"Roads to Independence (26)","Utah","","often","","often","ISA",0,3,3,3,1,2,2,2,3,3,NA,NA,NA,NA,1,"3",NA,"","No Help"
1026,"06/01/2025 14:54:24 (MST)","Pre",43.67,4.4,"Logistics Specialties Inc. (8)","Utah","","","","","CPSO",0,3,2,3,1,3,0,3,1,3,0,1,3,NA,NA,"",NA,"","No Help"
1369,"05/04/2025 20:38:33 (MST)","Pre",89.59,NA,"Yellowstone Academy (214)","Utah","","","","","JOBEX",0,2,3,2,1,3,2,1,3,1,3,1,NA,NA,NA,"",NA,"","No Help"
2321,"12/10/2023 10:57:36 (MST)","Pre",71.07,7,"Thompson (130)","Utah","","","sometimes","never","ISA",0,1,1,2,1,2,2,1,2,3,NA,1,NA,1,NA,"",NA,"",""
69,"09/29/2024 13:11:12 (MST)","Pre",47,10.34,"North Sanpete School District (24)","Utah","","often","never","sometimes","FL",0,2,2,2,0,1,3,2,3,2,NA,NA,2,3,0,"",NA,"","No Help"
1556,"08/13/2023 16:30:33 (MST)","Pre",63.67,NA,"Logistics Specialties Inc. (8)","Utah","","sometimes","","","ILOM",0,3,1,0,2,1,2,0,2,1,NA,2,NA,2,NA,"",NA,"","No Help"
1785,"02/05/2024 14:18:31 (MST)","Pre",15.52,37.48,"Columbus Community Center (9)","Utah","","","","","ISA",0,1,1,3,1,2,2,1,2,NA,0,NA,NA,3,3,"",NA,"","No Help"
1393,"08/15/2022 05:11:50 (MST)","Pre",53.67,NA,"Yellowstone Academy (214)","Oklahoma","general","","rarely","","FL",0,3,1,2,3,3,1,2,3,3,NA,NA,NA,NA,NA,"",NA,"","No Help"
1820,"03/16/2025 11:54:33 (MST)","Post",68.43,NA,"Turn Community Services (29)","Utah","","","","","ISA",0,2,1,2,3,0,1,3,NA,2,NA,NA,3,3,3,"",NA,"","No Help"
2305,"09/09/2024 14:26:52 (MST)","Pre",70.33,-3,"Logistics Specialties Inc. (8)","Utah","general","often","","","JS",0,2,1,0,3,1,2,3,3,2,NA,NA,NA,NA,1,"3",NA,"","No Help"
2132,"03/16/2025 11:49:06 (MST)","Pre",22.93,11.81,"Logistics Specialties Inc. (8)","Utah","","sometimes","","","JOBEX",0,3,1,2,3,1,1,0,3,0,1,1,3,9,NA,"",NA,"","No Help"
88,"09/30/2023 11:10:25 (MST)","Post",47,NA,"Logistics Specialties Inc. (8)","Utah","","often","","","WBLE",0,2,2,3,3,2,1,3,3,3,NA,NA,NA,3,NA,"",NA,"","No Help"
654,"07/22/2023 19:45:03 (MST)","Pre",47,10.34,"Columbus Community Center (9)","Utah","","often","","sometimes","ISA",0,3,2,0,1,2,3,3,2,2,NA,NA,2,NA,NA,"",NA,"","No Help"
2214,"10/16/2023 13:52:10 (MST)","Pre",49.38,NA,"Logistics Specialties Inc. (8)","Utah","","often","sometimes","","QWEX",0,2,0,2,2,2,3,2,3,3,NA,0,2,NA,NA,"",NA,"","With Help"
1354,"12/07/2024 21:43:08 (MST)","Post",63.67,NA,"Logistics Specialties Inc. (8)","Utah","general","","never","","CPSO",0,2,0,3,2,3,2,3,2,0,NA,NA,1,NA,NA,"",NA,"",""
978,"10/18/2024 12:54:20 (MST)","Pre",17,37.74,"Logistics Specialties Inc. (8)","Utah","","never","rarely","sometimes","ILOM",0,3,2,2,3,3,2,1,2,3,1,3,NA,3,NA,"2",NA,"","No Help"
1084,"01/31/2025 12:41:11 (MST)","Pre",76.17,19.22,"Logistics Specialties Inc. (8)","Utah","","rarely","never","","JOBEX",0,1,2,2,0,0,3,3,2,2,1,0,NA,NA,2,"",NA,"","No Help"
2305,"02/26/2023 03:10:00 (MST)","Pre",59.96,NA,"Logistics Specialties Inc. (8)","Montana","","","rarely","","CPSO",1,2,2,3,2,1,3,2,1,NA,3,1,NA,NA,NA,"2",NA,"","No Help"
1103,"02/11/2025 16:13:41 (MST)","Post",44.62,NA,"Logistics Specialties Inc. (8)","Utah","general","","","","ISA",0,0,3,2,2,2,1,0,1,1,3,NA,3,NA,NA,"",NA,"","No Help"
1518,"05/23/2025 15:49:40 (MST)","Post",89.59,5.88,"Turn Community Services (29)","Utah","general","","never","sometimes","CPSO",0,1,3,0,2,1,3,1,1,0,0,NA,3,NA,NA,"",NA,"","No Help"
980,"02/02/2025 13:47:13 (MST)","Pre",55.33,-3,"Turn Community Services (29)","Utah","","","","","FL",0,1,1,1,2,3,1,2,1,2,0,2,NA,NA,NA,"",1,"","No Help"
1626,"06/22/2023 22:22:28 (MST)","Pre",82.19,NA,"Logistics Specialties Inc. (8)","Oklahoma","","","","often","CSS",0,2,3,3,2,3,0,1,2,3,NA,NA,NA,NA,0,"",NA,"","No Help"
406,"07/22/2023 19:52:43 (MST)","Post",47,NA,"Linderman Education Center (224)","Utah","general","sometimes","sometimes","","ISA",0,1,1,0,1,2,3,2,3,3,NA,2,NA,NA,NA,"",NA,"","No Help"
749,"12/02/2024 10:40:42 (MST)","Pre",-3,NA,"Logistics Specialties Inc. (8)","Utah","","","rarely","","ISA",0,3,2,3,3,0,3,2,2,2,3,3,2,NA,NA,"",NA,"","No Help"
1073,"11/08/2024 11:12:54 (MST)","Post",72.76,NA,"Columbus Community Center (9)","Wyoming","specialized","","","","FL",0,3,1,2,1,3,3,3,3,3,2,NA,NA,NA,NA,"",NA,"","No Help"
1744,"11/08/2024 14:05:16 (MST)","Pre",93.3,NA,"Roads to Independence (26)","Utah","","","","rarely","JOBEX",0,2,3,0,3,1,1,1,3,1,NA,NA,NA,NA,NA,"",NA,"","No Help"
1702,"09/03/2023 15:51:13 (MST)","Pre",71.07,0.7,"Logistics Specialties Inc. (8)","Utah","","","","","FL",0,3,2,2,3,2,2,2,3,1,NA,NA,NA,NA,1,"",NA,"","No Help"
687,"01/07/2025 16:08:59 (MST)","Pre",70.33,52.56,"Logistics Specialties Inc. (8)","Utah","","","","often","JS",0,3,2,3,3,0,1,3,2,NA,NA,NA,NA,1,3,"3",NA,"",""
1103,"05/23/2025 15:47:44 (MST)","Pre",80.33,34.04,"Logistics Specialties Inc. (8)","Utah","","","","","JOBEX",0,3,1,3,3,2,3,3,1,2,0,0,0,3,2,"1",NA,"","No Help"
1011,"09/16/2024 11:52:22 (MST)","Pre",34.5,38.66,"Logistics Specialties Inc. (8)","Utah","","","sometimes","always","CSS",0,2,2,1,2,3,3,3,2,1,3,NA,NA,3,0,"",NA,"","Observer"
1535,"12/22/2024 10:39:58 (MST)","Pre",51.17,10.33,"Logistics Specialties Inc. (8)","Utah","","never","","rarely","ISA",0,2,0,1,2,1,3,1,3,3,2,3,3,NA,NA,"",NA,"","No Help"
860,"03/13/2023 08:31:49 (MST)","Pre",63.67,NA,"A2Demo (21)","Utah","","","rarely","","JOBEX",0,2,3,2,2,1,0,3,2,3,2,NA,NA,NA,NA,"3",NA,"","No Help"
274,"03/23/2024 19:52:19 (MST)","Post",53.67,10.34,"North Sanpete School District (24)","Utah","","","","never","JOBEX",0,2,2,2,0,2,2,1,3,NA,2,1,NA,2,NA,"",NA,"","No Help"
384,"10/04/2024 13:12:04 (MST)","Post",88.67,NA,"Roads to Independence (26)","Oklahoma","","","never","","JS",0,3,1,1,3,3,1,3,1,2,2,3,NA,NA,2,"",NA,"","No Help"
956,"04/20/2025 11:35:40 (MST)","Pre",63.67,-10.4,"Logistics Specialties Inc. (8)","Montana","","","rarely","","JOBEX",0,3,1,2,1,3,3,2,0,3,NA,3,2,NA,NA,"3",NA,"","No Help"
410,"11/04/2024 11:40:07 (MST)","Pre",30.33,0.0299999999999998,"Logistics Specialties Inc. (8)","Utah","general","","never","","JOBEX",0,1,3,2,1,3,3,3,1,2,3,3,3,NA,NA,"",NA,"","No Help"
2459,"02/16/2024 17:35:53 (MST)","Pre",59.96,NA,"Logistics Specialties Inc. (8)","Utah","","","","","JS",0,1,1,3,2,3,3,3,0,0,1,NA,NA,3,1,"",NA,"","No Help"
2012,"02/28/2025 11:21:41 (MST)","Pre",34.5,NA,"Logistics Specialties Inc. (8)","Utah","","sometimes","sometimes","often","ISA",0,2,2,1,3,2,2,3,3,3,NA,NA,NA,NA,NA,"1",NA,"","No Help"
227,"01/07/2023 10:18:00 (MST)","Pre",52.56,NA,"Logistics Specialties Inc. (8)","Utah","","rarely","","sometimes","ISA",0,3,2,3,3,1,2,1,3,3,NA,2,3,NA,2,"",NA,"","No Help"
2478,"11/10/2024 12:18:31 (MST)","Post",58.11,11.29,"Logistics Specialties Inc. (8)","Utah","","rarely","rarely","","QWEX",0,2,2,2,3,3,1,2,3,3,2,0,2,NA,NA,"",NA,"",""
2514,"11/26/2023 16:49:12 (MST)","Post",77.95,NA,"Turn Community Services (29)","Utah","","","","","JS",0,1,2,1,3,2,1,3,1,1,2,NA,NA,NA,NA,"",NA,"","No Help"
406,"04/29/2025 15:59:20 (MST)","Post",34.04,NA,"Logistics Specialties Inc. (8)","Utah","","often","","","ISA",0,3,3,2,2,3,3,3,3,NA,3,1,NA,3,NA,"",NA,"","No Help"
2035,"04/28/2025 23:15:12 (MST)","Pre",22.93,18.21,"Southern Utah University (27)","Utah","","often","","","ISA",0,1,2,3,3,3,0,3,2,1,NA,NA,NA,2,NA,"1",NA,"","No Help"
185,"07/22/2024 11:10:33 (MST)","Post",30.33,NA,"Columbus Community Center (9)","Utah","specialized","","","","ISA",0,2,1,0,3,1,0,2,1,NA,NA,3,NA,0,NA,"",1,"","With Help"
6,"08/05/2022 07:47:03 (MST)","Post",65.89,30.34,"Southern Utah University (27)","Utah","","","","","CSS",0,3,1,3,2,2,3,1,2,1,NA,NA,NA,NA,3,"",NA,"",""
491,"10/15/2024 17:53:09 (MST)","Post",89.86,NA,"Southern Utah University (27)","Utah","specialized","sometimes","rarely","","JOBEX",0,2,2,3,3,3,2,0,1,NA,2,NA,1,NA,NA,"",NA,"","No Help"
980,"05/30/2025 17:34:22 (MST)","Post",97,NA,"Columbus Community Center (9)","Utah","","","","","ILOM",0,3,1,3,3,3,1,3,0,NA,NA,3,NA,NA,NA,"",NA,"",""
227,"04/06/2025 13:13:28 (MST)","Pre",59.96,NA,"Logistics Specialties Inc. (8)","Montana","","","rarely","","QWEX",0,2,2,1,3,1,2,0,2,2,NA,NA,NA,3,3,"",NA,"","No Help"
2390,"11/16/2024 17:57:14 (MST)","Pre",71.07,NA,"Roads to Independence (26)","Utah","","","rarely","sometimes","JS",0,2,3,3,3,1,0,3,0,3,NA,NA,NA,NA,NA,"",NA,"","No Help"
1254,"11/12/2022 08:11:49 (MST)","Post",81.44,NA,"Logistics Specialties Inc. (8)","Utah","specialized","often","","rarely","WSS",0,2,3,1,2,0,3,2,2,2,3,NA,NA,3,NA,"",NA,"","No Help"
1775,"08/19/2024 18:06:06 (MST)","Pre",79.22,NA,"Logistics Specialties Inc. (8)","Utah","","sometimes","","","CPSO",0,3,2,0,1,2,3,2,3,2,NA,NA,1,NA,1,"",NA,"","With Help"
77,"09/15/2024 15:08:58 (MST)","Pre",48.85,NA,"Logistics Specialties Inc. (8)","Oklahoma","","","sometimes","","WSS",0,1,2,2,1,2,2,0,2,NA,1,NA,NA,NA,NA,"",NA,"","With Help"
1984,"09/14/2024 17:55:13 (MST)","Pre",54.58,-32.17,"Logistics Specialties Inc. (8)","Utah","","sometimes","","often","ISA",0,2,2,3,2,3,3,3,1,NA,NA,NA,1,NA,2,"",NA,"","No Help"
1026,"09/27/2024 15:20:23 (MST)","Post",42.24,-19.67,"Roads to Independence (26)","Utah","","often","rarely","often","QWEX",0,2,0,2,1,2,1,1,2,1,NA,NA,NA,1,3,"1",NA,"",""
1458,"11/16/2024 17:49:52 (MST)","Pre",32.56,37,"A2Demo (21)","Utah","","","","","JOBEX",0,1,3,3,3,3,2,3,2,3,0,NA,2,10,NA,"",NA,"","No Help"
2069,"07/23/2022 09:29:56 (MST)","Post",94.78,NA,"Logistics Specialties Inc. (8)","Utah","specialized","never","","","WBLE",0,3,2,1,2,3,2,3,2,3,NA,2,3,NA,2,"",NA,"","No Help"
1441,"01/16/2024 14:48:30 (MST)","Post",39.86,65.89,"Logistics Specialties Inc. (8)","Utah","","","","","WSS",0,3,1,1,1,3,1,2,3,2,NA,NA,NA,NA,NA,"1",NA,"","No Help"
2321,"09/12/2023 17:35:52 (MST)","Post",26.63,NA,"Logistics Specialties Inc. (8)","Utah","general","often","","","ILOM",0,3,2,2,2,2,1,3,0,NA,3,2,NA,NA,NA,"",NA,"","No Help"
227,"04/19/2022 09:48:01 (MST)","Pre",87,NA,"Southern Utah University (27)","Utah","general","always","rarely","","ILOM",0,2,3,3,2,2,2,2,2,2,NA,NA,NA,NA,NA,"",NA,"","No Help"
1625,"11/08/2024 11:07:43 (MST)","Pre",-3,NA,"Columbus Community Center (9)","Utah","","","never","","JS",0,2,2,2,1,2,0,0,2,3,3,2,NA,3,NA,"",NA,"","No Help"
2203,"01/12/2024 13:10:10 (MST)","Pre",41.44,NA,"Spectrum Academy (28)","Utah","","","","","JS",0,2,2,3,3,2,2,2,NA,NA,2,NA,2,NA,NA,"",1,"","No Help"
2207,"09/04/2022 05:39:23 (MST)","Pre",59.22,NA,"Logistics Specialties Inc. (8)","Oklahoma","","","","","ILOM",0,2,1,3,2,2,1,3,1,NA,2,NA,3,10,0,"",NA,"","No Help"
2228,"05/05/2025 18:38:34 (MST)","Pre",74.78,13.67,"Roads to Independence (26)","Utah","","never","","","JOBEX",1,1,1,2,2,1,3,2,2,2,NA,NA,3,NA,NA,"",NA,"",""
978,"04/01/2022 01:41:00 (MST)","Pre",85.89,NA,"Region 1 (271)","Utah","","sometimes","","","WBLE",0,2,1,1,1,1,0,2,2,3,NA,3,NA,1,NA,"",NA,"","No Help"
521,"12/02/2023 17:04:16 (MST)","Post",73.19,NA,"Spectrum Academy (28)","Utah","","sometimes","sometimes","often","JOBEX",0,2,2,1,3,1,1,2,2,2,3,3,NA,0,NA,"",NA,"","No Help"
2264,"01/09/2023 08:24:07 (MST)","Pre",54.58,38.67,"Turn Community Services (29)","Utah","","","","","ISA",0,0,1,0,3,3,0,3,1,NA,0,3,NA,NA,2,"",1,"",""
398,"03/16/2025 11:53:57 (MST)","Pre",89.59,NA,"Columbus Community Center (9)","Utah","","rarely","","often","JOBEX",0,3,1,2,3,3,3,0,1,1,NA,NA,NA,NA,NA,"",NA,"","No Help"
131,"10/17/2022 00:22:00 (MST)","Pre",39.22,NA,"Logistics Specialties Inc. (8)","Utah","","","sometimes","","CPSO",0,1,3,0,2,1,3,2,1,NA,3,NA,3,NA,3,"1",NA,"","No Help"
2069,"03/02/2024 17:19:24 (MST)","Post",70.33,25.89,"Logistics Specialties Inc. (8)","Utah","","often","","sometimes","ISA",0,0,3,2,0,2,1,2,1,2,NA,3,NA,NA,NA,"",NA,"","No Help"
2012,"11/25/2024 13:39:52 (MST)","Pre",80.33,-19.67,"Logistics Specialties Inc. (8)","Utah","","","sometimes","often","CPSO",0,1,1,3,3,2,2,2,2,1,0,2,NA,NA,1,"1",NA,"",""
2012,"10/24/2022 11:17:42 (MST)","Pre",12.15,34.5,"Community Options (82)","Utah","general","","rarely","rarely","CSS",0,3,3,2,2,3,3,2,1,0,3,0,NA,2,NA,"0",NA,"","No Help"
2444,"01/30/2024 07:56:35 (MST)","Post",63.67,NA,"Turn Community Services (29)","Demo","","","","","ISA",0,1,3,3,2,1,1,3,3,NA,2,NA,NA,NA,NA,"",NA,"",""
2514,"03/31/2025 20:52:24 (MST)","Pre",63.67,-3,"Logistics Specialties Inc. (8)","Utah","","","often","","JOBEX",0,0,3,3,3,1,1,3,2,0,NA,1,NA,3,0,"",NA,"","No Help"
1820,"09/12/2022 14:50:48 (MST)","Pre",72.56,NA,"Logistics Specialties Inc. (8)","Utah","","","","often","JS",0,2,1,2,3,2,2,1,2,3,NA,0,NA,NA,NA,"1",NA,"","No Help"
508,"06/27/2023 20:18:30 (MST)","Pre",77,NA,"Spectrum Academy (28)","Utah","general","","","","FL",0,2,3,3,3,2,3,1,3,2,NA,NA,3,NA,2,"1",NA,"","No Help"
1441,"04/20/2025 11:40:50 (MST)","Pre",70.33,3.67,"OU Northeast (54)","Utah","","","sometimes","","CSS",0,3,3,2,1,3,2,1,2,2,1,NA,NA,3,NA,"",NA,"","No Help"
681,"11/08/2022 05:13:24 (MST)","Pre",45.89,NA,"Spectrum Academy (28)","Utah","specialized","","","","WBLE",0,2,1,3,2,1,3,2,1,2,2,1,NA,NA,3,"3",NA,"",""
1441,"03/03/2023 07:00:34 (MST)","Pre",97,-6.03,"Logistics Specialties Inc. (8)","Utah","general","","","","ILOM",0,2,1,3,0,2,3,3,0,1,2,NA,NA,NA,0,"",NA,"","No Help"
262,"06/18/2022 08:02:03 (MST)","Pre",93.67,NA,"Spectrum Academy (28)","Utah","general","often","sometimes","","CSS",0,2,1,2,3,0,1,3,2,3,2,3,0,3,NA,"",NA,"","With Help"
2388,"06/13/2025 14:06:34 (MST)","Post",97,NA,"Logistics Specialties Inc. (8)","Oklahoma","","","","","ISA",0,2,2,2,3,3,3,1,3,2,NA,NA,NA,2,NA,"",NA,"","No Help"
641,"07/24/2023 01:45:19 (MST)","Pre",65.89,5.89,"Logistics Specialties Inc. (8)","Utah","general","","rarely","","ILOM",0,3,2,2,3,3,2,2,2,2,NA,NA,NA,3,2,"",NA,"",""
1369,"11/26/2024 10:20:13 (MST)","Pre",63.67,NA,"Logistics Specialties Inc. (8)","Utah","specialized","","","","FL",0,2,0,1,3,2,3,1,3,1,3,3,3,NA,2,"3",NA,"","No Help"
2321,"06/25/2024 13:06:21 (MST)","Post",80.33,56.26,"Columbus Community Center (9)","Utah","","","","never","JS",0,2,2,1,2,2,1,2,0,1,NA,NA,2,NA,2,"",NA,"","No Help"
340,"06/03/2024 18:44:21 (MST)","Pre",58.9,NA,"Turn Community Services (29)","Utah","general","sometimes","","sometimes","WBLE",0,3,3,3,2,3,3,2,1,NA,3,2,2,NA,NA,"",NA,"","Observer"
722,"05/04/2025 23:27:26 (MST)","Post",49.38,11.28,"Turn Community Services (29)","Utah","","","","","JS",0,3,3,3,2,1,0,2,0,2,1,NA,1,NA,2,"",NA,"","No Help"
1512,"01/13/2024 15:56:57 (MST)","Post",56.26,NA,"Community Options (82)","Utah","","never","","","JS",0,2,0,1,3,1,3,1,2,3,2,NA,NA,2,NA,"",NA,"","No Help"
687,"03/17/2025 16:15:18 (MST)","Pre",60.64,NA,"Logistics Specialties Inc. (8)","Utah","","","","","QWEX",0,3,2,3,3,2,3,2,2,NA,NA,NA,NA,NA,NA,"3",NA,"","No Help"
2439,"11/23/2022 12:57:11 (MST)","Pre",71.07,NA,"Logistics Specialties Inc. (8)","Utah","","never","","","JOBEX",0,3,3,3,1,3,3,2,2,1,1,NA,3,NA,NA,"",NA,"","No Help"
1393,"10/14/2023 13:55:05 (MST)","Pre",19.22,NA,"Logistics Specialties Inc. (8)","Utah","specialized","often","","often","CPSO",0,1,2,1,1,2,2,0,NA,2,NA,0,2,3,NA,"",NA,"",""
1120,"06/18/2022 06:45:21 (MST)","Post",97,NA,"Logistics Specialties Inc. (8)","Montana","general","sometimes","rarely","","CPSO",0,0,2,1,2,2,1,2,3,2,2,NA,NA,3,2,"",NA,"",""
2132,"05/25/2023 12:38:39 (MST)","Pre",63.67,NA,"Columbus Community Center (9)","Utah","general","","","","WBLE",0,3,1,3,1,0,2,2,2,3,NA,NA,NA,5,NA,"",NA,"","No Help"
1445,"05/05/2025 10:22:00 (MST)","Pre",74.78,NA,"Yellowstone Academy (214)","Colorado","","often","never","","WSS",0,3,2,2,0,3,0,2,2,1,2,NA,NA,NA,NA,"",NA,"","No Help"
1231,"12/03/2022 10:00:47 (MST)","Pre",42.83,NA,"Logistics Specialties Inc. (8)","Utah","","","sometimes","","ISA",0,3,1,3,2,1,2,3,2,2,2,1,3,3,NA,"",NA,"","No Help"
2069,"04/21/2025 15:21:02 (MST)","Post",8.11,NA,"Roads to Independence (26)","Utah","","often","","sometimes","ILOM",0,2,1,3,1,3,1,2,2,NA,NA,NA,NA,NA,2,"",NA,"","No Help"
2264,"09/08/2024 12:35:37 (MST)","Post",54.78,NA,"Turn Community Services (29)","Utah","","rarely","","","ISA",0,2,2,3,0,1,3,2,3,2,NA,NA,NA,1,NA,"",NA,"",""
2069,"10/20/2024 09:46:28 (MST)","Post",30.33,NA,"Logistics Specialties Inc. (8)","Utah","general","","","","ISA",0,3,1,2,2,1,2,1,2,NA,NA,2,NA,1,NA,"",NA,"","No Help"
1190,"11/24/2023 18:23:44 (MST)","Post",80.33,6.09,"Pioneer Adult Rehabilitation Center (25)","Utah","","","never","sometimes","JS",0,3,1,2,2,1,2,1,0,NA,2,NA,NA,3,NA,"",NA,"","No Help"
956,"05/28/2024 10:38:44 (MST)","Pre",48.85,NA,"Logistics Specialties Inc. (8)","Utah","general","","","","JOBEX",0,2,1,2,2,3,2,3,3,3,NA,NA,NA,2,NA,"",NA,"",""
132,"09/16/2024 15:59:25 (MST)","Post",47,NA,"Logistics Specialties Inc. (8)","Oklahoma","","","","","JS",0,0,1,2,1,2,2,3,2,NA,NA,3,2,NA,NA,"",NA,"","No Help"
1512,"07/22/2024 11:28:28 (MST)","Pre",74.78,NA,"Logistics Specialties Inc. (8)","Utah","","","rarely","","CSS",0,1,2,2,1,2,3,2,1,1,NA,NA,NA,3,NA,"",NA,"","No Help"
2387,"10/07/2022 07:59:24 (MST)","Post",93.3,NA,"Turn Community Services (29)","Utah","","never","","","JOBEX",0,2,2,2,3,3,2,2,3,2,NA,2,NA,NA,NA,"",NA,"",""
1406,"10/16/2023 12:44:44 (MST)","Post",88.67,34.5,"Logistics Specialties Inc. (8)","Utah","","","rarely","","FL",0,2,2,1,1,2,1,2,2,NA,3,NA,NA,NA,NA,"",NA,"","No Help"
1641,"07/29/2023 18:54:58 (MST)","Post",24.27,35.1,"Central Technology Center (Central Tech) (56)","Utah","","never","","","ISA",0,3,1,2,0,2,1,3,NA,3,0,NA,2,1,NA,"",NA,"","No Help"
398,"05/22/2022 06:37:19 (MST)","Pre",27,NA,"Logistics Specialties Inc. (8)","Utah","","","","","JS",0,2,3,0,1,3,3,0,3,2,3,NA,NA,3,NA,"",NA,"","No Help"
227,"05/25/2025 15:57:13 (MST)","Pre",73.67,NA,"Logistics Specialties Inc. (8)","Utah","","always","","","FL",0,1,2,3,1,1,1,1,3,3,3,1,NA,NA,NA,"",NA,"",""
2093,"05/08/2022 05:02:33 (MST)","Post",73.67,NA,"Logistics Specialties Inc. (8)","Utah","general","","","","ISA",0,3,0,2,3,3,1,2,NA,2,NA,1,NA,NA,NA,"",NA,"","No Help"
742,"01/30/2023 08:34:46 (MST)","Pre",80.33,37,"Logistics Specialties Inc. (8)","Utah","","always","","sometimes","FL",0,1,1,3,2,1,0,1,1,3,2,1,NA,NA,2,"",NA,"","No Help"
1738,"02/06/2024 12:23:44 (MST)","Pre",69.73,NA,"Logistics Specialties Inc. (8)","Utah","general","rarely","","","JS",0,0,1,2,2,0,1,1,2,3,3,NA,NA,NA,1,"3",NA,"","No Help"
205,"07/23/2024 15:53:56 (MST)","Pre",45.15,NA,"Logistics Specialties Inc. (8)","Utah","","","","sometimes","JOBEX",0,3,2,3,2,3,1,1,2,2,2,NA,2,3,NA,"",NA,"",""
1720,"07/02/2023 17:27:46 (MST)","Pre",94.78,1.76,"Logistics Specialties Inc. (8)","Utah","general","","","","JOBEX",0,3,1,3,3,1,3,3,2,3,NA,NA,NA,1,NA,"",NA,"","No Help"
717,"11/24/2023 19:58:19 (MST)","Post",59.5,NA,"Logistics Specialties Inc. (8)","Utah","general","","","","ILOM",0,2,2,1,1,2,2,0,2,NA,NA,3,NA,3,NA,"",NA,"","No Help"
2387,"02/22/2025 16:07:23 (MST)","Pre",54.14,8.11,"Logistics Specialties Inc. (8)","Utah","specialized","","","","CPSO",0,3,1,2,2,3,3,1,3,1,2,NA,NA,1,NA,"",NA,"","No Help"
2388,"11/25/2024 10:47:34 (MST)","Pre",67.37,NA,"North Sanpete School District (24)","Utah","specialized","","sometimes","always","JOBEX",0,3,3,1,2,1,2,3,1,1,2,NA,NA,NA,NA,"",NA,"","No Help"
90,"02/10/2024 13:38:13 (MST)","Pre",85.89,-3,"Logistics Specialties Inc. (8)","Utah","","","","","CPSO",0,3,1,3,2,2,2,0,3,2,NA,NA,NA,NA,NA,"",NA,"",""
1103,"11/10/2024 14:01:23 (MST)","Pre",41.44,19.22,"Logistics Specialties Inc. (8)","Montana","general","often","","","CSS",0,2,2,3,2,0,3,1,3,0,NA,1,NA,2,3,"",NA,"","No Help"
1028,"03/20/2023 17:47:53 (MST)","Pre",65.89,13.67,"Logistics Specialties Inc. (8)","Utah","","","rarely","","JS",0,2,1,2,2,2,1,2,2,1,3,NA,NA,NA,NA,"",NA,"","No Help"
2478,"12/11/2022 04:06:37 (MST)","Pre",52.56,NA,"Community Options (82)","Utah","","","","","CPSO",0,3,2,3,1,3,3,1,2,3,NA,NA,3,NA,NA,"3",NA,"","No Help"
1369,"11/26/2024 08:20:32 (MST)","Post",83.67,NA,"Logistics Specialties Inc. (8)","Oklahoma","","","","","ISA",0,2,1,2,1,1,1,3,3,2,NA,2,NA,NA,NA,"",NA,"","No Help"
205,"05/04/2025 10:21:15 (MST)","Pre",65.89,NA,"Logistics Specialties Inc. (8)","Montana","specialized","","sometimes","","FL",0,2,2,3,2,2,2,3,3,2,2,NA,NA,NA,NA,"",NA,"","No Help"
1686,"07/02/2023 17:26:42 (MST)","Post",30.33,5.89,"Logistics Specialties Inc. (8)","Utah","","","","","WBLE",0,2,2,1,3,2,3,3,1,0,NA,2,NA,NA,NA,"",NA,"","With Help"
2354,"10/14/2023 14:10:39 (MST)","Pre",43.67,NA,"Montana School for the Deaf & Blind (32)","Utah","","","","","CPSO",0,3,3,1,1,2,2,2,2,2,2,NA,NA,NA,NA,"",NA,"","No Help"
864,"11/28/2024 17:24:39 (MST)","Post",43.67,-3,"Logistics Specialties Inc. (8)","Utah","","","","","WSS",0,3,3,3,3,1,3,3,3,1,NA,NA,2,NA,NA,"3",NA,"","No Help"
2224,"10/07/2024 22:21:29 (MST)","Pre",68.43,48.85,"Turn Community Services (29)","Oklahoma","","","","","JOBEX",0,1,2,3,3,3,3,3,NA,2,NA,NA,3,1,NA,"",NA,"","No Help"
1474,"04/21/2025 15:24:17 (MST)","Pre",54.14,NA,"Logistics Specialties Inc. (8)","Utah","specialized","often","","","CSS",0,2,3,2,2,3,0,2,1,0,3,NA,3,NA,NA,"",NA,"","No Help"
2403,"02/16/2023 12:58:52 (MST)","Post",68.43,NA,"Logistics Specialties Inc. (8)","Montana","specialized","","","","ISA",0,3,3,2,1,2,2,1,3,0,0,NA,NA,NA,NA,"",NA,"","No Help"
1775,"02/17/2024 14:06:44 (MST)","Pre",41.44,NA,"Turn Community Services (29)","Wyoming","specialized","","sometimes","","ISA",0,2,3,0,3,1,2,2,1,3,2,NA,NA,2,NA,"",NA,"","No Help"
1333,"04/29/2025 10:40:31 (MST)","Post",34.5,18.43,"Logistics Specialties Inc. (8)","Utah","general","","","","JOBEX",0,0,1,3,3,2,2,2,2,0,NA,NA,NA,3,0,"",NA,"","No Help"
1771,"06/19/2022 09:54:25 (MST)","Pre",44.62,NA,"Turn Community Services (29)","Utah","general","","","","JOBEX",0,2,1,3,2,1,0,3,0,3,1,NA,2,3,NA,"",NA,"","No Help"
410,"03/02/2025 11:02:31 (MST)","Pre",82.19,NA,"Logistics Specialties Inc. (8)","Utah","","","","","JOBEX",0,2,2,3,2,3,3,3,3,2,2,NA,NA,NA,3,"",NA,"","No Help"
2276,"09/03/2024 16:18:13 (MST)","Pre",85.89,32.55,"Turn Community Services (29)","Montana","","always","","","JOBEX",0,1,2,0,1,2,1,2,1,NA,1,2,2,3,NA,"",NA,"","No Help"
1641,"03/19/2023 09:53:40 (MST)","Pre",56.26,NA,"Logistics Specialties Inc. (8)","Utah","","","","","ISA",0,3,3,2,1,2,1,2,3,1,3,2,NA,NA,NA,"",NA,"","No Help"
2093,"05/24/2025 14:41:58 (MST)","Pre",63.67,1.17,"Canyons School District (10)","Utah","general","","rarely","","FL",0,2,3,2,3,2,3,2,2,NA,NA,0,0,3,NA,"",NA,"","No Help"
1254,"02/16/2024 17:33:35 (MST)","Pre",19.22,8.11,"Logistics Specialties Inc. (8)","Utah","general","sometimes","","","ISA",1,3,3,2,3,2,0,3,2,2,NA,2,NA,NA,NA,"",NA,"","No Help"
2391,"10/07/2022 08:05:39 (MST)","Post",76.17,NA,"North Sanpete School District (24)","Utah","","","","","ISA",0,2,0,2,2,3,1,3,2,3,3,2,NA,NA,3,"",NA,"","With Help"
2093,"01/13/2023 06:33:21 (MST)","Pre",73.19,NA,"Logistics Specialties Inc. (8)","Utah","","often","sometimes","","JS",0,1,3,1,2,3,0,0,2,2,2,NA,NA,NA,NA,"",NA,"","No Help"
2287,"10/10/2022 15:21:50 (MST)","Pre",50.33,NA,"Logistics Specialties Inc. (8)","Utah","","","","always","ILOM",0,1,0,1,1,3,1,1,1,1,2,NA,2,1,NA,"$ 12.00",NA,"","No Help"
1140,"11/24/2024 12:50:37 (MST)","Post",67.37,NA,"Logistics Specialties Inc. (8)","Utah","","","sometimes","","CPSO",0,0,0,3,3,1,0,2,3,3,1,NA,NA,NA,NA,"",NA,"","No Help"
961,"09/25/2022 12:48:31 (MST)","Pre",63.67,NA,"North Sanpete School District (24)","Utah","","often","","always","ISA",0,3,2,1,1,3,3,2,3,NA,1,NA,NA,1,1,"",NA,"","No Help"
980,"03/12/2023 08:40:54 (MST)","Pre",87.48,10.33,"Logistics Specialties Inc. (8)","Utah","","","rarely","","CPSO",0,2,3,3,3,1,3,2,0,NA,3,3,NA,2,3,"1",NA,"","No Help"
1771,"04/10/2022 00:00:00 (MST)","Post",78.48,-6.7,"Logistics Specialties Inc. (8)","Utah","general","","","","CSS",0,3,2,2,2,2,1,2,0,3,2,1,3,NA,2,"",NA,"","No Help"
735,"03/03/2024 11:43:37 (MST)","Pre",77,1.17,"Logistics Specialties Inc. (8)","Utah","","","rarely","","JOBEX",0,3,2,2,3,1,2,3,3,3,NA,2,NA,NA,NA,"",NA,"","No Help"
1771,"11/08/2024 14:09:47 (MST)","Post",94.22,NA,"Logistics Specialties Inc. (8)","Utah","","","","sometimes","JOBEX",0,2,0,2,3,2,1,1,NA,2,NA,3,NA,NA,NA,"",NA,"",""
1025,"12/03/2022 02:06:00 (MST)","Pre",94.78,NA,"Logistics Specialties Inc. (8)","Oklahoma","","","rarely","","JOBEX",0,1,2,3,3,3,2,2,2,NA,3,3,NA,2,2,"",NA,"","No Help"
1329,"11/13/2022 11:39:00 (MST)","Post",63.67,19.22,"Logistics Specialties Inc. (8)","Utah","general","","","never","FL",0,3,1,3,3,2,3,2,2,2,NA,NA,3,3,NA,"",NA,"","No Help"
1771,"07/10/2023 18:41:37 (MST)","Pre",51.17,NA,"Logistics Specialties Inc. (8)","Utah","general","","","","JOBEX",0,0,0,0,3,2,1,2,3,3,NA,NA,NA,NA,NA,"",NA,"","No Help"
1353,"10/10/2023 11:44:11 (MST)","Post",87,NA,"Columbus Community Center (9)","Utah","","","","","FL",0,3,2,2,1,1,2,1,2,1,NA,3,NA,NA,NA,"",NA,"",""
759,"09/17/2023 10:50:04 (MST)","Pre",11.81,NA,"Yellowstone Academy (214)","Utah","","always","never","always","WSS",0,3,1,1,2,2,2,0,3,0,3,NA,NA,NA,NA,"",NA,"","No Help"
610,"06/23/2024 11:23:40 (MST)","Pre",77.95,NA,"Southern Utah University (27)","Utah","","","rarely","","ISA",0,3,2,1,3,3,0,2,0,2,3,NA,NA,2,NA,"",NA,"","No Help"
2109,"09/15/2024 15:56:19 (MST)","Post",81.85,26.16,"Turn Community Services (29)","Utah","","","","always","FL",0,2,2,2,1,3,1,1,3,3,2,NA,3,1,NA,"",NA,"",""
2495,"11/26/2023 10:11:06 (MST)","Pre",92.24,NA,"Central Technology Center (Central Tech) (56)","Utah","","","never","sometimes","JS",0,3,1,3,3,3,2,0,1,3,NA,2,NA,NA,0,"2",NA,"","No Help"
248,"02/05/2023 01:22:00 (MST)","Post",37,NA,"OU Northeast (54)","Utah","general","","","","JOBEX",0,2,3,2,2,3,1,2,1,1,NA,3,NA,3,2,"",NA,"",""
2227,"02/02/2025 13:50:44 (MST)","Pre",70.33,NA,"Turn Community Services (29)","Utah","general","often","sometimes","often","CSS",1,3,2,2,3,0,2,3,1,NA,NA,3,NA,NA,NA,"1",NA,"","No Help"
722,"12/24/2024 13:16:46 (MST)","Post",22.93,NA,"North Sanpete School District (24)","Oklahoma","","","","","JOBEX",0,3,2,1,2,2,1,1,3,2,NA,1,NA,NA,NA,"",NA,"","No Help"
1984,"10/29/2023 16:15:32 (MST)","Pre",97,NA,"Logistics Specialties Inc. (8)","Utah","","never","sometimes","always","CSS",0,2,1,3,3,1,1,2,3,1,NA,NA,NA,NA,NA,"",NA,"",""
8,"10/14/2023 13:44:31 (MST)","Pre",49.38,7,"Columbus Community Center (9)","Utah","","","","","WSS",0,2,1,1,2,3,2,2,2,3,3,NA,NA,10,NA,"",NA,"","No Help"
978,"06/19/2023 20:50:24 (MST)","Post",74.78,NA,"Logistics Specialties Inc. (8)","Utah","","","never","","WSS",0,3,3,2,3,1,2,1,0,NA,2,2,NA,NA,NA,"",NA,"","No Help"
1096,"02/10/2025 11:37:05 (MST)","Pre",52.56,39.86,"Spectrum Academy (28)","Utah","","rarely","","sometimes","QWEX",0,3,2,2,3,3,2,2,2,3,NA,NA,3,2,NA,"",NA,"","No Help"
1354,"12/11/2022 04:00:07 (MST)","Pre",39.22,NA,"Central Technology Center (Central Tech) (56)","Oklahoma","","","rarely","","WSS",0,1,3,1,0,1,1,1,0,3,NA,NA,NA,NA,1,"",NA,"","No Help"
654,"02/10/2025 15:55:25 (MST)","Post",75.57,30.33,"Roads to Independence (26)","Utah","","rarely","","","ISA",0,1,3,2,3,2,1,3,2,NA,2,NA,3,NA,NA,"",NA,"","With Help"
2141,"03/25/2025 15:12:03 (MST)","Post",52.56,6.09,"Lockwood School Dist. / County of Yellowstone Dist. #26 (182)","Utah","","","","","CPSO",0,2,2,3,2,2,2,3,0,2,3,NA,NA,2,NA,"",NA,"",""
262,"04/20/2025 11:31:32 (MST)","Pre",72.76,34.5,"Logistics Specialties Inc. (8)","Utah","","often","","","ISA",0,3,3,3,3,2,2,2,1,2,NA,NA,NA,NA,1,"",NA,"","No Help"
871,"12/21/2024 10:46:04 (MST)","Pre",63.67,42.46,"Turn Community Services (29)","Utah","general","","never","","FL",0,2,1,2,0,1,1,2,NA,1,NA,0,NA,NA,NA,"",NA,"","No Help"
398,"12/21/2024 10:34:38 (MST)","Post",73.67,NA,"Turn Community Services (29)","Utah","specialized","","","","CPSO",0,3,2,0,3,2,0,3,2,3,NA,NA,0,NA,2,"",NA,"","No Help"
2012,"10/07/2022 11:37:03 (MST)","Pre",39.22,NA,"Lockwood School Dist. / County of Yellowstone Dist. #26 (182)","Utah","","","","","CSS",0,3,2,0,1,1,1,3,3,NA,0,NA,3,NA,3,"",NA,"","No Help"
674,"07/08/2022 06:38:41 (MST)","Pre",47,NA,"Logistics Specialties Inc. (8)","Utah","general","","","always","WSS",0,1,3,3,2,2,3,1,0,2,NA,2,NA,NA,NA,"",NA,"","No Help"
1896,"10/20/2023 12:25:24 (MST)","Post",50.33,13.66,"Logistics Specialties Inc. (8)","Utah","","never","","","FL",0,3,2,2,2,2,2,1,3,3,NA,1,NA,NA,NA,"0",NA,"","No Help"
1346,"04/26/2025 18:43:47 (MST)","Pre",92.24,27.95,"Darby K-12 School Dist. (158)","Utah","specialized","","","","ISA",0,2,2,2,2,3,0,3,1,2,3,NA,1,2,NA,"",NA,"","No Help"
2264,"07/24/2023 01:14:03 (MST)","Post",43.67,11.29,"Stanford Public Schools (202)","Utah","","","","","JOBEX",0,3,1,3,1,0,1,2,3,NA,NA,NA,NA,NA,NA,"2",NA,"","No Help"
1026,"10/07/2022 02:04:00 (MST)","Post",58.9,NA,"Logistics Specialties Inc. (8)","Utah","specialized","","rarely","","CSS",0,3,1,1,2,3,2,1,3,2,NA,0,1,3,NA,"1",NA,"","No Help"
1138,"08/18/2024 19:51:14 (MST)","Pre",57,NA,"Logistics Specialties Inc. (8)","Montana","general","","never","sometimes","ISA",0,2,2,3,3,3,2,2,0,NA,2,2,NA,NA,NA,"",NA,"","No Help"
1458,"05/26/2024 16:38:47 (MST)","Post",57,-3,"Roads to Independence (26)","Utah","general","","never","","JS",0,1,3,2,0,0,3,2,0,3,1,2,NA,NA,NA,"2",NA,"","No Help"
926,"11/29/2024 09:54:32 (MST)","Pre",60.64,-6.71,"Pioneer Adult Rehabilitation Center (25)","Utah","","often","never","","QWEX",0,3,2,3,1,1,3,3,3,NA,2,NA,NA,NA,NA,"",NA,"",""
1096,"04/23/2024 14:14:51 (MST)","Post",72,NA,"Logistics Specialties Inc. (8)","Utah","","","never","","JS",0,3,2,1,3,3,2,2,3,3,2,1,1,NA,NA,"",NA,"","With Help"
756,"01/23/2023 01:15:00 (MST)","Post",38.67,NA,"Logistics Specialties Inc. (8)","Utah","","","","sometimes","ISA",0,1,1,0,2,2,3,3,2,NA,3,NA,NA,2,NA,"3",NA,"",""
2388,"04/23/2024 14:13:57 (MST)","Post",60.33,60.64,"Missoula County Public Schools (185)","Oklahoma","","","","","JS",0,3,2,2,3,3,2,1,2,3,3,NA,NA,2,2,"",NA,"",""
1138,"03/10/2024 16:57:37 (MST)","Pre",36.39,3.67,"Logistics Specialties Inc. (8)","Utah","","","","","ISA",0,2,1,2,2,2,2,3,2,3,NA,NA,1,2,NA,"",NA,"",""
1103,"12/03/2024 13:33:01 (MST)","Post",47,-7.76,"Turn Community Services (29)","Utah","","","","","CSS",0,1,2,1,1,3,2,2,2,3,3,NA,NA,1,3,"",NA,"","With Help"
2096,"05/03/2025 11:33:28 (MST)","Pre",82.71,NA,"Logistics Specialties Inc. (8)","Utah","","","","","CPSO",0,3,3,3,3,1,1,3,1,2,3,NA,1,NA,NA,"3",NA,"",""
1430,"06/01/2025 16:50:16 (MST)","Post",63.67,-10.41,"Logistics Specialties Inc. (8)","Utah","","","","often","ISA",0,3,2,3,2,2,3,2,3,2,2,1,NA,NA,NA,"1",NA,"","No Help"
860,"10/10/2022 15:10:03 (MST)","Post",93.67,NA,"Hamilton School Dist. #3 (170)","Utah","","","","","ISA",0,1,1,3,0,1,3,1,0,2,3,NA,NA,NA,NA,"",NA,"","With Help"
90,"09/08/2024 12:39:17 (MST)","Pre",58.9,NA,"Columbus Community Center (9)","Oklahoma","","","","always","JS",0,1,1,0,2,3,0,1,3,NA,1,1,NA,2,3,"$ 13.65",NA,"","No Help"
1138,"02/06/2024 16:52:51 (MST)","Pre",72,NA,"Lockwood School Dist. / County of Yellowstone Dist. #26 (182)","Wyoming","","","","","ILOM",0,1,0,3,1,3,3,3,2,1,3,NA,3,NA,NA,"",NA,"","No Help"
2354,"09/28/2024 12:25:04 (MST)","Pre",59.5,NA,"Logistics Specialties Inc. (8)","Utah","","","","","JS",0,3,3,3,2,1,2,1,2,2,1,NA,NA,NA,NA,"",NA,"","With Help"
978,"05/02/2025 12:42:27 (MST)","Pre",85.89,NA,"North Sanpete School District (24)","Demo","","","rarely","sometimes","ISA",0,2,2,2,1,2,2,3,3,2,NA,NA,NA,NA,NA,"",NA,"","No Help"
496,"07/17/2023 21:40:58 (MST)","Pre",87.48,NA,"A2Demo (21)","Utah","","","","never","CPSO",0,1,3,2,3,3,3,1,2,3,0,NA,NA,NA,1,"",NA,"","No Help"
1441,"12/01/2024 14:55:10 (MST)","Pre",40.33,NA,"Region 1 (271)","Utah","","","","always","CSS",0,1,2,2,1,3,3,0,2,NA,NA,3,3,NA,NA,"2",NA,"","No Help"
2390,"10/21/2024 13:02:15 (MST)","Pre",74.78,4.14,"North Sanpete School District (24)","Utah","general","","never","","JOBEX",0,3,2,0,1,1,3,3,2,3,3,3,NA,NA,NA,"",NA,"",""
1935,"05/28/2024 10:39:47 (MST)","Pre",63.67,NA,"University of Oklahoma (50)","Utah","general","","never","","ISA",0,2,1,1,1,2,2,3,0,NA,NA,NA,NA,3,NA,"",NA,"","No Help"
687,"10/06/2024 13:23:16 (MST)","Pre",55.33,NA,"Roads to Independence (26)","Utah","specialized","","rarely","","QWEX",0,1,1,3,2,1,3,2,3,1,1,NA,3,NA,NA,"2",NA,"",""
1073,"08/27/2024 14:05:50 (MST)","Pre",56.26,3.06,"North Sanpete School District (24)","Utah","","sometimes","","","CSS",0,3,0,2,1,3,3,3,3,NA,2,NA,NA,0,NA,"",NA,"","No Help"
2495,"01/26/2025 11:57:34 (MST)","Post",79.22,NA,"Spectrum Academy (28)","Utah","","","","","ILOM",0,2,2,1,1,0,2,3,2,2,NA,0,NA,NA,NA,"",NA,"","No Help"
1441,"10/12/2024 17:45:38 (MST)","Pre",71.07,NA,"Logistics Specialties Inc. (8)","Utah","","","","","CPSO",0,2,3,3,3,3,2,0,0,2,NA,1,2,1,NA,"",NA,"","No Help"
1785,"10/26/2024 19:39:37 (MST)","Post",85.89,NA,"Spectrum Academy (28)","Utah","","","","","ISA",0,3,2,3,3,2,3,2,3,3,2,NA,NA,NA,NA,"",NA,"","With Help"
496,"02/10/2024 13:38:51 (MST)","Post",67,22,"Logistics Specialties Inc. (8)","Utah","","","sometimes","","ILOM",1,1,1,2,3,1,1,1,1,2,2,NA,NA,NA,NA,"1",NA,"","No Help"
2141,"01/28/2023 05:45:00 (MST)","Post",74.78,7,"Logistics Specialties Inc. (8)","Utah","","","rarely","","FL",0,3,3,3,0,3,2,3,3,1,3,1,2,NA,NA,"",NA,"",""
1641,"10/19/2024 11:43:08 (MST)","Pre",72,NA,"Roads to Independence (26)","Oklahoma","specialized","often","never","sometimes","ISA",0,1,1,1,3,1,2,0,2,1,1,3,NA,3,NA,"",NA,"","No Help"
961,"04/22/2023 07:29:30 (MST)","Pre",-3,NA,"Logistics Specialties Inc. (8)","Utah","","","","","ISA",0,3,2,1,3,2,1,2,2,3,NA,NA,NA,3,1,"",NA,"","No Help"
274,"09/16/2024 11:44:54 (MST)","Pre",28.11,16.05,"Logistics Specialties Inc. (8)","Utah","","always","","sometimes","ISA",0,3,3,3,3,1,1,0,3,1,NA,NA,NA,2,1,"",NA,"","No Help"
1374,"07/23/2022 09:29:05 (MST)","Pre",81.85,NA,"Logistics Specialties Inc. (8)","Utah","","sometimes","","","WSS",0,0,1,3,1,0,2,3,3,3,2,1,3,NA,1,"2",NA,"","With Help"
687,"05/05/2025 10:23:23 (MST)","Pre",42.83,NA,"Logistics Specialties Inc. (8)","Utah","","","sometimes","","CSS",0,2,1,1,3,1,2,2,2,NA,0,1,NA,NA,NA,"",NA,"","No Help"
1615,"10/10/2023 11:55:11 (MST)","Post",59.5,NA,"Turn Community Services (29)","Utah","","","","","CPSO",0,2,0,2,3,3,0,2,0,3,NA,2,NA,NA,NA,"",NA,"",""
1134,"05/20/2024 16:30:52 (MST)","Pre",74.78,NA,"Turn Community Services (29)","Utah","","","","","CPSO",0,2,0,1,2,3,0,0,2,NA,NA,NA,2,NA,NA,"",NA,"","No Help"
376,"09/16/2022 23:25:00 (MST)","Post",65.89,NA,"Logistics Specialties Inc. (8)","Utah","general","","","","JOBEX",0,1,3,2,2,1,3,2,3,1,NA,NA,3,NA,1,"1",NA,"","No Help"
1157,"03/05/2023 23:08:00 (MST)","Post",63.67,NA,"Logistics Specialties Inc. (8)","Utah","","","","sometimes","JS",0,3,1,3,2,1,1,2,2,3,3,NA,NA,NA,NA,"",NA,"","No Help"
1518,"02/22/2025 12:12:28 (MST)","Post",36.39,NA,"Logistics Specialties Inc. (8)","Wyoming","","","","","JOBEX",0,1,0,2,3,3,2,0,0,3,2,2,NA,NA,NA,"",NA,"","No Help"
1535,"12/10/2023 11:01:17 (MST)","Post",73.67,NA,"Roads to Independence (26)","Utah","","","","","JOBEX",0,2,2,2,3,1,1,1,2,2,0,3,NA,NA,NA,"0",NA,"","No Help"
227,"03/02/2023 22:49:00 (MST)","Pre",68.11,NA,"Logistics Specialties Inc. (8)","Utah","specialized","","","","JOBEX",0,2,0,3,3,0,3,2,0,2,NA,NA,NA,NA,NA,"",NA,"","With Help"
759,"03/09/2024 15:51:14 (MST)","Pre",69.22,NA,"Logistics Specialties Inc. (8)","Utah","","","","","FL",0,2,2,0,2,1,3,1,1,3,NA,1,NA,10,0,"",NA,"","No Help"
2141,"01/31/2025 12:45:17 (MST)","Pre",73.19,34.04,"Turn Community Services (29)","Utah","general","always","","","JS",0,3,3,1,0,2,0,3,3,1,NA,NA,NA,2,NA,"",NA,"","No Help"
1369,"10/07/2022 11:38:12 (MST)","Pre",59.5,NA,"Central Technology Center (Central Tech) (56)","Utah","specialized","","","","CSS",0,3,2,2,3,1,1,1,0,3,NA,NA,0,NA,NA,"",NA,"","No Help"
491,"07/08/2022 05:55:58 (MST)","Pre",50.33,33.67,"Logistics Specialties Inc. (8)","Utah","","","sometimes","","WBLE",0,3,3,2,2,3,3,1,2,2,3,NA,3,NA,NA,"",NA,"","No Help"
234,"05/03/2025 10:27:05 (MST)","Pre",63.67,NA,"Logistics Specialties Inc. (8)","Utah","general","","","","ISA",0,3,2,1,2,1,0,1,1,3,NA,1,NA,NA,NA,"",NA,"","No Help"
1254,"11/26/2024 08:34:45 (MST)","Post",82.19,NA,"Logistics Specialties Inc. (8)","Utah","","sometimes","","","ILOM",0,3,0,1,1,3,3,2,2,2,NA,NA,NA,NA,NA,"",NA,"","No Help"
1245,"01/09/2024 17:05:52 (MST)","Post",51.55,NA,"Roads to Independence (26)","Utah","general","sometimes","","","ISA",0,3,3,2,3,3,2,1,1,2,3,3,2,NA,1,"",NA,"","No Help"
1771,"11/03/2024 09:59:25 (MST)","Pre",59.5,NA,"Hamilton School Dist. #3 (170)","Utah","","","","often","CPSO",0,1,0,2,2,2,3,2,2,1,1,1,NA,NA,NA,"",NA,"","No Help"
1518,"08/26/2023 21:49:26 (MST)","Pre",83.67,NA,"Logistics Specialties Inc. (8)","Utah","specialized","","","","JOBEX",0,3,2,2,1,2,2,1,2,3,1,NA,NA,NA,3,"",NA,"",""
1615,"01/12/2024 13:15:57 (MST)","Post",70.33,-3,"Logistics Specialties Inc. (8)","Utah","","","rarely","","JOBEX",0,2,3,2,0,1,1,1,3,2,2,3,NA,NA,3,"3",NA,"",""
2349,"12/19/2023 09:29:12 (MST)","Pre",57,7,"Logistics Specialties Inc. (8)","Oklahoma","","often","rarely","","ISA",0,3,2,0,1,1,2,2,3,3,NA,NA,NA,NA,1,"",NA,"","No Help"
602,"09/01/2024 14:35:55 (MST)","Pre",70.33,7,"Logistics Specialties Inc. (8)","Utah","","","","","FL",0,3,2,2,3,2,2,3,3,2,3,NA,NA,NA,NA,"",NA,"","No Help"
2276,"10/16/2023 13:56:59 (MST)","Post",3.06,NA,"Logistics Specialties Inc. (8)","Utah","","","","rarely","CSS",1,3,3,1,2,2,2,2,3,2,3,2,2,NA,NA,"",NA,"","With Help"
2533,"10/27/2024 17:19:26 (MST)","Pre",70.33,NA,"Logistics Specialties Inc. (8)","Utah","","","","","JOBEX",0,2,3,3,3,2,2,3,1,2,0,3,NA,3,NA,"",NA,"","No Help"
1820,"05/05/2025 14:31:26 (MST)","Pre",72,-5.22,"Columbus Community Center (9)","Utah","general","","","","ISA",0,2,0,1,2,3,3,3,2,3,1,2,2,3,3,"",NA,"","With Help"
1775,"10/23/2023 12:51:52 (MST)","Post",53.67,15.19,"Logistics Specialties Inc. (8)","Oklahoma","","","rarely","","ISA",0,3,2,1,0,2,0,2,2,3,1,1,NA,NA,NA,"1",NA,"",""
826,"04/19/2025 12:43:17 (MST)","Post",56.26,NA,"Columbus Community Center (9)","Utah","","","","","JOBEX",0,1,3,3,2,0,1,3,3,NA,3,1,NA,NA,3,"",NA,"",""
1231,"04/09/2023 06:52:45 (MST)","Post",36.39,20.81,"Hamilton School Dist. #3 (170)","Utah","","","","often","ISA",0,3,1,0,1,3,2,1,3,1,1,3,NA,NA,NA,"",NA,"","No Help"
2096,"10/06/2023 17:17:14 (MST)","Pre",67.83,NA,"Logistics Specialties Inc. (8)","Utah","specialized","rarely","","","JS",0,1,2,2,2,3,2,2,2,2,2,NA,NA,2,NA,"",NA,"","No Help"
1028,"07/24/2023 01:08:38 (MST)","Post",52.56,0.7,"Logistics Specialties Inc. (8)","Utah","","","","","ILOM",0,2,2,2,2,2,2,1,1,1,3,3,NA,NA,NA,"3",NA,"","No Help"
398,"07/21/2023 16:03:33 (MST)","Post",57,NA,"Glacier High School (223)","Utah","","","sometimes","","JS",0,1,2,2,3,2,1,0,3,1,1,NA,NA,NA,1,"",NA,"","No Help"
2352,"07/29/2023 18:56:40 (MST)","Pre",78.48,NA,"Linderman Education Center (224)","Utah","","sometimes","","","ISA",0,1,3,2,1,2,2,2,3,3,3,1,NA,2,NA,"",NA,"","No Help"
2276,"11/16/2024 13:27:11 (MST)","Post",43.67,NA,"Central Technology Center (Central Tech) (56)","Utah","","sometimes","","","ILOM",0,2,2,0,1,3,3,2,2,1,NA,NA,2,NA,NA,"3",NA,"","No Help"
2305,"06/05/2023 16:30:59 (MST)","Pre",67.83,NA,"Spectrum Academy (28)","Utah","","","","often","JS",0,3,3,3,1,1,1,1,2,NA,3,NA,NA,NA,2,"",NA,"","No Help"
864,"09/16/2024 11:47:54 (MST)","Pre",48.85,-3,"Darby K-12 School Dist. (158)","Utah","","often","","","FL",0,1,2,2,2,2,1,0,3,NA,NA,NA,NA,NA,2,"",NA,"","No Help"
132,"09/16/2024 11:48:46 (MST)","Pre",41.44,NA,"Logistics Specialties Inc. (8)","Utah","","","","","JOBEX",0,1,2,3,1,1,2,3,1,NA,NA,NA,NA,1,NA,"",NA,"","No Help"
512,"11/09/2024 18:06:45 (MST)","Pre",67,NA,"Southern Utah University (27)","Utah","","often","","always","WBLE",0,2,1,2,3,3,3,3,3,1,NA,NA,2,1,NA,"",NA,"",""
311,"12/15/2022 15:10:44 (MST)","Post",90.33,NA,"Logistics Specialties Inc. (8)","Utah","","","","","FL",0,3,0,1,1,2,1,0,0,3,3,2,2,NA,2,"",NA,"","With Help"
1960,"05/28/2024 10:41:03 (MST)","Pre",85.89,NA,"Roads to Independence (26)","Utah","","","sometimes","","JS",0,2,1,1,3,3,3,0,2,3,NA,NA,2,NA,NA,"",NA,"","No Help"
956,"04/28/2025 11:04:38 (MST)","Post",87,NA,"Southern Utah University (27)","Oklahoma","general","","","","ILOM",0,3,3,1,3,3,3,0,2,2,NA,1,NA,NA,NA,"",NA,"",""
1128,"02/07/2023 02:45:00 (MST)","Pre",88.67,NA,"Logistics Specialties Inc. (8)","Utah","","","rarely","","WSS",0,2,3,3,1,3,1,3,3,3,2,NA,NA,3,NA,"",NA,"","With Help"
1362,"03/07/2025 16:16:21 (MST)","Pre",59.5,NA,"Logistics Specialties Inc. (8)","Montana","","","","","CPSO",0,3,2,0,1,2,3,3,3,2,NA,NA,NA,6,NA,"",NA,"","No Help"
699,"10/06/2024 23:08:35 (MST)","Pre",68.11,NA,"Turn Community Services (29)","Utah","","often","sometimes","","WBLE",0,2,2,3,2,1,0,1,1,3,3,2,NA,NA,NA,"",NA,"","No Help"
1819,"01/28/2024 16:53:49 (MST)","Pre",34.04,-3,"Logistics Specialties Inc. (8)","Oklahoma","general","","","sometimes","CSS",0,2,2,2,1,1,2,1,3,2,1,2,NA,NA,NA,"",NA,"","No Help"
187,"06/07/2022 06:41:44 (MST)","Post",77,9.5,"Logistics Specialties Inc. (8)","Utah","","","","","ISA",0,2,1,2,1,3,3,2,1,1,NA,NA,NA,NA,NA,"",NA,"","No Help"
267,"01/28/2025 23:19:23 (MST)","Pre",17,NA,"Turn Community Services (29)","Utah","","often","","","FL",0,0,2,2,2,2,1,0,2,0,NA,1,3,NA,NA,"2",NA,"",""
2207,"04/29/2025 10:35:23 (MST)","Pre",71.07,43.66,"Central Technology Center (Central Tech) (56)","Utah","","often","","","JS",0,2,1,3,2,3,1,1,1,NA,3,3,2,NA,NA,"",NA,"","No Help"
1521,"07/01/2022 08:14:40 (MST)","Post",97,NA,"Logistics Specialties Inc. (8)","Montana","","","","","JOBEX",0,0,2,1,1,3,1,1,2,1,3,NA,NA,NA,3,"0",NA,"","With Help"
1393,"09/15/2024 15:57:20 (MST)","Pre",41.44,NA,"Turn Community Services (29)","Utah","","","sometimes","","JOBEX",0,0,2,2,1,2,0,3,3,3,3,NA,NA,2,1,"1",NA,"","No Help"
2035,"08/22/2023 16:14:07 (MST)","Pre",85.89,NA,"Southern Utah University (27)","Utah","","","","","FL",0,2,1,2,0,3,2,2,3,2,NA,NA,NA,NA,NA,"",NA,"","No Help"
227,"11/14/2023 22:08:17 (MST)","Pre",60.64,50.33,"North Sanpete School District (24)","Utah","","rarely","","","WBLE",0,3,2,3,2,3,3,3,3,3,3,NA,NA,NA,NA,"",NA,"",""
1134,"06/04/2023 23:30:41 (MST)","Post",67.83,NA,"Logistics Specialties Inc. (8)","Utah","","","","","WSS",0,3,1,0,3,2,3,3,2,1,NA,3,NA,NA,NA,"",NA,"","No Help"
2035,"10/02/2023 15:04:46 (MST)","Pre",87,8.11,"Logistics Specialties Inc. (8)","Utah","","never","","","CSS",0,1,2,2,0,0,1,1,0,NA,NA,NA,NA,2,NA,"3",NA,"","No Help"
2459,"04/22/2023 12:50:31 (MST)","Pre",87.48,NA,"Logistics Specialties Inc. (8)","Wyoming","","never","rarely","always","ISA",0,3,3,0,1,0,2,2,1,3,NA,NA,NA,3,2,"",NA,"","No Help"
1210,"09/25/2022 05:34:23 (MST)","Post",38.67,NA,"Logistics Specialties Inc. (8)","Utah","general","sometimes","rarely","","JOBEX",0,1,2,1,3,2,0,1,1,1,NA,NA,0,1,NA,"1",NA,"","No Help"
2533,"02/07/2023 06:06:30 (MST)","Pre",41.44,NA,"Yellowstone Academy (214)","Utah","general","","","","CPSO",0,1,2,3,3,2,3,3,3,3,3,0,1,NA,NA,"$ 10.00",NA,"","No Help"
687,"04/14/2024 16:51:14 (MST)","Pre",84.5,10.34,"Logistics Specialties Inc. (8)","Utah","","always","rarely","","ILOM",0,3,2,1,2,3,0,2,2,NA,1,NA,NA,NA,NA,"",NA,"",""
717,"03/09/2024 15:51:52 (MST)","Pre",85.89,NA,"Logistics Specialties Inc. (8)","Utah","general","","","","WSS",0,2,3,2,3,1,2,2,1,2,NA,NA,NA,NA,0,"",NA,"","No Help"
90,"02/13/2023 11:04:00 (MST)","Pre",26.17,NA,"Logistics Specialties Inc. (8)","Demo","","","","","JS",0,2,1,2,2,1,2,0,2,1,NA,1,NA,2,NA,"",NA,"","No Help"
1995,"09/24/2022 03:03:08 (MST)","Pre",48.85,11.29,"Logistics Specialties Inc. (8)","Utah","","","rarely","often","WSS",0,2,2,2,2,2,2,3,0,3,2,NA,NA,NA,NA,"",NA,"","No Help"
2321,"04/29/2023 08:52:00 (MST)","Pre",72,22,"Roads to Independence (26)","Utah","","","rarely","","JOBEX",0,3,3,1,3,3,1,3,2,NA,NA,3,NA,NA,NA,"",NA,"","No Help"
1231,"10/09/2023 10:20:25 (MST)","Pre",67,NA,"Central Technology Center (Central Tech) (56)","Montana","specialized","","","","ISA",0,0,2,0,2,2,2,2,3,3,3,NA,NA,NA,0,"3",NA,"","No Help"
1775,"01/27/2025 19:06:05 (MST)","Post",41.44,42.46,"Logistics Specialties Inc. (8)","Demo","general","","","always","JS",0,1,2,3,2,2,1,1,2,1,2,NA,NA,NA,2,"",NA,"","No Help"
774,"09/12/2022 23:14:00 (MST)","Post",68.43,NA,"Stanford Public Schools (202)","Utah","","","","often","JOBEX",0,2,2,3,2,3,3,2,2,3,NA,NA,NA,NA,NA,"",NA,"","No Help"
1800,"04/23/2024 14:13:18 (MST)","Post",27.95,NA,"Community Options (82)","Utah","specialized","","","","ISA",0,1,1,1,3,3,3,1,1,1,3,3,3,NA,1,"",NA,"","No Help"
2533,"11/26/2023 16:46:37 (MST)","Pre",30.33,NA,"Community Options (82)","Utah","","","","","ISA",0,2,3,2,2,3,1,1,1,1,NA,1,NA,NA,NA,"",NA,"","No Help"
2276,"06/13/2025 14:14:35 (MST)","Post",32.56,NA,"Logistics Specialties Inc. (8)","Utah","general","never","sometimes","","JS",0,1,2,2,1,2,0,1,NA,NA,NA,NA,NA,3,1,"3",NA,"","With Help"
1138,"05/20/2024 16:35:10 (MST)","Pre",63.67,10.34,"Region 4 (274)","Utah","","never","","always","ILOM",0,1,3,1,1,1,3,2,3,0,2,3,3,NA,1,"",NA,"","No Help"
1329,"10/09/2023 10:22:10 (MST)","Pre",59.96,NA,"Logistics Specialties Inc. (8)","Utah","","always","never","","CPSO",0,1,0,3,1,3,0,1,1,1,1,NA,NA,NA,3,"",NA,"","No Help"
2387,"09/03/2024 16:18:58 (MST)","Pre",25.57,NA,"Logistics Specialties Inc. (8)","Utah","","often","","","CPSO",0,1,2,3,3,0,2,3,3,3,NA,2,3,NA,NA,"",NA,"",""
871,"11/29/2024 10:47:23 (MST)","Pre",68.11,23.67,"Logistics Specialties Inc. (8)","Montana","","","","sometimes","JS",0,2,3,2,0,2,1,3,1,3,2,NA,NA,NA,NA,"1",NA,"","No Help"
1641,"01/23/2023 08:00:44 (MST)","Pre",44.62,37,"Logistics Specialties Inc. (8)","Utah","","","rarely","","JOBEX",0,2,1,2,2,3,0,3,2,2,NA,NA,NA,NA,NA,"",NA,"",""
424,"04/29/2023 08:49:00 (MST)","Post",60.33,NA,"Linderman Education Center (224)","Utah","specialized","","rarely","","WSS",0,3,2,3,3,3,3,2,3,2,1,NA,1,3,NA,"",1,"","No Help"
1346,"04/13/2024 14:55:14 (MST)","Pre",90.33,0.34,"Logistics Specialties Inc. (8)","Utah","specialized","","","","JOBEX",0,2,1,2,2,3,2,2,3,2,NA,NA,NA,NA,NA,"",NA,"","No Help"
2554,"06/28/2024 12:58:39 (MST)","Pre",94.62,48.85,"Columbus Community Center (9)","Utah","","","","","FL",0,3,3,2,3,0,2,2,2,2,3,NA,NA,2,3,"",NA,"",""
2183,"05/03/2024 15:04:44 (MST)","Pre",44.62,NA,"Logistics Specialties Inc. (8)","Utah","","","","","ISA",0,2,2,1,1,2,2,2,2,1,3,NA,NA,NA,NA,"",NA,"","No Help"
1354,"12/21/2024 10:37:20 (MST)","Pre",63.67,1.76,"Roads to Independence (26)","Utah","","never","","","CPSO",0,0,2,2,3,3,2,1,3,1,NA,NA,NA,NA,2,"",NA,"","No Help"
1011,"09/12/2022 14:49:39 (MST)","Pre",63.67,54.58,"Logistics Specialties Inc. (8)","Utah","","","","","ISA",0,2,1,2,1,2,2,1,3,NA,2,NA,NA,NA,NA,"3",NA,"","With Help"
2132,"05/03/2024 21:26:23 (MST)","Pre",67.37,-5.38,"Logistics Specialties Inc. (8)","Utah","","","","","CPSO",0,2,2,2,3,3,1,2,3,3,NA,NA,2,3,2,"3",NA,"","No Help"
1972,"11/29/2024 10:46:41 (MST)","Pre",34.04,NA,"Logistics Specialties Inc. (8)","Oklahoma","","","","","ILOM",0,2,1,2,3,3,3,3,1,2,2,2,2,NA,NA,"",NA,"",""
491,"11/26/2024 08:31:03 (MST)","Pre",70.33,NA,"Logistics Specialties Inc. (8)","Utah","","","rarely","","ISA",0,3,3,2,2,0,1,3,3,3,NA,NA,NA,NA,NA,"",NA,"","With Help"
1210,"03/28/2022 05:50:39 (MST)","Pre",92.24,NA,"Darby K-12 School Dist. (158)","Utah","","always","sometimes","","ILOM",0,2,2,1,2,2,2,3,3,2,2,NA,3,2,NA,"",NA,"","No Help"
1785,"10/04/2024 13:29:34 (MST)","Pre",89.59,NA,"Columbus Community Center (9)","Utah","specialized","often","","","CPSO",0,2,2,3,1,1,2,2,1,1,2,NA,NA,NA,3,"$ 8.00",NA,"","No Help"
2126,"10/24/2022 11:08:56 (MST)","Pre",59.5,18.43,"Logistics Specialties Inc. (8)","Utah","","","","","CPSO",0,2,2,3,0,2,1,2,2,2,2,NA,NA,NA,NA,"",NA,"","No Help"
1641,"11/19/2024 10:38:06 (MST)","Pre",37.74,NA,"Logistics Specialties Inc. (8)","Utah","general","","rarely","often","ISA",0,2,2,1,1,2,3,1,3,NA,NA,NA,NA,NA,NA,"",NA,"",""
1254,"12/30/2024 15:16:19 (MST)","Pre",92.24,NA,"Spectrum Academy (28)","Utah","","","","","JOBEX",0,2,2,2,2,3,1,1,3,NA,2,1,NA,NA,3,"",NA,"",""
2462,"03/13/2023 08:34:14 (MST)","Pre",53.67,NA,"Logistics Specialties Inc. (8)","Utah","","","","","FL",0,3,2,3,2,1,3,1,1,NA,2,NA,1,NA,0,"",NA,"","No Help"
1353,"02/09/2024 14:38:47 (MST)","Pre",61.44,NA,"North Sanpete School District (24)","Utah","specialized","often","","","CSS",0,3,3,2,3,1,1,2,2,3,3,NA,3,NA,NA,"",NA,"","No Help"
2276,"06/13/2025 14:10:34 (MST)","Post",50.33,NA,"Logistics Specialties Inc. (8)","Utah","general","","rarely","","ISA",0,3,1,1,2,3,2,3,3,2,0,NA,NA,3,3,"1",NA,"","No Help"
69,"02/11/2025 20:10:06 (MST)","Post",97,3.06,"Roads to Independence (26)","Utah","general","","never","","FL",0,2,3,0,2,0,3,1,3,NA,1,NA,NA,NA,NA,"",NA,"","No Help"
2141,"04/29/2025 10:32:22 (MST)","Post",26.63,NA,"Logistics Specialties Inc. (8)","Utah","general","often","","","WBLE",0,3,1,3,1,2,2,3,1,2,2,2,NA,NA,NA,"2",NA,"","No Help"
978,"11/08/2024 11:14:58 (MST)","Pre",37.74,NA,"Logistics Specialties Inc. (8)","Utah","","","sometimes","always","CSS",0,0,2,3,3,2,2,2,1,3,NA,2,3,NA,NA,"",NA,"","No Help"
539,"07/13/2024 15:24:51 (MST)","Post",94.22,25.57,"Logistics Specialties Inc. (8)","Utah","","rarely","","","WSS",0,2,3,1,2,2,0,3,2,2,1,NA,NA,NA,NA,"",NA,"","No Help"
1785,"07/08/2022 06:39:02 (MST)","Pre",70.81,NA,"Southern Utah University (27)","Utah","","never","never","","WBLE",0,1,2,3,2,3,2,1,1,1,1,2,2,2,NA,"",NA,"","No Help"
1441,"01/09/2023 08:36:51 (MST)","Pre",42.45,NA,"Logistics Specialties Inc. (8)","Utah","specialized","","","rarely","ISA",0,3,2,1,2,3,3,3,3,3,3,2,NA,NA,2,"",NA,"","No Help"
2157,"01/31/2025 12:42:20 (MST)","Pre",73.19,NA,"Columbus Community Center (9)","Utah","","","","","WSS",0,1,1,2,3,1,3,3,2,0,NA,1,NA,NA,NA,"",NA,"","Observer"
1120,"06/03/2025 14:36:01 (MST)","Post",56.52,7,"A2Demo (21)","Utah","","","often","sometimes","WSS",0,2,1,1,1,2,1,3,3,NA,1,2,NA,NA,NA,"",NA,"",""
406,"09/08/2024 12:43:08 (MST)","Pre",97,NA,"Region 1 (271)","Utah","","","never","","CPSO",0,2,3,1,2,2,3,2,2,NA,2,NA,NA,NA,NA,"1",NA,"","No Help"
1625,"07/11/2023 17:17:59 (MST)","Pre",30.33,NA,"Logistics Specialties Inc. (8)","Utah","specialized","often","rarely","","JOBEX",0,2,2,2,0,2,0,1,3,0,NA,NA,NA,NA,NA,"",NA,"",""
2121,"01/13/2024 15:56:01 (MST)","Pre",51.55,NA,"Logistics Specialties Inc. (8)","Utah","","","sometimes","","JOBEX",0,3,2,0,2,3,2,3,2,2,0,NA,NA,9,2,"",NA,"","No Help"
2388,"05/20/2024 16:04:27 (MST)","Pre",77.95,-7.76,"Turn Community Services (29)","Utah","","","","sometimes","ISA",0,1,3,3,1,2,2,1,3,NA,NA,2,NA,2,NA,"",NA,"","No Help"
1972,"06/04/2024 13:48:01 (MST)","Pre",51.17,11.29,"Turn Community Services (29)","Utah","","","","rarely","ILOM",0,1,2,1,3,3,1,1,1,NA,NA,3,NA,2,NA,"",NA,"","No Help"
759,"05/30/2025 17:45:05 (MST)","Pre",97,32.56,"Logistics Specialties Inc. (8)","Utah","","","rarely","","WBLE",0,1,3,0,2,2,0,3,3,3,NA,NA,1,NA,NA,"",NA,"",""
262,"05/04/2025 11:38:14 (MST)","Post",97,NA,"Utah State University (59)","Utah","","rarely","","","JOBEX",0,1,3,1,1,3,2,1,3,1,NA,3,NA,NA,NA,"",NA,"","No Help"
166,"06/13/2025 14:11:56 (MST)","Post",63.67,NA,"Logistics Specialties Inc. (8)","Utah","specialized","","","","WBLE",0,2,3,1,3,2,1,1,0,3,NA,3,NA,2,1,"",NA,"",""
2268,"09/24/2022 23:25:00 (MST)","Pre",77.95,-3,"Logistics Specialties Inc. (8)","Utah","","rarely","","","WBLE",0,0,1,0,0,3,2,3,3,3,NA,1,NA,NA,NA,"",NA,"","No Help"
2164,"09/17/2023 10:53:05 (MST)","Post",41.44,6.09,"Logistics Specialties Inc. (8)","Oklahoma","specialized","rarely","","","ISA",0,3,2,3,3,1,2,3,1,1,1,2,NA,NA,2,"",NA,"","With Help"
1254,"08/09/2022 07:56:45 (MST)","Post",17,NA,"Logistics Specialties Inc. (8)","Utah","specialized","sometimes","","","ISA",0,2,1,2,1,1,0,2,2,NA,1,NA,3,NA,3,"",1,"","With Help"
2388,"07/24/2023 01:13:08 (MST)","Pre",87,NA,"Roads to Independence (26)","Utah","general","","","never","WBLE",0,1,3,3,2,2,3,3,3,2,NA,2,NA,2,3,"",NA,"",""
508,"01/27/2025 15:57:13 (MST)","Post",52.56,15.52,"Central Technology Center (Central Tech) (56)","Utah","","","","","WBLE",0,3,3,3,2,2,2,3,3,2,NA,3,1,NA,0,"",NA,"","No Help"
2387,"03/12/2023 02:43:00 (MST)","Pre",90.33,8.12,"Logistics Specialties Inc. (8)","Utah","","","","","ILOM",0,2,2,1,2,3,0,1,3,3,0,2,NA,NA,NA,"",NA,"","With Help"
926,"02/13/2023 16:59:33 (MST)","Pre",88.67,NA,"Logistics Specialties Inc. (8)","Utah","specialized","often","","","ISA",0,1,1,1,3,1,2,3,2,3,NA,0,2,NA,1,"",NA,"","No Help"
1096,"03/09/2024 11:23:48 (MST)","Pre",19.22,52.55,"Logistics Specialties Inc. (8)","Montana","","","","","JOBEX",0,3,2,3,2,2,3,3,1,2,NA,3,3,NA,2,"",NA,"","No Help"
421,"02/11/2023 07:13:35 (MST)","Pre",94.78,NA,"Logistics Specialties Inc. (8)","Utah","general","","","","FL",0,2,2,2,3,2,1,0,0,2,NA,NA,NA,NA,NA,"$ 15.00",NA,"",""
1369,"09/27/2024 15:21:24 (MST)","Pre",87.91,11.29,"Logistics Specialties Inc. (8)","Demo","","often","","always","FL",0,3,2,1,3,2,2,0,1,1,3,NA,NA,NA,NA,"",NA,"","No Help"
270,"10/21/2022 23:54:00 (MST)","Post",55.33,NA,"Yellowstone Academy (214)","Utah","","","sometimes","","ISA",0,3,1,3,3,0,2,2,1,3,2,2,NA,NA,NA,"",NA,"","No Help"
508,"10/01/2024 01:16:25 (MST)","Post",68.43,-6.71,"Turn Community Services (29)","Utah","specialized","","rarely","","WBLE",0,2,1,2,2,0,1,2,2,2,NA,NA,NA,2,NA,"",NA,"",""
1984,"07/23/2024 17:09:02 (MST)","Post",-3,4.41,"Logistics Specialties Inc. (8)","Utah","","","","","CPSO",0,1,2,1,2,2,1,0,2,2,NA,NA,NA,NA,NA,"1",NA,"","No Help"
1254,"12/19/2023 09:26:51 (MST)","Post",47,NA,"Logistics Specialties Inc. (8)","Utah","","","often","","JS",0,3,0,1,3,1,1,2,3,3,3,0,2,NA,NA,"",NA,"",""
585,"12/21/2024 10:35:41 (MST)","Pre",42.83,13.66,"Logistics Specialties Inc. (8)","Utah","","","","sometimes","WBLE",0,2,1,3,2,2,1,2,1,2,0,3,NA,0,2,"",NA,"","No Help"
735,"10/10/2023 10:42:40 (MST)","Post",67.37,NA,"Logistics Specialties Inc. (8)","Utah","","","","","JS",0,1,3,2,2,3,2,2,3,NA,1,2,NA,NA,NA,"",NA,"","No Help"
69,"11/08/2022 05:07:49 (MST)","Post",72,NA,"Logistics Specialties Inc. (8)","Utah","specialized","","","","JOBEX",0,1,3,3,3,0,2,2,1,NA,3,3,NA,NA,NA,"",NA,"","With Help"
2528,"04/29/2023 08:50:00 (MST)","Pre",97,NA,"Columbus Community Center (9)","Utah","","","","","JS",0,2,1,2,3,2,2,0,NA,2,3,NA,NA,2,NA,"",NA,"","No Help"
1901,"08/04/2024 15:46:02 (MST)","Pre",68.43,-3,"Columbus Community Center (9)","Utah","","","","","WBLE",0,3,0,2,1,3,2,3,0,2,2,2,NA,2,NA,"",NA,"","No Help"
1028,"10/17/2022 06:18:26 (MST)","Pre",78.82,NA,"Roads to Independence (26)","Utah","","","","","WBLE",0,2,2,3,3,2,2,2,3,NA,1,2,NA,NA,NA,"",NA,"","With Help"
284,"11/08/2024 13:15:35 (MST)","Pre",71.07,-3,"Logistics Specialties Inc. (8)","Utah","","","","","CSS",0,1,3,2,2,0,2,2,2,3,NA,NA,NA,NA,NA,"",NA,"","No Help"
593,"01/27/2025 18:59:09 (MST)","Pre",59.96,NA,"Columbus Community Center (9)","Utah","","","","","CPSO",0,3,3,3,3,3,2,0,2,1,2,NA,NA,NA,NA,"",NA,"","With Help"
1320,"11/10/2024 12:17:37 (MST)","Pre",87.48,NA,"Logistics Specialties Inc. (8)","Utah","","","","","ISA",0,3,3,2,3,1,3,2,0,3,3,3,NA,NA,NA,"",NA,"",""
205,"10/04/2024 13:26:53 (MST)","Pre",90.33,NA,"Logistics Specialties Inc. (8)","Utah","specialized","","rarely","","CSS",0,1,3,3,1,3,3,1,2,1,1,2,NA,NA,1,"",NA,"","No Help"
1354,"04/05/2025 12:32:59 (MST)","Pre",77.95,41.45,"Turn Community Services (29)","Montana","","","rarely","","JOBEX",0,1,2,2,2,3,2,2,2,NA,1,3,NA,NA,NA,"2",NA,"","No Help"
1239,"05/23/2025 15:51:19 (MST)","Post",87.91,NA,"Yellowstone Academy (214)","Utah","","","","","ILOM",0,1,3,1,2,3,3,2,2,NA,3,NA,NA,NA,NA,"",NA,"","No Help"
1626,"05/22/2022 07:36:45 (MST)","Pre",56.26,NA,"Logistics Specialties Inc. (8)","Utah","","sometimes","","","CSS",0,1,2,0,2,1,3,1,3,2,NA,1,3,NA,NA,"",NA,"","No Help"
175,"07/11/2023 17:23:10 (MST)","Pre",80.33,NA,"Logistics Specialties Inc. (8)","Utah","specialized","","rarely","","ISA",0,3,2,1,2,1,3,2,2,2,NA,NA,3,NA,NA,"",NA,"","No Help"
1984,"11/05/2024 12:04:06 (MST)","Pre",63.67,NA,"Yellowstone Academy (214)","Utah","","","sometimes","sometimes","ISA",0,2,3,2,3,1,2,3,2,2,1,NA,3,NA,NA,"0",NA,"","No Help"
1995,"02/28/2023 12:14:31 (MST)","Pre",32.71,NA,"Logistics Specialties Inc. (8)","Utah","","","","often","FL",0,3,3,2,1,1,3,2,1,NA,NA,NA,NA,NA,2,"",NA,"","No Help"
1353,"02/16/2025 13:08:51 (MST)","Post",73.19,NA,"Turn Community Services (29)","Utah","","","","sometimes","QWEX",0,2,3,3,3,3,2,1,2,3,3,NA,NA,NA,2,"",NA,"","No Help"
1128,"12/01/2024 15:47:07 (MST)","Pre",70.33,11.29,"Logistics Specialties Inc. (8)","Oklahoma","","always","","","JS",0,3,1,1,3,3,2,1,3,3,1,2,3,NA,NA,"",NA,"","No Help"
1190,"02/13/2023 11:09:00 (MST)","Post",51.17,NA,"Logistics Specialties Inc. (8)","Utah","","rarely","","rarely","ISA",0,3,1,1,3,2,1,2,2,NA,0,3,NA,NA,1,"",NA,"","No Help"
1441,"05/01/2023 09:51:00 (MST)","Post",47,13.67,"Logistics Specialties Inc. (8)","Utah","","","","always","ISA",0,2,1,1,1,3,1,3,2,2,2,2,NA,NA,2,"",NA,"","No Help"
2132,"06/02/2023 19:19:25 (MST)","Pre",39.42,4.41,"Turn Community Services (29)","Utah","","","","","JOBEX",0,3,2,1,2,3,1,1,2,2,2,NA,0,3,NA,"",NA,"","No Help"
1157,"02/06/2023 13:22:59 (MST)","Pre",50.33,-14.11,"OU Northeast (54)","Utah","","","","","JS",0,3,2,3,2,3,3,2,1,1,0,2,NA,2,3,"",NA,"","No Help"
1329,"05/28/2025 17:15:54 (MST)","Post",54.78,NA,"Columbus Community Center (9)","Utah","general","","","","CSS",0,2,2,1,2,2,2,2,3,1,1,NA,NA,NA,NA,"",NA,"","No Help"
1521,"11/26/2024 08:54:28 (MST)","Pre",61.44,NA,"Logistics Specialties Inc. (8)","Utah","","","rarely","always","JS",0,2,2,3,2,3,1,1,2,NA,NA,NA,NA,NA,3,"",NA,"","No Help"
593,"02/15/2025 13:21:30 (MST)","Post",97,NA,"Turn Community Services (29)","Utah","","","","always","JS",0,2,1,2,3,1,0,0,3,2,NA,NA,3,2,NA,"",NA,"","No Help"
1669,"10/16/2023 12:38:52 (MST)","Post",94.78,NA,"Logistics Specialties Inc. (8)","Utah","general","","","","CPSO",0,3,2,2,3,1,2,2,1,1,NA,3,NA,NA,NA,"",NA,"",""
2141,"06/25/2024 13:03:03 (MST)","Pre",52.56,NA,"Logistics Specialties Inc. (8)","Utah","","","never","always","CPSO",0,1,1,0,3,1,1,1,3,NA,2,1,NA,NA,NA,"",NA,"","No Help"
2228,"01/25/2025 10:24:18 (MST)","Post",59.96,NA,"Turn Community Services (29)","Montana","specialized","","sometimes","sometimes","JS",0,3,3,1,3,0,2,2,2,1,NA,3,NA,NA,NA,"",NA,"","No Help"
522,"11/17/2024 17:01:15 (MST)","Post",67.37,17,"Columbus Community Center (9)","Utah","","","","","FL",0,2,3,2,2,1,1,2,3,3,1,NA,3,2,NA,"3",NA,"","No Help"
1142,"03/25/2025 15:05:05 (MST)","Pre",87,NA,"Turn Community Services (29)","Utah","","rarely","","","FL",0,3,2,3,2,1,2,2,3,2,NA,NA,NA,NA,NA,"",NA,"","No Help"
77,"09/23/2023 11:55:45 (MST)","Post",55.33,NA,"Logistics Specialties Inc. (8)","Utah","general","","","sometimes","JOBEX",0,2,3,3,3,3,1,0,2,1,NA,1,NA,3,NA,"",NA,"","No Help"
2388,"11/24/2023 18:18:03 (MST)","Post",79.22,25.89,"Logistics Specialties Inc. (8)","Utah","","","","","JS",0,2,3,2,1,3,0,1,2,2,3,NA,NA,NA,NA,"1",NA,"","No Help"
681,"03/28/2025 13:08:20 (MST)","Pre",70.33,51.76,"Logistics Specialties Inc. (8)","Utah","","rarely","","always","CPSO",0,3,3,3,2,3,2,2,2,NA,NA,NA,NA,NA,NA,"",NA,"","No Help"
2069,"05/28/2024 10:35:32 (MST)","Post",38.67,NA,"Yellowstone Academy (214)","Utah","","","","always","WSS",0,2,2,3,2,2,3,2,3,NA,1,NA,NA,NA,2,"",NA,"","No Help"
1615,"11/08/2022 07:43:04 (MST)","Pre",59.22,NA,"Logistics Specialties Inc. (8)","Utah","specialized","rarely","","","ISA",0,2,2,3,1,3,2,1,1,1,2,2,NA,NA,NA,"",NA,"","No Help"
2338,"06/18/2022 08:17:20 (MST)","Pre",77,NA,"OU Northeast (54)","Colorado","","never","","","ISA",0,3,2,3,3,3,1,0,2,3,2,3,NA,NA,NA,"",NA,"","With Help"
1353,"09/24/2022 23:43:00 (MST)","Post",77,NA,"A2Demo (21)","Utah","","","rarely","sometimes","WSS",0,3,3,1,2,0,1,2,2,NA,NA,1,NA,NA,NA,"",NA,"",""
1916,"12/03/2024 11:19:44 (MST)","Pre",67.83,NA,"Logistics Specialties Inc. (8)","Demo","","","","","ISA",0,1,2,1,2,3,2,0,2,3,3,3,3,NA,NA,"",NA,"","No Help"
2132,"01/09/2023 08:28:47 (MST)","Post",76.17,NA,"Logistics Specialties Inc. (8)","Utah","","","","always","FL",0,2,2,3,2,1,2,1,3,NA,3,2,NA,3,NA,"",NA,"",""
1615,"08/17/2024 12:31:16 (MST)","Pre",61.29,NA,"Turn Community Services (29)","Demo","","","often","","WBLE",0,2,1,1,3,2,1,3,1,3,1,NA,2,3,1,"",NA,"",""
338,"01/28/2023 09:09:11 (MST)","Pre",47,-6.03,"Logistics Specialties Inc. (8)","Utah","","often","","always","ISA",0,2,3,1,3,3,2,3,1,NA,1,1,NA,NA,NA,"",1,"","No Help"
2391,"10/15/2024 12:11:27 (MST)","Pre",28.11,NA,"Canyons School District (10)","Utah","","","","","JS",0,1,3,3,0,2,3,2,0,1,NA,0,NA,NA,NA,"",NA,"","No Help"
1346,"01/27/2025 18:56:54 (MST)","Pre",89.86,NA,"Logistics Specialties Inc. (8)","Utah","","","","","JOBEX",0,2,2,3,2,0,2,3,2,1,NA,3,1,NA,NA,"",NA,"","No Help"
98,"01/16/2024 19:28:45 (MST)","Pre",59.5,NA,"Logistics Specialties Inc. (8)","Utah","","","sometimes","","QWEX",0,1,3,2,1,2,0,3,2,2,3,NA,NA,NA,2,"",NA,"",""
2264,"11/28/2022 18:24:56 (MST)","Pre",11.81,-3,"Logistics Specialties Inc. (8)","Utah","","often","","","CPSO",0,3,0,3,2,2,2,1,0,1,NA,NA,2,3,2,"",NA,"","With Help"
1625,"11/09/2024 18:04:22 (MST)","Pre",85.89,NA,"Logistics Specialties Inc. (8)","Utah","specialized","","sometimes","","ISA",0,3,2,0,2,3,3,2,1,NA,NA,NA,3,3,2,"",NA,"",""
2505,"11/10/2024 12:17:03 (MST)","Post",97,NA,"Logistics Specialties Inc. (8)","Utah","general","","","sometimes","ISA",0,2,0,3,1,3,3,1,3,NA,NA,NA,NA,NA,NA,"",NA,"","No Help"
398,"10/14/2023 14:05:56 (MST)","Pre",67.83,NA,"North Sanpete School District (24)","Utah","","","","","FL",0,1,2,3,2,2,2,2,0,1,NA,1,3,NA,NA,"",NA,"",""
2141,"02/10/2024 16:56:52 (MST)","Post",45.89,NA,"Roads to Independence (26)","Utah","general","","","","JOBEX",0,1,1,3,0,1,1,3,3,NA,1,NA,NA,NA,NA,"",NA,"","No Help"
2183,"02/11/2025 16:03:50 (MST)","Post",74.78,4.4,"Logistics Specialties Inc. (8)","Utah","","","","","ISA",0,2,3,3,1,1,1,2,2,3,0,NA,NA,2,NA,"1",NA,"","No Help"
236,"08/21/2023 12:39:22 (MST)","Pre",57,NA,"Columbus Community Center (9)","Utah","","","","","JOBEX",0,1,2,2,2,2,2,2,2,NA,3,1,NA,2,NA,"",NA,"","No Help"
717,"06/26/2023 22:32:03 (MST)","Pre",80.33,19.23,"Spectrum Academy (28)","Utah","general","never","never","","JS",0,3,3,3,2,2,2,1,1,NA,1,1,2,2,NA,"",NA,"","No Help"
1353,"06/21/2024 11:30:13 (MST)","Post",12.15,NA,"Lockwood School Dist. / County of Yellowstone Dist. #26 (182)","Utah","","","","sometimes","CPSO",0,3,1,1,2,2,3,2,1,3,2,NA,NA,3,1,"",NA,"","No Help"
1231,"10/24/2022 11:10:49 (MST)","Post",88.67,NA,"Turn Community Services (29)","Utah","","","rarely","","WSS",0,2,2,3,3,3,1,3,3,1,NA,NA,NA,NA,NA,"",NA,"","No Help"
1096,"04/01/2025 15:35:04 (MST)","Post",34.5,26.17,"Turn Community Services (29)","Utah","","","","","JS",0,3,3,2,3,2,2,2,2,1,3,NA,2,NA,1,"",NA,"","No Help"
2164,"04/30/2024 23:33:47 (MST)","Pre",89.59,NA,"Logistics Specialties Inc. (8)","Utah","","","","","JS",0,1,2,1,3,0,1,2,3,NA,NA,NA,NA,NA,NA,"",NA,"","No Help"
978,"01/15/2023 04:37:07 (MST)","Post",82.71,-3,"Spectrum Academy (28)","Oklahoma","","","","always","FL",0,2,3,2,3,3,3,1,3,1,NA,NA,NA,NA,NA,"",NA,"","No Help"
1901,"05/02/2025 12:39:33 (MST)","Pre",52.56,NA,"Logistics Specialties Inc. (8)","Utah","","often","","","FL",0,2,2,3,2,2,3,1,1,2,3,2,NA,2,NA,"",NA,"","No Help"
2069,"08/14/2022 23:20:00 (MST)","Pre",59.22,17.83,"Logistics Specialties Inc. (8)","Utah","","","","","FL",0,3,3,3,3,0,2,1,3,3,1,NA,3,3,NA,"",NA,"",""
2264,"09/15/2024 15:53:40 (MST)","Post",34.04,NA,"Logistics Specialties Inc. (8)","Utah","specialized","","","","ISA",0,0,1,3,3,2,0,1,1,NA,NA,2,NA,NA,3,"",NA,"","No Help"
1880,"10/18/2024 15:42:21 (MST)","Post",87,NA,"Logistics Specialties Inc. (8)","Utah","","","","always","CSS",0,1,3,1,1,1,2,3,2,2,NA,NA,NA,NA,2,"3",NA,"","No Help"
978,"10/21/2024 13:29:08 (MST)","Pre",63.67,0.71,"Logistics Specialties Inc. (8)","Utah","","","","","FL",0,3,2,1,1,2,2,2,3,NA,1,NA,2,NA,3,"3",NA,"","With Help"
539,"10/07/2022 11:35:48 (MST)","Pre",59.96,-13,"Southern Utah University (27)","Utah","","","","always","CPSO",0,2,1,2,3,1,3,2,3,3,0,NA,NA,NA,NA,"",NA,"","No Help"
1103,"12/01/2024 14:52:11 (MST)","Post",10.33,9.5,"Logistics Specialties Inc. (8)","Utah","","rarely","","always","JOBEX",0,3,2,1,3,1,0,2,0,NA,3,NA,NA,NA,NA,"",NA,"","No Help"
1626,"10/07/2023 22:56:14 (MST)","Post",93.3,NA,"North Sanpete School District (24)","Utah","specialized","","","","CPSO",0,3,2,2,3,3,1,1,2,3,0,NA,NA,NA,2,"0",NA,"","No Help"
2387,"09/26/2023 12:10:22 (MST)","Post",56.26,NA,"Columbus Community Center (9)","Utah","","rarely","rarely","","ISA",0,1,0,3,1,2,2,3,3,3,NA,1,NA,NA,1,"",NA,"",""
132,"10/10/2022 09:25:00 (MST)","Pre",22.93,NA,"Linderman Education Center (224)","Utah","","","","","JS",0,3,1,1,3,2,2,1,1,NA,NA,NA,NA,NA,NA,"",NA,"","No Help"
864,"03/23/2024 13:23:53 (MST)","Post",84.5,-3,"Turn Community Services (29)","Utah","general","never","rarely","often","ISA",0,3,2,2,2,1,2,3,3,1,3,NA,NA,NA,NA,"",NA,"","No Help"
1103,"08/27/2023 11:55:26 (MST)","Pre",34.5,NA,"Turn Community Services (29)","Utah","","","","","WBLE",0,1,2,2,2,3,2,2,1,1,1,2,1,3,1,"2",NA,"","No Help"
267,"11/26/2024 10:04:44 (MST)","Pre",78.48,NA,"Logistics Specialties Inc. (8)","Utah","general","","","","WSS",0,3,3,0,2,1,1,2,3,2,3,NA,NA,NA,NA,"",NA,"",""
1096,"05/03/2024 12:12:56 (MST)","Post",61.44,NA,"Roads to Independence (26)","Utah","","never","","","CSS",0,2,2,3,2,2,0,1,1,2,2,3,NA,NA,2,"",NA,"","No Help"
2113,"03/01/2024 17:24:30 (MST)","Post",72.56,48.52,"Columbus Community Center (9)","Utah","","","","sometimes","QWEX",0,1,2,3,0,3,2,2,1,1,NA,3,NA,NA,0,"",NA,"",""
6,"05/30/2025 17:36:23 (MST)","Post",85.1,NA,"Logistics Specialties Inc. (8)","Oklahoma","","","","","ISA",0,2,0,2,2,2,0,1,NA,1,NA,NA,NA,NA,NA,"",NA,"",""
722,"09/25/2022 06:51:00 (MST)","Post",59.96,NA,"Spectrum Academy (28)","Oklahoma","","","","","FL",1,2,3,3,0,2,2,0,3,1,2,1,1,NA,3,"",NA,"",""
756,"10/29/2023 17:05:07 (MST)","Pre",81.44,-23.83,"Logistics Specialties Inc. (8)","Utah","general","","","","JS",0,2,1,2,2,1,2,3,1,NA,1,NA,2,NA,NA,"",NA,"","No Help"
1346,"10/20/2024 14:11:24 (MST)","Pre",30.33,NA,"North Sanpete School District (24)","Montana","","","","","JS",0,3,0,1,2,3,1,0,2,3,3,NA,NA,2,3,"2",NA,"","No Help"
1441,"10/07/2022 02:04:00 (MST)","Pre",72,15.52,"Central Technology Center (Central Tech) (56)","Utah","","","","","JS",0,1,2,1,1,1,2,3,1,1,2,NA,NA,3,NA,"3",1,"","No Help"
774,"08/13/2024 07:23:58 (MST)","Pre",88.67,23.67,"Logistics Specialties Inc. (8)","Utah","","","","always","WSS",0,3,1,2,2,3,1,1,3,2,3,NA,NA,NA,3,"",NA,"","No Help"
699,"02/17/2024 14:11:06 (MST)","Pre",58.9,NA,"Logistics Specialties Inc. (8)","Montana","","","","","WBLE",0,2,0,3,1,3,2,3,2,3,NA,1,NA,NA,0,"",NA,"","No Help"
681,"01/28/2024 16:45:56 (MST)","Pre",69.73,NA,"Roads to Independence (26)","Utah","","often","","","CPSO",0,2,2,3,3,0,3,3,2,1,3,NA,2,NA,NA,"",NA,"","No Help"
687,"10/23/2022 03:12:25 (MST)","Pre",70.33,22.92,"Southern Utah University (27)","Demo","","","rarely","always","ISA",0,2,3,2,3,2,1,0,2,3,1,NA,NA,3,NA,"",NA,"","No Help"
1026,"10/18/2024 12:52:00 (MST)","Pre",70.33,NA,"Logistics Specialties Inc. (8)","Utah","","","","","CPSO",0,3,2,0,2,3,3,1,3,1,NA,NA,NA,NA,2,"",NA,"",""
2554,"11/29/2024 10:44:22 (MST)","Pre",74.78,NA,"Columbus Community Center (9)","Utah","general","","rarely","","JOBEX",0,3,0,1,2,2,1,1,3,3,1,NA,NA,NA,2,"",NA,"",""
2157,"09/12/2022 04:57:43 (MST)","Pre",97,NA,"Logistics Specialties Inc. (8)","Wyoming","specialized","","rarely","","ISA",0,1,1,0,1,3,3,2,0,2,2,3,NA,NA,NA,"",NA,"","No Help"
1702,"01/13/2024 16:01:09 (MST)","Post",73.67,NA,"Logistics Specialties Inc. (8)","Utah","","","rarely","","ILOM",0,3,3,3,3,3,2,1,3,1,1,2,NA,1,NA,"",NA,"","No Help"
69,"11/14/2022 06:11:04 (MST)","Post",54.78,NA,"Logistics Specialties Inc. (8)","Utah","general","","never","never","WBLE",0,1,1,3,2,2,1,0,2,3,2,0,NA,NA,NA,"1",NA,"","With Help"
1800,"03/24/2024 13:31:38 (MST)","Post",57,NA,"Logistics Specialties Inc. (8)","Utah","general","rarely","","often","JS",0,3,1,2,2,0,2,2,3,2,NA,3,NA,NA,1,"$ 12.00",NA,"",""
2528,"09/28/2024 12:18:52 (MST)","Pre",63.67,26.16,"Logistics Specialties Inc. (8)","Utah","","often","","","CSS",0,3,3,2,1,3,1,1,3,3,NA,NA,NA,2,2,"",NA,"",""
1771,"12/30/2023 11:45:29 (MST)","Pre",51.17,-3,"Columbus Community Center (9)","Montana","","","","","WSS",0,0,2,2,3,3,3,1,3,1,3,NA,3,NA,NA,"",NA,"",""
961,"06/06/2023 11:14:07 (MST)","Pre",51.17,NA,"Logistics Specialties Inc. (8)","Utah","general","","","","CPSO",0,1,2,2,0,2,2,2,3,2,3,NA,NA,NA,NA,"",NA,"","No Help"
2073,"06/08/2025 17:01:20 (MST)","Pre",41.44,14.78,"A2Demo (21)","Utah","specialized","","","","ISA",0,3,1,2,3,3,3,2,1,1,1,NA,NA,NA,NA,"",NA,"",""
1994,"06/19/2022 09:03:46 (MST)","Post",41.44,-3,"Logistics Specialties Inc. (8)","Montana","","","","","JS",0,1,3,3,2,2,3,3,3,NA,2,2,3,NA,NA,"",NA,"",""
826,"12/08/2024 12:56:37 (MST)","Pre",90.33,15.18,"Spectrum Academy (28)","Utah","specialized","","","","CPSO",0,1,2,2,3,3,1,2,3,3,NA,NA,2,NA,2,"",NA,"","No Help"
1820,"02/19/2024 14:44:22 (MST)","Pre",66.05,NA,"Logistics Specialties Inc. (8)","Utah","","","rarely","","JS",0,2,2,3,0,2,0,3,3,3,1,1,NA,NA,NA,"1",NA,"",""
2554,"02/22/2025 12:26:35 (MST)","Pre",82.19,NA,"Logistics Specialties Inc. (8)","Utah","specialized","","sometimes","","CPSO",0,0,1,0,1,1,2,2,1,2,NA,NA,NA,NA,NA,"2",NA,"","No Help"
860,"11/23/2024 12:22:15 (MST)","Post",85.89,NA,"Logistics Specialties Inc. (8)","Utah","specialized","","","","ILOM",0,2,2,2,2,1,3,3,3,2,2,NA,2,NA,2,"",NA,"",""
1501,"07/30/2024 12:45:26 (MST)","Pre",68.43,NA,"Roads to Independence (26)","Utah","general","","","","JS",0,3,1,2,3,3,0,2,2,1,NA,NA,2,NA,NA,"",NA,"","No Help"
2276,"10/15/2024 17:53:41 (MST)","Post",33.36,-9.67,"Roads to Independence (26)","Utah","","","","","ISA",0,2,1,2,3,1,2,1,0,3,NA,1,3,1,3,"",NA,"","No Help"
2495,"11/11/2024 11:38:39 (MST)","Post",53.67,NA,"Logistics Specialties Inc. (8)","Utah","","","","sometimes","CSS",0,1,3,1,3,2,2,3,2,2,NA,3,2,NA,NA,"",NA,"","No Help"
2473,"12/07/2024 10:26:51 (MST)","Pre",72,NA,"A2Demo (21)","Wyoming","","","","","JS",0,1,2,2,2,1,2,1,2,1,2,NA,NA,NA,NA,"",NA,"","Observer"
1771,"03/14/2025 16:36:05 (MST)","Pre",57,NA,"Logistics Specialties Inc. (8)","Utah","general","","","","WSS",0,3,3,2,2,2,3,1,2,2,NA,NA,2,NA,NA,"",NA,"","No Help"
69,"04/01/2023 07:25:57 (MST)","Pre",59.5,NA,"A2Demo (21)","Montana","","","","","QWEX",0,3,2,3,3,2,2,3,1,NA,2,NA,NA,NA,NA,"",NA,"","No Help"
1785,"10/26/2024 19:40:28 (MST)","Pre",57,-3,"Turn Community Services (29)","Utah","","","","","CSS",0,0,2,0,3,2,2,3,3,1,NA,3,NA,NA,3,"",NA,"","No Help"
1537,"04/04/2023 04:51:40 (MST)","Pre",63.67,NA,"Region 1 (271)","Oklahoma","","","rarely","","JS",0,3,0,1,2,1,2,3,2,3,NA,0,NA,3,2,"",NA,"",""
1474,"01/05/2025 10:39:11 (MST)","Post",8.11,NA,"Logistics Specialties Inc. (8)","Utah","","always","","rarely","JS",0,2,1,1,2,3,3,1,3,3,1,NA,NA,NA,NA,"",NA,"","With Help"
1896,"03/08/2025 12:52:32 (MST)","Pre",72.76,NA,"OU Northeast (54)","Utah","specialized","often","","","CSS",0,3,2,3,0,1,1,2,1,3,NA,NA,NA,NA,NA,"1",NA,"","No Help"
2439,"04/29/2025 10:39:36 (MST)","Pre",57,30.34,"Lockwood School Dist. / County of Yellowstone Dist. #26 (182)","Utah","","rarely","","","WBLE",0,3,2,3,0,1,2,3,3,1,NA,NA,1,NA,NA,"",NA,"","No Help"
681,"08/08/2022 04:58:55 (MST)","Pre",70.33,NA,"Logistics Specialties Inc. (8)","Utah","","","","","ISA",0,1,2,1,2,1,2,1,3,1,1,3,NA,NA,NA,"",NA,"","No Help"
2268,"03/28/2023 10:44:02 (MST)","Post",93.3,11.29,"Turn Community Services (29)","Utah","","always","rarely","always","CPSO",0,3,3,0,2,3,1,2,3,3,NA,3,NA,NA,NA,"",NA,"","No Help"
1362,"06/23/2024 11:09:30 (MST)","Post",51.17,NA,"Logistics Specialties Inc. (8)","Utah","specialized","","","","CSS",0,2,1,3,1,2,2,1,1,1,2,NA,NA,NA,3,"3",NA,"","No Help"
2361,"10/05/2024 15:22:19 (MST)","Post",59.96,NA,"Logistics Specialties Inc. (8)","Utah","","","","always","ISA",0,3,3,1,2,3,0,1,1,0,1,NA,NA,NA,3,"",NA,"",""
2132,"05/20/2024 16:28:57 (MST)","Post",82.71,NA,"Logistics Specialties Inc. (8)","Oklahoma","specialized","","","always","JOBEX",0,2,2,1,3,3,2,0,2,2,0,NA,NA,0,NA,"",NA,"","With Help"
2557,"12/10/2023 10:59:30 (MST)","Pre",63.67,10.33,"Logistics Specialties Inc. (8)","Utah","","","sometimes","sometimes","JOBEX",0,1,3,1,2,2,0,1,3,NA,1,NA,NA,NA,NA,"",NA,"","No Help"
2109,"03/22/2025 11:57:00 (MST)","Pre",19.22,NA,"Turn Community Services (29)","Utah","general","","","","JS",0,3,2,3,2,1,2,3,3,2,0,NA,NA,NA,NA,"",NA,"","No Help"
1393,"06/02/2023 19:12:47 (MST)","Pre",56.26,-6.33,"Logistics Specialties Inc. (8)","Utah","","often","","","ISA",0,1,0,3,2,2,2,2,3,1,1,NA,2,NA,2,"",NA,"","With Help"
1239,"10/08/2024 17:28:53 (MST)","Pre",47,NA,"Logistics Specialties Inc. (8)","Utah","","","","","ISA",0,2,3,3,0,3,2,0,2,2,1,3,NA,NA,1,"",NA,"","No Help"
2338,"10/07/2022 07:57:31 (MST)","Post",30.33,NA,"Logistics Specialties Inc. (8)","Utah","specialized","","","","JOBEX",0,2,2,2,1,3,2,2,3,2,2,2,NA,3,0,"",NA,"","With Help"
1702,"03/10/2023 04:39:00 (MST)","Pre",80.33,NA,"Southern Utah University (27)","Utah","","rarely","","","CPSO",0,3,2,3,3,3,3,3,2,3,NA,3,NA,2,2,"",NA,"","No Help"
2532,"06/21/2024 11:31:43 (MST)","Post",75.57,NA,"Roads to Independence (26)","Utah","","","","often","JOBEX",0,1,2,0,2,1,2,2,2,2,3,1,NA,NA,NA,"",NA,"","No Help"
69,"08/22/2022 06:01:38 (MST)","Pre",77,13.66,"Logistics Specialties Inc. (8)","Utah","","never","rarely","never","CSS",0,3,1,3,1,1,3,3,3,NA,3,2,3,NA,NA,"",NA,"","No Help"
589,"06/02/2023 19:15:16 (MST)","Post",57,NA,"Logistics Specialties Inc. (8)","Utah","general","","","often","ILOM",0,1,2,2,2,0,1,2,2,3,NA,3,3,3,2,"",NA,"","No Help"
1231,"07/29/2023 17:14:19 (MST)","Pre",80.33,NA,"Southern Utah University (27)","Utah","general","often","","","ILOM",0,0,2,1,2,3,0,2,2,3,NA,NA,NA,2,NA,"2",NA,"","No Help"
1353,"10/16/2023 14:01:21 (MST)","Pre",77.95,NA,"Logistics Specialties Inc. (8)","Utah","","often","","never","JS",0,3,1,3,2,1,3,3,2,2,NA,NA,NA,NA,0,"",NA,"","No Help"
2379,"07/07/2024 19:40:49 (MST)","Pre",83.67,4.41,"Columbus Community Center (9)","Utah","general","","","","JOBEX",0,0,2,3,2,3,1,1,0,3,3,3,NA,3,NA,"",NA,"",""
1157,"04/20/2025 11:23:32 (MST)","Pre",61.29,NA,"Roads to Independence (26)","Utah","","","","","JOBEX",0,3,2,2,1,2,2,1,2,NA,2,NA,NA,NA,0,"",NA,"",""
871,"03/11/2023 06:29:29 (MST)","Pre",83.67,NA,"Turn Community Services (29)","Utah","specialized","never","","sometimes","FL",0,3,2,2,2,1,2,0,1,3,NA,0,NA,NA,NA,"",NA,"","No Help"
2132,"02/05/2024 12:16:39 (MST)","Pre",39.22,NA,"Columbus Community Center (9)","Utah","","","","","JS",0,2,2,3,2,1,1,3,3,3,2,NA,NA,NA,NA,"2",NA,"","No Help"
1254,"12/08/2024 11:46:49 (MST)","Post",67.83,NA,"Logistics Specialties Inc. (8)","Utah","","","","","JS",0,2,3,3,1,2,3,2,2,3,2,2,NA,NA,NA,"",NA,"","No Help"
1231,"01/13/2023 06:53:59 (MST)","Pre",78.48,NA,"Logistics Specialties Inc. (8)","Utah","specialized","","sometimes","","JS",0,3,2,3,2,1,3,3,0,1,1,NA,NA,NA,NA,"",NA,"","No Help"
2276,"05/20/2024 16:34:04 (MST)","Pre",80.33,7,"Logistics Specialties Inc. (8)","Utah","","","","often","JS",0,2,2,1,3,3,3,1,3,3,NA,NA,1,NA,3,"",NA,"","No Help"
2473,"02/23/2024 17:06:43 (MST)","Pre",37,NA,"Logistics Specialties Inc. (8)","Utah","general","","sometimes","rarely","WBLE",0,3,2,1,0,1,1,3,0,3,3,3,NA,NA,NA,"",1,"","No Help"
98,"05/05/2024 11:30:16 (MST)","Post",43.67,NA,"Logistics Specialties Inc. (8)","Montana","","always","","sometimes","WBLE",0,2,3,2,3,3,1,1,2,1,NA,NA,NA,NA,NA,"1",NA,"","No Help"
1134,"06/03/2023 12:47:00 (MST)","Post",9.12,-3,"Logistics Specialties Inc. (8)","Utah","general","","","","JS",0,1,3,2,0,2,0,1,2,NA,NA,3,NA,3,NA,"",NA,"","No Help"
2132,"10/06/2024 23:12:40 (MST)","Pre",25.89,NA,"Logistics Specialties Inc. (8)","Utah","","rarely","","","WSS",0,2,2,3,1,1,1,3,3,2,2,NA,3,NA,NA,"",NA,"","No Help"
1819,"04/29/2025 14:03:26 (MST)","Pre",37,NA,"Logistics Specialties Inc. (8)","Demo","","","","","CSS",0,2,3,1,1,1,2,2,0,2,2,NA,1,1,3,"",NA,"","No Help"
2387,"08/09/2024 13:30:04 (MST)","Pre",53.67,NA,"Logistics Specialties Inc. (8)","Utah","","","","always","CSS",0,3,3,1,2,3,0,1,2,2,1,NA,3,NA,NA,"",NA,"","No Help"
2164,"04/17/2025 20:52:44 (MST)","Post",63.67,NA,"Turn Community Services (29)","Montana","","","","","CSS",0,3,2,2,1,1,2,1,3,2,NA,NA,NA,NA,2,"1",NA,"","No Help"
1669,"09/01/2024 14:34:56 (MST)","Post",90.94,NA,"Logistics Specialties Inc. (8)","Utah","","","","always","JS",0,3,2,2,2,1,3,0,1,1,NA,1,NA,7,NA,"",NA,"","With Help"
6,"10/13/2024 18:57:22 (MST)","Pre",36.39,NA,"Logistics Specialties Inc. (8)","Colorado","","","","","JOBEX",0,1,3,2,2,1,1,1,3,2,1,NA,NA,3,NA,"",NA,"","No Help"
1169,"01/16/2024 14:38:50 (MST)","Pre",85.89,-6.03,"Roads to Independence (26)","Utah","","","","always","JS",0,3,1,2,1,1,0,3,3,NA,3,NA,2,NA,NA,"",NA,"","No Help"
2316,"04/20/2025 14:59:10 (MST)","Pre",93.67,11.29,"Logistics Specialties Inc. (8)","Utah","","never","rarely","","JOBEX",0,1,2,1,3,1,1,2,2,3,NA,3,NA,3,NA,"",NA,"","With Help"
398,"11/08/2024 13:20:37 (MST)","Post",83.67,NA,"Logistics Specialties Inc. (8)","Utah","specialized","","","always","JS",0,2,2,2,2,3,3,3,2,3,2,NA,3,2,1,"",NA,"","No Help"
2126,"02/24/2023 03:03:00 (MST)","Pre",76.17,NA,"Logistics Specialties Inc. (8)","Utah","specialized","","","","ILOM",0,3,2,3,2,3,0,3,3,2,3,NA,3,NA,NA,"",NA,"",""
69,"02/26/2023 06:56:52 (MST)","Pre",40.33,7,"Region 4 (274)","Utah","","","","often","JOBEX",0,3,1,1,1,0,2,1,3,1,1,NA,NA,NA,0,"",NA,"","With Help"
2397,"11/08/2024 11:57:35 (MST)","Pre",85.89,NA,"Logistics Specialties Inc. (8)","Utah","general","","never","","JS",0,0,1,3,2,1,1,3,0,1,3,NA,NA,NA,2,"",NA,"",""
1393,"02/09/2025 16:13:55 (MST)","Post",63.67,NA,"Logistics Specialties Inc. (8)","Utah","specialized","","","rarely","JOBEX",0,1,2,3,0,3,0,3,3,1,NA,NA,NA,NA,1,"",NA,"","No Help"
681,"02/21/2025 16:44:53 (MST)","Pre",52.56,NA,"Logistics Specialties Inc. (8)","Utah","","always","","never","WSS",0,3,1,1,2,3,2,2,NA,2,2,2,2,3,NA,"",NA,"","No Help"
422,"11/26/2024 11:25:21 (MST)","Pre",65.89,10.33,"Logistics Specialties Inc. (8)","Utah","","","","often","QWEX",0,1,0,2,3,2,1,0,0,1,3,1,NA,3,NA,"2",NA,"","No Help"
1626,"07/09/2022 05:40:16 (MST)","Pre",57,-3,"Columbus Community Center (9)","Utah","","","rarely","","CPSO",0,1,1,3,3,3,3,3,2,0,NA,1,2,5,NA,"",NA,"",""
2207,"07/27/2024 14:18:17 (MST)","Pre",52.56,11.29,"Logistics Specialties Inc. (8)","Utah","general","often","rarely","","CPSO",0,3,3,2,1,2,2,3,3,0,3,NA,NA,2,0,"2",NA,"","No Help"
421,"03/14/2025 18:06:50 (MST)","Pre",53.67,23.67,"University of Oklahoma (50)","Utah","","","never","","CSS",0,3,1,2,2,2,1,0,2,1,NA,NA,NA,3,3,"",NA,"","No Help"
641,"06/19/2022 09:39:53 (MST)","Post",82.19,NA,"Hamilton School Dist. #3 (170)","Utah","","never","rarely","","FL",0,3,2,1,1,3,2,3,2,1,1,NA,NA,2,3,"",NA,"","With Help"
826,"10/14/2023 13:52:16 (MST)","Pre",50.33,NA,"Logistics Specialties Inc. (8)","Utah","specialized","never","","often","ISA",0,2,2,2,2,1,2,1,0,NA,3,NA,NA,NA,NA,"",NA,"","No Help"
1669,"02/16/2024 17:34:27 (MST)","Post",54.78,7,"Columbus Community Center (9)","Utah","general","","","","JOBEX",0,3,2,1,2,2,1,3,2,3,2,NA,NA,NA,NA,"",NA,"",""
1819,"09/24/2023 16:33:54 (MST)","Pre",72,23.19,"Central Technology Center (Central Tech) (56)","Utah","","always","rarely","","JS",0,2,3,3,1,3,2,2,2,0,2,NA,NA,3,NA,"",NA,"","No Help"
1346,"03/01/2025 02:18:21 (MST)","Pre",94.22,NA,"Logistics Specialties Inc. (8)","Utah","","","sometimes","","ISA",0,2,1,1,1,2,0,3,1,0,NA,NA,2,NA,NA,"",NA,"","No Help"
2342,"11/08/2024 14:11:18 (MST)","Post",57,5.89,"North Sanpete School District (24)","Utah","","often","rarely","","FL",0,3,1,1,1,1,1,2,3,NA,NA,NA,NA,3,NA,"0",NA,"","With Help"
2214,"06/28/2024 12:58:03 (MST)","Pre",74.78,NA,"Logistics Specialties Inc. (8)","Utah","","","","","ISA",0,3,2,3,2,2,3,1,2,NA,3,NA,NA,3,0,"",NA,"","With Help"
1210,"11/08/2024 11:11:45 (MST)","Post",37,NA,"OU Northeast (54)","Utah","","","","","FL",0,2,3,3,3,2,1,1,1,2,2,3,NA,3,NA,"",NA,"","No Help"
1916,"06/07/2024 14:40:29 (MST)","Pre",83.67,NA,"Yellowstone Academy (214)","Demo","specialized","","","","JOBEX",0,2,0,3,3,3,2,2,0,NA,NA,3,NA,3,2,"",NA,"","No Help"
1441,"03/18/2023 08:07:03 (MST)","Post",47,NA,"Utah State Office of Rehabilitation (USOR) (30)","Utah","general","","","never","CSS",1,3,2,1,1,0,2,2,2,3,NA,NA,3,3,NA,"",NA,"","No Help"
1641,"10/14/2023 14:14:06 (MST)","Post",77,63.67,"Logistics Specialties Inc. (8)","Utah","","","never","always","ISA",0,1,2,1,2,2,3,2,2,0,NA,1,NA,1,1,"",NA,"","No Help"
313,"01/13/2024 15:57:55 (MST)","Pre",87.48,NA,"Logistics Specialties Inc. (8)","Utah","specialized","","","","ISA",0,1,1,3,2,3,3,1,3,2,2,NA,NA,6,NA,"2",NA,"",""
2298,"10/27/2022 23:17:00 (MST)","Post",92.24,NA,"Logistics Specialties Inc. (8)","Utah","","never","","sometimes","JS",0,2,1,1,3,1,1,1,1,2,NA,NA,2,1,NA,"",NA,"","No Help"
1626,"11/05/2023 12:54:58 (MST)","Pre",51.55,35.1,"University of Oklahoma (50)","Utah","general","often","rarely","","CSS",0,2,0,3,3,1,2,2,1,3,3,NA,NA,3,NA,"",NA,"","No Help"
398,"06/06/2025 14:51:24 (MST)","Pre",52.56,NA,"Spectrum Academy (28)","Utah","","","","","ISA",0,3,1,0,3,2,1,1,1,1,1,3,2,NA,NA,"",NA,"","No Help"
424,"04/26/2025 15:32:38 (MST)","Pre",51.17,NA,"Logistics Specialties Inc. (8)","Utah","","","rarely","","JS",0,3,3,3,3,2,2,2,0,2,NA,NA,3,3,3,"",NA,"","No Help"
2141,"07/18/2023 11:07:38 (MST)","Pre",50.33,0.33,"Central Technology Center (Central Tech) (56)","Utah","","","rarely","never","WBLE",0,3,2,2,3,2,2,1,2,2,1,0,NA,1,NA,"",NA,"","No Help"
1800,"06/07/2022 06:39:32 (MST)","Pre",97,NA,"Logistics Specialties Inc. (8)","Demo","","","","","JS",0,2,0,3,2,2,1,2,2,2,NA,0,NA,NA,NA,"",NA,"","No Help"
496,"06/18/2023 11:32:14 (MST)","Pre",75.57,17,"Logistics Specialties Inc. (8)","Utah","","","","","WSS",0,3,3,3,2,3,2,2,0,1,NA,NA,NA,NA,NA,"",NA,"","No Help"
1320,"09/06/2024 10:12:30 (MST)","Pre",41.44,NA,"OU Northeast (54)","Utah","","","rarely","","FL",0,3,1,1,2,2,2,1,3,NA,3,NA,3,NA,NA,"1",NA,"","No Help"
2361,"02/21/2025 12:17:14 (MST)","Post",45.89,-0.62,"Logistics Specialties Inc. (8)","Utah","","","","","JS",0,1,2,2,3,2,2,3,3,2,1,3,2,NA,NA,"",NA,"",""
1138,"05/26/2025 11:32:45 (MST)","Pre",48.85,NA,"Logistics Specialties Inc. (8)","Utah","","","","","JOBEX",0,2,0,3,3,3,3,1,1,NA,NA,NA,2,NA,NA,"",NA,"",""
1441,"08/12/2023 18:56:16 (MST)","Pre",92.56,NA,"Columbus Community Center (9)","Montana","","","","","JS",0,2,1,2,1,3,2,3,3,1,2,NA,NA,NA,2,"",NA,"","No Help"
2224,"03/29/2025 11:45:36 (MST)","Post",74.78,21.44,"Logistics Specialties Inc. (8)","Utah","","sometimes","","often","WSS",0,3,2,2,2,2,1,2,0,3,NA,NA,NA,2,NA,"",NA,"","No Help"
1140,"12/11/2023 21:06:59 (MST)","Pre",41.44,-3,"Logistics Specialties Inc. (8)","Utah","","","rarely","","QWEX",0,2,2,1,1,1,1,2,2,2,NA,NA,NA,NA,1,"2",NA,"","No Help"
1896,"10/06/2024 23:10:50 (MST)","Post",79.22,-15.5,"Columbus Community Center (9)","Utah","","sometimes","","","CPSO",0,2,1,3,1,2,2,1,2,NA,3,3,NA,NA,NA,"",NA,"","No Help"
2214,"11/01/2024 18:13:49 (MST)","Pre",30.33,-15.5,"Roads to Independence (26)","Utah","general","","","","JOBEX",0,1,3,1,1,1,2,2,1,2,3,NA,NA,2,NA,"0",NA,"","With Help"
1771,"01/27/2024 17:52:47 (MST)","Post",94.22,0.71,"Logistics Specialties Inc. (8)","Utah","","","","","ILOM",0,1,2,3,3,2,3,1,1,1,1,NA,3,NA,NA,"",NA,"","No Help"
248,"08/10/2022 02:51:00 (MST)","Pre",55.33,NA,"Logistics Specialties Inc. (8)","Utah","","","","","CPSO",0,3,2,3,3,3,3,3,3,3,2,3,NA,NA,NA,"",NA,"","No Help"
331,"12/23/2022 07:22:46 (MST)","Post",69.73,5.89,"Logistics Specialties Inc. (8)","Utah","","","rarely","rarely","FL",0,3,2,2,2,3,3,1,3,1,1,NA,NA,NA,2,"",NA,"","No Help"
398,"01/15/2024 01:42:06 (MST)","Post",76.17,16.04,"University of Oklahoma (50)","Utah","","never","","","WBLE",0,2,2,1,3,0,3,1,1,2,2,NA,NA,NA,3,"",NA,"","No Help"
2132,"03/08/2025 12:53:02 (MST)","Post",30.33,30.34,"Logistics Specialties Inc. (8)","Utah","specialized","","rarely","sometimes","QWEX",0,3,2,3,3,0,0,2,3,3,0,1,3,NA,NA,"3",NA,"","No Help"
1474,"01/13/2023 00:52:00 (MST)","Pre",66.7,NA,"Yellowstone Academy (214)","Utah","","","rarely","","WBLE",1,3,3,2,1,0,1,2,3,3,1,3,NA,NA,3,"",NA,"","No Help"
2354,"08/16/2022 07:39:43 (MST)","Pre",50.33,NA,"Southern Utah University (27)","Utah","","","","","JS",0,2,1,1,3,2,2,3,1,2,NA,3,3,NA,NA,"",NA,"","No Help"
860,"10/17/2023 22:17:23 (MST)","Post",55.33,NA,"Logistics Specialties Inc. (8)","Utah","","","","","JOBEX",0,3,0,2,2,3,3,3,2,3,0,2,2,NA,1,"",NA,"",""
262,"03/21/2025 10:50:38 (MST)","Post",41.44,10.33,"Cache Employment Training Center (80)","Utah","","sometimes","","rarely","JS",0,3,2,3,1,3,3,0,3,0,2,2,NA,NA,2,"",NA,"","With Help"
1785,"05/24/2025 14:39:30 (MST)","Pre",81.85,NA,"Logistics Specialties Inc. (8)","Utah","","","never","","CPSO",0,2,2,0,2,1,2,3,2,1,2,NA,NA,NA,2,"",NA,"","No Help"
262,"05/30/2025 17:42:08 (MST)","Pre",72.76,30.33,"Logistics Specialties Inc. (8)","Utah","","","","","JOBEX",0,3,2,3,3,3,0,3,1,1,NA,3,NA,NA,NA,"",NA,"","No Help"
187,"09/03/2023 15:21:23 (MST)","Pre",57,NA,"Southern Utah University (27)","Utah","","","rarely","","JS",0,2,2,3,1,1,2,2,2,NA,NA,NA,3,NA,NA,"",NA,"",""
2439,"10/10/2023 11:44:58 (MST)","Post",97,NA,"Logistics Specialties Inc. (8)","Utah","specialized","never","","","ISA",0,2,2,3,3,3,1,1,1,2,3,NA,2,NA,1,"",NA,"","No Help"
69,"11/26/2023 10:14:23 (MST)","Post",54.78,NA,"Logistics Specialties Inc. (8)","Utah","","often","","","WBLE",0,2,1,2,3,2,2,2,3,2,3,NA,NA,NA,NA,"",NA,"","No Help"
1025,"11/10/2024 19:57:48 (MST)","Post",74.78,-5.38,"Logistics Specialties Inc. (8)","Oklahoma","specialized","","","","WSS",0,1,3,0,2,1,3,1,0,3,2,3,3,NA,NA,"",NA,"",""
2554,"06/21/2024 11:26:10 (MST)","Post",60.33,4.15,"Logistics Specialties Inc. (8)","Utah","","","","","JS",0,2,1,1,1,2,2,2,2,NA,0,NA,NA,3,1,"",NA,"","No Help"
262,"04/27/2024 16:09:21 (MST)","Pre",59.96,10.33,"Turn Community Services (29)","Utah","","always","","","CSS",0,1,2,0,3,1,3,2,2,2,NA,NA,3,3,NA,"",NA,"","No Help"
2397,"12/09/2024 16:44:36 (MST)","Post",74.78,NA,"Logistics Specialties Inc. (8)","Utah","general","never","","","ISA",0,3,2,0,2,3,1,3,1,NA,3,NA,NA,NA,NA,"",NA,"",""
794,"11/11/2024 11:40:05 (MST)","Post",59.5,NA,"Logistics Specialties Inc. (8)","Utah","","","sometimes","","CPSO",0,1,2,2,1,2,0,1,3,2,1,2,2,NA,1,"2",NA,"","Observer"
2462,"08/20/2024 10:23:04 (MST)","Pre",85.89,NA,"Logistics Specialties Inc. (8)","Utah","specialized","","","","JS",0,3,3,2,1,1,3,1,2,3,NA,3,NA,NA,2,"",NA,"",""
508,"12/25/2022 19:32:00 (MST)","Post",77,NA,"Columbus Community Center (9)","Utah","","","","","WBLE",0,3,2,2,1,3,1,2,2,NA,NA,3,NA,NA,NA,"",NA,"","No Help"
593,"09/25/2022 08:55:48 (MST)","Post",63.67,NA,"Central Technology Center (Central Tech) (56)","Utah","general","","","","ISA",0,3,2,0,2,1,3,3,3,3,2,NA,2,NA,NA,"",NA,"","No Help"
2533,"09/26/2022 04:35:25 (MST)","Pre",63.67,NA,"Spectrum Academy (28)","Demo","","","","","JS",0,2,1,3,3,1,2,3,0,NA,1,NA,NA,NA,NA,"",NA,"","No Help"
1128,"04/29/2023 05:17:00 (MST)","Pre",40.33,-13,"Central Technology Center (Central Tech) (56)","Utah","","","","","ILOM",0,3,2,2,3,2,2,0,3,2,NA,2,2,NA,0,"",NA,"","No Help"
2338,"05/25/2025 16:00:11 (MST)","Pre",27.95,NA,"A2Demo (21)","Demo","specialized","","","sometimes","ISA",0,2,3,2,1,3,3,2,1,3,NA,NA,NA,NA,NA,"",NA,"","No Help"
248,"11/24/2024 13:59:43 (MST)","Post",63.67,NA,"OU Northeast (54)","Utah","","","","sometimes","ISA",0,2,1,2,2,0,3,1,2,2,3,1,NA,2,NA,"",NA,"","No Help"
593,"06/23/2023 14:25:44 (MST)","Pre",76.17,NA,"Spectrum Academy (28)","Montana","","sometimes","","","JOBEX",0,3,2,2,3,3,2,1,1,1,2,0,NA,NA,2,"",NA,"","With Help"
589,"01/16/2024 00:30:32 (MST)","Pre",73.67,NA,"Roads to Independence (26)","Utah","specialized","","sometimes","","WBLE",0,2,2,1,2,0,2,1,1,1,NA,NA,NA,NA,3,"1",1,"","No Help"
1254,"04/29/2025 17:55:56 (MST)","Pre",70.33,NA,"Columbus Community Center (9)","Utah","","","rarely","","JOBEX",0,3,1,1,2,2,2,1,3,2,NA,NA,NA,NA,1,"2",NA,"","No Help"
1864,"11/26/2024 08:56:51 (MST)","Pre",15.52,NA,"Logistics Specialties Inc. (8)","Oklahoma","","","","","WBLE",0,2,3,2,1,2,2,2,2,3,NA,NA,NA,NA,0,"",NA,"","No Help"
2012,"01/28/2023 09:02:08 (MST)","Pre",66.05,5.89,"Logistics Specialties Inc. (8)","Utah","","","","","WBLE",0,2,3,2,1,2,3,2,0,NA,3,NA,NA,NA,NA,"",NA,"","No Help"
1254,"06/18/2024 16:37:52 (MST)","Post",63.67,27,"Turn Community Services (29)","Oklahoma","","","never","","ISA",0,0,2,0,3,3,0,2,2,1,3,2,2,NA,NA,"0",NA,"","No Help"
1819,"08/09/2024 13:20:49 (MST)","Post",35.1,3.06,"Logistics Specialties Inc. (8)","Utah","","","sometimes","","JOBEX",0,3,3,2,2,1,1,1,2,2,NA,3,NA,NA,NA,"",NA,"","No Help"
2093,"10/12/2024 21:42:45 (MST)","Post",-3,NA,"A2Demo (21)","Utah","","","","","CSS",0,3,2,2,3,3,1,2,3,0,1,NA,NA,NA,NA,"",NA,"","No Help"
722,"08/12/2022 05:19:42 (MST)","Pre",80.33,48.52,"Darby K-12 School Dist. (158)","Utah","general","","","","FL",0,3,2,2,1,1,3,1,2,NA,2,NA,NA,NA,NA,"",NA,"","No Help"
1501,"10/07/2022 11:40:05 (MST)","Post",51.76,NA,"Logistics Specialties Inc. (8)","Utah","","","rarely","sometimes","JOBEX",0,3,3,0,1,2,1,2,3,2,2,2,NA,NA,NA,"",NA,"","No Help"
2069,"05/26/2024 16:35:43 (MST)","Post",76.17,NA,"Logistics Specialties Inc. (8)","Utah","","","","sometimes","CSS",0,0,1,3,2,1,1,3,2,1,2,3,NA,3,NA,"2",NA,"","No Help"
891,"02/07/2025 11:11:14 (MST)","Post",50.33,NA,"Logistics Specialties Inc. (8)","Utah","","","","","JOBEX",0,1,3,1,3,1,1,3,0,1,NA,NA,3,NA,NA,"1",NA,"","No Help"
508,"10/19/2024 11:35:26 (MST)","Pre",38.67,10.34,"Southern Utah University (27)","Utah","","","sometimes","sometimes","JOBEX",0,3,3,3,3,1,1,2,2,NA,3,3,NA,3,2,"",NA,"",""
1359,"02/19/2024 14:47:45 (MST)","Pre",47,11.82,"Logistics Specialties Inc. (8)","Utah","","often","","","FL",0,3,2,3,1,2,1,3,2,2,3,NA,3,NA,NA,"",NA,"",""
641,"08/21/2023 12:38:01 (MST)","Pre",47,15.51,"Utah Valley University (60)","Utah","","","","","JOBEX",0,2,1,2,3,0,2,1,3,NA,NA,NA,2,NA,3,"",NA,"","No Help"
687,"07/08/2022 06:07:08 (MST)","Post",97,NA,"Roads to Independence (26)","Montana","","never","","","ISA",0,3,3,3,1,2,2,2,3,NA,2,2,2,NA,NA,"",1,"","No Help"
88,"02/23/2025 15:43:21 (MST)","Post",53.67,NA,"Logistics Specialties Inc. (8)","Utah","general","always","","often","JOBEX",1,2,0,0,2,3,2,3,2,2,2,NA,3,NA,NA,"",NA,"","No Help"
2141,"07/13/2024 14:21:43 (MST)","Post",37,NA,"Logistics Specialties Inc. (8)","Utah","","","","","JS",0,1,1,3,2,2,2,1,2,0,3,3,3,NA,NA,"",NA,"",""
311,"05/06/2025 12:16:48 (MST)","Post",53.67,NA,"Roads to Independence (26)","Utah","specialized","","rarely","","ISA",0,2,2,2,2,2,1,0,2,NA,1,NA,NA,NA,NA,"",NA,"",""
1120,"03/10/2024 15:12:52 (MST)","Post",74.78,NA,"Roads to Independence (26)","Utah","","","","sometimes","WBLE",0,3,1,2,0,1,2,3,2,1,0,1,2,3,1,"",NA,"","No Help"
860,"04/20/2025 15:01:52 (MST)","Post",59.22,74.78,"Logistics Specialties Inc. (8)","Utah","","","","","WBLE",0,2,3,3,2,1,3,2,2,3,NA,NA,1,3,3,"",NA,"","With Help"
1625,"06/06/2023 11:10:16 (MST)","Pre",81.85,NA,"Roads to Independence (26)","Utah","general","","","","ISA",0,3,1,1,1,3,3,1,2,3,NA,NA,3,3,NA,"",NA,"",""
2276,"01/15/2024 10:59:32 (MST)","Pre",74.78,NA,"Logistics Specialties Inc. (8)","Utah","","","rarely","rarely","JOBEX",0,3,3,2,3,3,2,3,1,1,NA,2,NA,NA,NA,"",NA,"","No Help"
1855,"03/05/2024 13:08:35 (MST)","Post",74.78,NA,"Logistics Specialties Inc. (8)","Utah","","","","","CSS",0,1,3,2,2,1,3,1,3,1,NA,NA,NA,NA,NA,"",NA,"","With Help"
585,"03/03/2023 23:37:00 (MST)","Pre",52.56,NA,"Columbus Community Center (9)","Montana","specialized","","sometimes","","WSS",0,3,3,2,1,1,2,1,1,NA,0,NA,NA,2,2,"",NA,"","With Help"
311,"09/07/2024 16:14:43 (MST)","Post",50.33,NA,"Turn Community Services (29)","Utah","","never","","always","FL",0,3,3,2,2,3,2,3,NA,3,2,3,NA,NA,NA,"",NA,"","No Help"
1353,"12/31/2022 03:24:20 (MST)","Pre",39.22,13.67,"Region 1 (271)","Utah","general","","","","CPSO",0,1,1,2,1,2,2,2,0,0,2,NA,NA,3,NA,"",NA,"","No Help"
2391,"01/21/2024 17:03:02 (MST)","Pre",33.67,NA,"Turn Community Services (29)","Demo","","","","never","ISA",0,2,2,2,3,1,2,3,3,NA,NA,NA,NA,3,NA,"",NA,"","No Help"
860,"02/18/2025 08:50:22 (MST)","Pre",53.67,NA,"University of Oklahoma (50)","Utah","","","","","QWEX",0,1,1,0,2,2,1,1,2,2,NA,1,NA,NA,NA,"",NA,"","With Help"
1333,"12/07/2024 10:07:46 (MST)","Post",44.62,NA,"Turn Community Services (29)","Utah","specialized","","","","ISA",0,3,2,3,3,1,2,1,3,3,NA,3,NA,NA,NA,"",NA,"","No Help"
1501,"02/07/2023 06:17:55 (MST)","Post",93.3,48.11,"Southern Utah University (27)","Utah","general","","rarely","","ISA",0,3,2,3,2,0,0,1,2,2,3,3,0,NA,NA,"",NA,"","No Help"
1625,"04/19/2022 09:49:03 (MST)","Pre",59.96,56.26,"Logistics Specialties Inc. (8)","Utah","specialized","","rarely","always","WSS",0,2,1,0,0,2,3,3,0,2,3,0,1,NA,3,"",NA,"","No Help"
2390,"05/08/2023 10:48:52 (MST)","Pre",44.62,NA,"Logistics Specialties Inc. (8)","Utah","","always","","","ILOM",0,3,1,1,2,2,2,3,2,3,2,NA,2,NA,0,"",NA,"",""
1026,"01/22/2023 11:24:48 (MST)","Post",77,-10.4,"Logistics Specialties Inc. (8)","Utah","","","rarely","","JS",1,1,2,3,3,3,3,2,3,3,NA,3,2,10,2,"",NA,"","No Help"
1210,"07/01/2024 13:31:20 (MST)","Pre",54.14,NA,"Logistics Specialties Inc. (8)","Utah","specialized","","","","CSS",0,2,0,3,3,2,1,2,0,3,2,NA,NA,NA,NA,"",NA,"","No Help"
2397,"09/25/2022 05:50:01 (MST)","Post",90.33,NA,"Logistics Specialties Inc. (8)","Utah","","","","","WSS",0,3,3,1,1,3,3,2,3,2,1,3,NA,3,2,"",1,"","No Help"
505,"05/26/2023 14:24:29 (MST)","Pre",53.67,NA,"Turn Community Services (29)","Wyoming","","","sometimes","","FL",0,2,0,1,3,2,3,3,3,3,1,NA,NA,NA,1,"2",NA,"","With Help"
90,"12/23/2024 12:43:33 (MST)","Post",89.86,NA,"Roads to Independence (26)","Utah","","always","","rarely","WSS",0,2,0,3,1,1,2,2,3,2,NA,3,NA,NA,NA,"",NA,"",""
2121,"11/19/2024 10:34:46 (MST)","Pre",82.71,NA,"Columbus Community Center (9)","Utah","","","","","CPSO",0,2,1,1,2,2,1,2,2,1,NA,0,NA,3,NA,"",NA,"","No Help"
2203,"05/04/2025 11:28:34 (MST)","Pre",88.67,NA,"Adams 12 (98)","Utah","specialized","","","","JS",0,2,1,3,3,2,3,0,1,2,1,0,NA,NA,1,"",NA,"","No Help"
248,"09/06/2024 11:55:20 (MST)","Pre",83.67,9.12,"Yellowstone Academy (214)","Utah","","never","","","ISA",0,0,2,0,1,1,2,2,3,NA,3,NA,NA,NA,NA,"$ 10.00",NA,"","No Help"
593,"09/25/2022 22:54:00 (MST)","Pre",30.33,NA,"Logistics Specialties Inc. (8)","Utah","","often","","","CPSO",0,1,3,3,3,2,1,1,1,2,3,NA,NA,NA,NA,"",NA,"","No Help"
2147,"04/20/2025 11:42:58 (MST)","Pre",30.33,22.93,"Logistics Specialties Inc. (8)","Utah","","","sometimes","","WSS",0,2,2,1,3,2,3,2,2,2,3,NA,1,NA,2,"1",NA,"","No Help"
1960,"01/26/2025 16:20:41 (MST)","Pre",70.33,0.71,"Turn Community Services (29)","Utah","","often","","","ILOM",0,1,3,1,3,2,0,1,1,1,3,0,NA,NA,NA,"",NA,"","No Help"
826,"10/07/2022 05:48:02 (MST)","Post",58.9,11.29,"Turn Community Services (29)","Utah","","","","","WSS",0,3,3,2,2,3,3,1,2,2,NA,NA,3,NA,NA,"",NA,"","No Help"
521,"03/09/2024 15:54:56 (MST)","Post",68.43,-3,"Logistics Specialties Inc. (8)","Utah","","sometimes","","sometimes","CSS",0,1,2,1,2,1,2,0,2,3,NA,1,2,3,NA,"",NA,"","No Help"
1441,"10/26/2024 19:30:39 (MST)","Post",42.83,11.29,"Spectrum Academy (28)","Utah","","","","","CPSO",0,2,3,1,1,3,2,3,3,2,2,1,NA,NA,NA,"",NA,"",""
2352,"06/23/2023 14:23:11 (MST)","Pre",63.67,54.58,"Logistics Specialties Inc. (8)","Utah","","sometimes","","","ILOM",0,3,1,2,1,1,1,3,3,3,3,NA,3,5,1,"3",NA,"","No Help"
1820,"10/07/2022 05:51:47 (MST)","Pre",92.24,NA,"Logistics Specialties Inc. (8)","Utah","","","rarely","always","CPSO",0,2,2,1,0,3,3,2,2,3,NA,2,NA,NA,2,"",NA,"","No Help"
236,"10/10/2022 07:19:16 (MST)","Post",63.67,NA,"Logistics Specialties Inc. (8)","Utah","","","rarely","","WSS",0,2,1,1,1,2,2,3,2,1,0,NA,2,NA,NA,"",NA,"","No Help"
1231,"05/04/2024 14:17:44 (MST)","Pre",78.48,11.81,"Logistics Specialties Inc. (8)","Utah","general","sometimes","","","JS",0,1,1,2,3,2,1,1,3,0,1,NA,NA,NA,NA,"",1,"","No Help"
2388,"05/05/2025 11:51:59 (MST)","Pre",90.33,NA,"Logistics Specialties Inc. (8)","Utah","","always","rarely","sometimes","JS",0,3,2,0,3,2,3,3,NA,NA,3,NA,NA,NA,NA,"",NA,"","With Help"
2388,"11/08/2024 14:08:15 (MST)","Pre",34.5,9.5,"Region 1 (271)","Utah","","","","","FL",0,3,0,2,3,3,2,1,0,1,3,2,NA,3,NA,"",NA,"","No Help"
1128,"09/26/2023 10:05:17 (MST)","Pre",49.38,3.06,"North Sanpete School District (24)","Utah","specialized","","","","JS",0,3,1,3,2,0,1,3,1,1,1,NA,NA,NA,2,"",NA,"","No Help"
496,"08/24/2024 10:28:37 (MST)","Pre",63.67,11.82,"Logistics Specialties Inc. (8)","Utah","specialized","never","","","JS",0,3,3,3,2,2,2,1,2,2,3,NA,1,NA,NA,"",NA,"","With Help"
2439,"07/17/2022 08:58:21 (MST)","Post",71.07,3.67,"Logistics Specialties Inc. (8)","Utah","","","","","JS",1,3,2,1,3,2,3,3,2,3,1,NA,NA,NA,0,"",NA,"","No Help"
166,"03/14/2023 04:20:00 (MST)","Post",81.44,NA,"Southern Utah University (27)","Utah","","","","always","JS",0,1,3,3,2,1,1,3,3,NA,2,NA,NA,2,NA,"",NA,"","No Help"
2379,"06/22/2023 22:21:06 (MST)","Pre",93.3,NA,"Columbus Community Center (9)","Utah","","","","","WBLE",0,2,3,3,3,2,3,3,3,2,1,NA,3,NA,NA,"2",NA,"","No Help"
2073,"02/05/2024 12:17:24 (MST)","Pre",19.22,NA,"Roads to Independence (26)","Utah","","","","often","ISA",0,3,3,2,2,3,3,3,1,0,3,NA,1,3,NA,"",NA,"","No Help"
687,"12/23/2024 11:07:25 (MST)","Post",41.44,NA,"Columbus Community Center (9)","Utah","","","","often","ISA",0,3,1,2,3,2,2,2,1,2,2,NA,NA,NA,NA,"",NA,"","No Help"
2129,"11/21/2023 09:49:53 (MST)","Post",37,NA,"Logistics Specialties Inc. (8)","Utah","general","","","always","ISA",0,3,3,0,1,2,3,1,1,NA,3,NA,NA,2,NA,"",NA,"","No Help"
2141,"01/07/2025 19:01:11 (MST)","Pre",4.41,NA,"Turn Community Services (29)","Utah","","","","","FL",0,3,3,3,2,1,2,3,3,2,NA,3,3,NA,NA,"",NA,"","With Help"
90,"08/09/2022 04:28:50 (MST)","Pre",97,NA,"Turn Community Services (29)","Utah","","sometimes","","always","CSS",0,2,3,1,3,2,1,1,2,3,NA,NA,NA,NA,2,"",NA,"","No Help"
508,"06/21/2024 15:00:38 (MST)","Pre",77.95,-0.78,"Logistics Specialties Inc. (8)","Utah","","","","","ILOM",0,3,1,3,2,2,2,1,1,1,0,NA,NA,NA,3,"",NA,"","No Help"
593,"06/08/2025 17:02:30 (MST)","Pre",70.33,NA,"Logistics Specialties Inc. (8)","Utah","","often","","","JS",0,3,3,3,3,3,2,2,2,3,2,NA,NA,NA,NA,"",NA,"","With Help"
641,"10/23/2023 23:29:14 (MST)","Post",75.57,NA,"Logistics Specialties Inc. (8)","Utah","","","sometimes","","FL",0,3,0,1,3,3,2,2,2,NA,NA,NA,2,NA,1,"$ 12.00",NA,"","With Help"
2093,"09/27/2024 11:11:58 (MST)","Pre",77,4.41,"Roads to Independence (26)","Utah","general","","","always","JS",0,1,2,2,1,3,3,1,1,1,NA,NA,NA,NA,NA,"",NA,"","No Help"
398,"06/10/2023 13:25:08 (MST)","Pre",41.44,NA,"Spectrum Academy (28)","Utah","","","","","ISA",0,3,0,2,1,3,2,2,3,3,3,NA,NA,NA,NA,"",NA,"","No Help"
6,"10/14/2023 17:38:17 (MST)","Post",55.33,-0.78,"Logistics Specialties Inc. (8)","Utah","general","always","","","FL",0,2,1,3,2,2,2,2,1,2,3,NA,1,NA,NA,"",NA,"","No Help"
2403,"10/17/2024 21:18:10 (MST)","Post",30.33,NA,"Turn Community Services (29)","Utah","","","","sometimes","CSS",0,2,1,2,1,2,1,3,3,3,NA,NA,NA,NA,3,"",NA,"","With Help"
1518,"04/14/2024 16:46:26 (MST)","Pre",56.26,NA,"Logistics Specialties Inc. (8)","Utah","general","","","always","JOBEX",0,0,3,3,2,2,2,2,1,3,1,NA,NA,NA,NA,"",NA,"","No Help"
496,"03/17/2024 14:06:00 (MST)","Pre",59.22,NA,"Logistics Specialties Inc. (8)","Utah","","","","","ILOM",0,3,1,3,2,3,3,2,1,NA,3,NA,1,1,NA,"",NA,"","No Help"
2388,"02/12/2023 06:55:10 (MST)","Post",54.14,NA,"Logistics Specialties Inc. (8)","Utah","","","rarely","sometimes","ISA",0,1,1,2,3,1,0,1,2,2,3,2,NA,NA,NA,"",NA,"","With Help"
1458,"10/07/2022 07:56:07 (MST)","Pre",22.93,24.27,"Logistics Specialties Inc. (8)","Utah","","","sometimes","","CPSO",0,3,3,1,3,2,2,2,2,2,2,NA,NA,NA,NA,"",1,"","No Help"
722,"10/06/2022 23:50:00 (MST)","Post",63.67,NA,"Columbus Community Center (9)","Oklahoma","","","rarely","","ILOM",0,1,2,3,2,1,3,3,2,2,0,NA,NA,NA,2,"1",NA,"","No Help"
1225,"09/25/2022 05:41:59 (MST)","Pre",72.56,NA,"Turn Community Services (29)","Utah","","always","rarely","sometimes","JS",0,2,1,3,3,2,2,0,2,NA,3,3,3,2,2,"2",NA,"","No Help"
2073,"04/27/2024 15:56:09 (MST)","Pre",50.33,NA,"Turn Community Services (29)","Utah","","sometimes","","","ISA",0,3,1,2,2,2,2,2,1,2,2,3,NA,1,NA,"3",NA,"","No Help"
1775,"10/27/2023 14:13:52 (MST)","Post",92.24,NA,"Roads to Independence (26)","Utah","general","","","","ISA",0,1,3,3,1,2,1,1,1,3,NA,NA,2,2,NA,"",NA,"","No Help"
871,"11/03/2024 12:04:33 (MST)","Pre",74.78,1.76,"Columbus Community Center (9)","Utah","","","","","CPSO",0,1,2,2,0,1,0,3,1,2,NA,NA,NA,NA,3,"",NA,"","No Help"
384,"11/26/2023 10:18:15 (MST)","Post",81.85,NA,"Roads to Independence (26)","Utah","","rarely","","","ILOM",0,3,2,3,2,3,1,1,2,2,1,NA,NA,10,NA,"",NA,"","No Help"
687,"01/15/2024 01:40:10 (MST)","Pre",59.5,NA,"Logistics Specialties Inc. (8)","Utah","","","rarely","","JOBEX",0,2,3,2,3,1,1,2,2,1,2,NA,NA,NA,NA,"",NA,"","No Help"
2113,"02/22/2025 18:46:36 (MST)","Pre",81.44,NA,"Turn Community Services (29)","Utah","specialized","","","","WBLE",0,2,2,2,2,3,3,1,2,1,NA,3,NA,NA,NA,"",NA,"",""
593,"03/22/2025 12:00:07 (MST)","Post",97,NA,"Logistics Specialties Inc. (8)","Utah","","rarely","","sometimes","JOBEX",0,3,2,3,2,0,2,2,1,NA,NA,NA,3,1,NA,"2",NA,"","No Help"
2305,"01/28/2024 17:08:37 (MST)","Pre",70.33,NA,"Logistics Specialties Inc. (8)","Utah","","","","often","WSS",0,1,1,1,0,1,2,1,3,1,2,NA,3,NA,0,"0",NA,"","No Help"
2129,"07/01/2024 13:29:47 (MST)","Pre",97,1.17,"Logistics Specialties Inc. (8)","Oklahoma","","","","","WBLE",0,2,2,3,3,3,1,1,2,2,2,NA,NA,2,NA,"",NA,"",""
175,"01/04/2025 18:15:50 (MST)","Pre",72,NA,"North Sanpete School District (24)","Oklahoma","","","sometimes","","ISA",0,1,2,2,1,2,1,1,1,3,NA,NA,NA,NA,NA,"",NA,"","No Help"
1528,"04/05/2025 20:06:20 (MST)","Pre",-3,NA,"OU Northeast (54)","Utah","","","","always","ILOM",0,3,2,2,3,3,3,2,2,1,1,NA,NA,NA,NA,"",NA,"","No Help"
1960,"06/17/2023 21:48:33 (MST)","Pre",55.33,NA,"Region 1 (271)","Utah","","","","","CPSO",0,1,1,3,0,2,1,1,2,NA,2,NA,3,NA,2,"",NA,"",""
376,"05/02/2025 18:22:01 (MST)","Post",55.33,NA,"Logistics Specialties Inc. (8)","Utah","","","","sometimes","JS",0,3,2,2,2,2,3,2,2,1,0,NA,NA,NA,NA,"",NA,"","No Help"
187,"07/19/2024 16:06:28 (MST)","Post",30.33,NA,"Turn Community Services (29)","Utah","","sometimes","","","ILOM",0,3,3,3,2,3,2,3,2,3,2,NA,3,2,NA,"",NA,"","No Help"
340,"01/28/2024 16:51:19 (MST)","Post",36.39,NA,"University of Oklahoma (50)","Utah","","often","","sometimes","CSS",0,2,3,2,2,2,2,2,3,3,NA,NA,NA,NA,NA,"",NA,"","No Help"
1333,"05/02/2023 04:41:30 (MST)","Post",59.96,NA,"Columbus Community Center (9)","Utah","","","","","ISA",0,3,2,2,1,2,0,2,3,3,0,NA,NA,2,2,"",1,"","No Help"
2109,"09/11/2022 06:12:39 (MST)","Post",41.44,NA,"North Sanpete School District (24)","Utah","general","","","always","FL",0,3,3,3,2,0,2,3,1,3,NA,NA,NA,NA,NA,"1",NA,"","No Help"
2227,"01/23/2023 07:49:18 (MST)","Pre",51.76,11.29,"Southern Utah University (27)","Montana","general","","","always","CPSO",0,2,3,3,2,3,2,2,2,3,NA,NA,3,NA,NA,"",NA,"","No Help"
2264,"09/03/2023 15:20:24 (MST)","Post",61.44,-7.16,"Logistics Specialties Inc. (8)","Utah","","","","","JS",0,2,3,1,3,0,3,3,1,2,3,NA,NA,NA,NA,"",NA,"","No Help"
406,"11/05/2024 07:35:24 (MST)","Post",87,NA,"Lockwood School Dist. / County of Yellowstone Dist. #26 (182)","Utah","","","sometimes","","ISA",0,1,3,3,2,2,3,2,3,3,NA,2,NA,NA,NA,"",NA,"","No Help"
2387,"12/08/2024 11:26:53 (MST)","Pre",66.05,NA,"Spectrum Academy (28)","Utah","","often","rarely","rarely","ILOM",0,2,2,1,3,3,1,1,1,1,NA,NA,3,2,3,"",NA,"","No Help"
602,"04/29/2025 10:38:29 (MST)","Pre",92.83,NA,"Turn Community Services (29)","Utah","","often","","","WBLE",0,3,2,1,2,2,1,1,2,NA,NA,1,1,NA,NA,"",NA,"","No Help"
2121,"04/20/2025 15:03:43 (MST)","Pre",22.93,NA,"Logistics Specialties Inc. (8)","Montana","","sometimes","","sometimes","CSS",0,2,3,1,1,2,1,3,2,2,3,NA,3,2,3,"",NA,"",""
2264,"04/01/2025 15:53:28 (MST)","Post",83.67,NA,"Roads to Independence (26)","Utah","general","often","","sometimes","ILOM",0,3,3,1,3,3,3,3,2,1,NA,3,NA,2,3,"",NA,"","No Help"
2557,"05/22/2022 07:01:45 (MST)","Post",77,NA,"Region 4 (274)","Utah","general","sometimes","","","WBLE",0,1,1,3,3,1,3,2,3,0,2,0,NA,NA,NA,"",NA,"","No Help"
1239,"11/12/2022 02:13:00 (MST)","Post",56.26,26.63,"Logistics Specialties Inc. (8)","Utah","","","","often","CSS",0,2,2,3,3,1,2,0,3,1,NA,NA,NA,NA,NA,"",NA,"",""
311,"11/07/2022 04:07:17 (MST)","Post",87.48,35.1,"Central Technology Center (Central Tech) (56)","Utah","","","","sometimes","JOBEX",0,2,3,2,3,1,2,3,3,0,3,1,2,NA,NA,"",NA,"","No Help"
1844,"07/24/2023 01:47:56 (MST)","Post",53.67,-12.52,"Logistics Specialties Inc. (8)","Utah","","","","","CPSO",0,3,3,3,2,1,2,0,1,NA,NA,NA,3,NA,NA,"",NA,"","No Help"
1669,"10/12/2024 17:20:12 (MST)","Pre",19.22,NA,"Roads to Independence (26)","Utah","","often","never","","JOBEX",0,3,0,1,2,2,1,3,3,2,NA,3,NA,3,NA,"$ 15.00",NA,"","No Help"
2361,"10/10/2022 07:02:49 (MST)","Post",57.61,27,"Turn Community Services (29)","Utah","general","","","","ILOM",0,2,1,1,1,1,2,3,2,1,1,NA,NA,NA,NA,"",NA,"","No Help"
1556,"11/08/2024 13:22:53 (MST)","Post",88.67,NA,"Logistics Specialties Inc. (8)","Utah","","","","","ISA",0,2,1,0,3,3,0,1,1,NA,NA,NA,NA,10,NA,"",NA,"","No Help"
687,"07/22/2024 16:13:01 (MST)","Pre",58.9,-5.38,"Logistics Specialties Inc. (8)","Utah","","","","","FL",0,3,2,1,3,2,3,2,3,3,NA,NA,NA,NA,3,"",NA,"","No Help"
411,"10/27/2024 16:41:26 (MST)","Pre",34.04,NA,"Logistics Specialties Inc. (8)","Utah","","","","","JOBEX",0,3,3,3,3,2,1,1,2,3,3,NA,NA,NA,NA,"",NA,"","No Help"
2218,"11/16/2024 18:00:53 (MST)","Pre",89.59,27,"Logistics Specialties Inc. (8)","Utah","","","","","CPSO",0,3,2,0,3,2,3,2,1,2,0,2,3,NA,NA,"",NA,"","No Help"
2388,"10/27/2023 14:38:34 (MST)","Pre",75.57,NA,"Columbus Community Center (9)","Utah","","often","","always","ILOM",0,2,3,0,1,1,2,2,3,0,NA,NA,0,NA,1,"",NA,"","With Help"
1744,"06/18/2022 08:24:52 (MST)","Pre",73.67,NA,"North Sanpete School District (24)","Utah","","often","","","ISA",0,3,1,1,3,3,2,0,2,2,3,NA,1,NA,NA,"",NA,"","No Help"
2354,"12/10/2023 11:01:53 (MST)","Post",41.44,NA,"Central Technology Center (Central Tech) (56)","Utah","","often","","","ISA",0,3,2,1,1,3,1,3,3,1,NA,NA,NA,3,NA,"",NA,"","No Help"
69,"08/11/2024 07:30:05 (MST)","Pre",76.17,NA,"Roads to Independence (26)","Utah","general","","","","ISA",0,1,3,1,3,0,1,3,1,NA,2,NA,NA,3,0,"",NA,"","No Help"
2035,"08/22/2022 05:31:59 (MST)","Post",56.26,NA,"Logistics Specialties Inc. (8)","Oklahoma","","","","","WBLE",0,3,2,3,1,2,0,1,1,0,NA,NA,NA,2,NA,"$ 17.00",NA,"","No Help"
1785,"05/28/2024 10:45:00 (MST)","Pre",42.83,13.67,"Columbus Community Center (9)","Utah","","","","","QWEX",0,2,3,2,0,1,1,2,3,3,1,2,NA,3,3,"3",1,"",""
2203,"06/25/2024 13:04:54 (MST)","Pre",56.26,NA,"Logistics Specialties Inc. (8)","Utah","","","sometimes","","JOBEX",0,2,1,1,3,3,3,1,1,1,NA,3,NA,NA,NA,"",NA,"",""
1771,"06/19/2022 02:05:00 (MST)","Pre",50.33,NA,"Logistics Specialties Inc. (8)","Utah","","","sometimes","","ISA",0,3,3,3,2,1,3,3,3,2,3,1,3,NA,NA,"",NA,"",""
2338,"05/05/2025 11:40:53 (MST)","Pre",30.33,NA,"Spectrum Academy (28)","Utah","","","","","ISA",0,1,1,1,3,3,1,3,3,3,2,NA,NA,NA,NA,"",NA,"","No Help"
1972,"07/17/2022 08:45:48 (MST)","Post",59.96,-11.34,"Logistics Specialties Inc. (8)","Utah","general","","","","JOBEX",0,2,2,0,1,3,3,2,3,2,2,NA,NA,NA,NA,"",NA,"","No Help"
1702,"11/07/2023 15:12:07 (MST)","Post",49.78,NA,"Logistics Specialties Inc. (8)","Utah","","","sometimes","sometimes","JS",0,3,3,3,2,3,2,3,1,0,NA,NA,3,NA,0,"",NA,"","No Help"
1128,"12/13/2024 14:39:18 (MST)","Pre",59.22,NA,"Logistics Specialties Inc. (8)","Utah","general","often","","","JOBEX",0,3,2,2,1,2,1,2,3,2,1,2,NA,NA,2,"1",NA,"","No Help"
1254,"10/13/2024 19:00:33 (MST)","Pre",57,NA,"Logistics Specialties Inc. (8)","Utah","","","","","JOBEX",0,3,3,1,1,1,3,2,3,1,3,2,NA,NA,1,"0",NA,"","With Help"
1458,"05/28/2024 10:34:22 (MST)","Post",76.17,NA,"Columbus Community Center (9)","Utah","","never","sometimes","","ISA",0,3,2,1,2,0,1,3,2,3,NA,NA,NA,NA,NA,"",NA,"",""
539,"02/07/2023 02:39:00 (MST)","Post",27,NA,"Columbus Community Center (9)","Wyoming","","","","rarely","JS",0,2,1,3,3,3,2,3,3,3,NA,0,2,NA,NA,"",NA,"",""
609,"09/15/2024 16:40:26 (MST)","Pre",59.96,NA,"Roads to Independence (26)","Utah","","never","","never","CSS",0,2,0,2,3,0,0,2,3,2,1,NA,1,NA,2,"",NA,"","No Help"
262,"03/14/2025 12:13:08 (MST)","Pre",27,-3,"Logistics Specialties Inc. (8)","Montana","general","","","","JS",1,1,2,1,0,1,1,3,1,1,3,NA,NA,NA,NA,"",NA,"","No Help"
521,"06/23/2024 11:19:55 (MST)","Pre",19.22,-3,"Columbus Community Center (9)","Utah","","","sometimes","","CSS",0,1,2,3,2,0,2,2,1,2,NA,1,2,5,2,"",NA,"","No Help"
2203,"03/21/2025 16:11:08 (MST)","Pre",30.33,NA,"Logistics Specialties Inc. (8)","Utah","specialized","","sometimes","","CSS",0,1,3,2,1,3,1,2,3,1,1,2,NA,NA,3,"",NA,"","No Help"
807,"02/11/2023 11:15:44 (MST)","Pre",82.71,3.67,"Logistics Specialties Inc. (8)","Montana","","","","often","ILOM",0,3,1,2,3,1,3,1,1,3,NA,NA,NA,NA,NA,"",1,"","No Help"
1103,"03/11/2023 15:21:09 (MST)","Post",83.67,NA,"Turn Community Services (29)","Utah","general","often","","","CPSO",0,3,2,3,1,2,2,1,3,1,3,NA,NA,3,NA,"",NA,"","No Help"
1128,"09/25/2022 12:54:49 (MST)","Post",90.94,NA,"Columbus Community Center (9)","Oklahoma","","","","","FL",0,3,3,2,0,1,2,1,2,1,NA,NA,NA,NA,NA,"",NA,"",""
961,"08/07/2022 07:04:08 (MST)","Pre",44.62,NA,"Central Technology Center (Central Tech) (56)","Utah","general","","","","JS",0,3,2,3,1,2,1,3,2,3,NA,1,3,2,2,"1",NA,"","No Help"
2342,"09/17/2023 10:19:17 (MST)","Pre",-3,NA,"Logistics Specialties Inc. (8)","Montana","","","","","CSS",1,2,3,1,3,2,2,3,0,NA,3,NA,NA,NA,NA,"",NA,"","No Help"
1657,"07/19/2024 16:15:05 (MST)","Pre",41.44,NA,"Logistics Specialties Inc. (8)","Utah","","","","","ISA",0,3,1,2,3,2,3,3,3,2,3,3,NA,NA,NA,"",NA,"","No Help"
1625,"06/23/2023 14:21:27 (MST)","Pre",24.27,11.29,"Logistics Specialties Inc. (8)","Oklahoma","","sometimes","","","ISA",0,2,3,2,1,3,2,1,1,3,2,2,3,NA,3,"$ 13.50",NA,"","No Help"
1329,"08/09/2024 13:26:45 (MST)","Pre",53.67,23.66,"Logistics Specialties Inc. (8)","Utah","","","never","","JOBEX",0,3,3,3,1,0,2,3,1,1,NA,1,3,NA,NA,"",1,"","No Help"
2141,"07/22/2024 11:21:03 (MST)","Post",63.67,NA,"Logistics Specialties Inc. (8)","Utah","general","","","","FL",0,3,3,2,1,1,3,1,3,0,1,2,NA,NA,NA,"",NA,"","No Help"
410,"09/11/2022 21:56:00 (MST)","Pre",59.5,43.67,"Logistics Specialties Inc. (8)","Utah","","","","","JS",0,2,1,2,1,2,3,1,1,3,NA,1,NA,NA,1,"",NA,"","No Help"
331,"07/01/2022 09:10:43 (MST)","Pre",15.52,NA,"Logistics Specialties Inc. (8)","Utah","","","rarely","","FL",0,0,3,3,1,1,3,3,1,1,NA,NA,2,NA,NA,"2",NA,"","No Help"
331,"11/26/2024 10:26:23 (MST)","Post",57,NA,"Logistics Specialties Inc. (8)","Utah","","","rarely","often","CPSO",0,2,3,2,2,3,2,2,2,1,2,NA,NA,3,NA,"",NA,"","No Help"
2354,"02/04/2024 15:36:32 (MST)","Pre",56.26,13.66,"Community Options (82)","Utah","specialized","always","","","CSS",0,0,1,0,3,2,1,1,3,2,2,2,NA,2,NA,"",NA,"","No Help"
961,"04/26/2024 14:32:48 (MST)","Post",77.56,NA,"OU Northeast (54)","Montana","general","never","","","WSS",0,2,2,1,1,1,1,2,1,2,NA,NA,NA,2,NA,"",NA,"",""
2012,"08/09/2024 10:39:02 (MST)","Pre",58.9,NA,"Logistics Specialties Inc. (8)","Utah","","","","","ISA",0,2,2,2,3,1,2,2,1,1,1,NA,NA,NA,NA,"",NA,"","No Help"
21,"01/28/2025 11:52:09 (MST)","Pre",59.96,NA,"Roads to Independence (26)","Utah","","","never","","JOBEX",0,1,2,2,1,0,1,3,2,NA,3,2,3,NA,NA,"",NA,"","No Help"
1518,"10/15/2024 17:55:03 (MST)","Pre",83.67,63.67,"Logistics Specialties Inc. (8)","Utah","specialized","","","","JOBEX",0,1,2,1,3,2,1,0,0,2,NA,NA,3,NA,NA,"",NA,"",""
338,"05/06/2024 10:13:36 (MST)","Post",47,NA,"Logistics Specialties Inc. (8)","Utah","","rarely","","","JS",0,2,1,3,2,2,0,2,2,NA,2,NA,NA,10,NA,"3",NA,"","No Help"
1441,"01/16/2024 14:35:24 (MST)","Pre",72.56,-7.17,"Logistics Specialties Inc. (8)","Utah","","","","","WBLE",0,2,3,3,3,0,0,1,3,3,2,NA,NA,NA,2,"",NA,"","No Help"
2390,"05/04/2024 14:15:47 (MST)","Pre",97,NA,"Logistics Specialties Inc. (8)","Utah","","","","","JOBEX",0,3,2,3,3,3,2,3,0,3,3,3,1,2,1,"2",NA,"","With Help"
681,"06/02/2024 17:50:44 (MST)","Post",59.5,8.9,"Roads to Independence (26)","Utah","","","","","ISA",0,2,2,3,3,1,3,3,2,2,2,NA,NA,NA,NA,"",NA,"","No Help"
2214,"12/05/2023 09:47:18 (MST)","Pre",63.67,NA,"Columbus Community Center (9)","Utah","","","","","WSS",0,3,2,2,2,2,2,0,3,3,1,NA,NA,NA,NA,"",NA,"","No Help"
1140,"09/15/2024 16:24:04 (MST)","Post",33.36,NA,"Roads to Independence (26)","Montana","","","","","WBLE",0,1,1,2,3,1,0,2,3,3,NA,NA,NA,NA,1,"0",NA,"","With Help"
2305,"05/22/2022 00:14:00 (MST)","Pre",84.88,NA,"Logistics Specialties Inc. (8)","Utah","","","","sometimes","WSS",0,1,2,1,1,1,2,2,1,1,0,1,NA,1,NA,"2",NA,"","No Help"
1880,"11/05/2023 13:27:13 (MST)","Pre",97,NA,"Logistics Specialties Inc. (8)","Montana","","","never","","WSS",0,1,1,3,3,1,3,2,2,NA,2,NA,NA,3,NA,"",NA,"","No Help"
1320,"10/10/2022 07:36:15 (MST)","Pre",53.67,-10.14,"Logistics Specialties Inc. (8)","Demo","general","","rarely","","JOBEX",0,2,3,3,3,2,1,2,2,1,2,3,NA,3,NA,"",NA,"","With Help"
421,"04/12/2024 13:54:11 (MST)","Pre",59.22,NA,"Logistics Specialties Inc. (8)","Utah","","","","","CPSO",0,2,3,1,2,1,2,2,2,0,NA,NA,2,NA,NA,"",NA,"","No Help"
1369,"03/11/2023 05:38:05 (MST)","Pre",85.89,26.16,"Columbus Community Center (9)","Utah","general","","","always","JOBEX",0,3,3,3,3,3,3,0,2,NA,NA,1,NA,NA,NA,"",NA,"","With Help"
961,"06/18/2024 12:11:04 (MST)","Pre",73.67,NA,"Logistics Specialties Inc. (8)","Colorado","","rarely","never","","ISA",0,2,2,1,3,2,2,3,2,3,3,NA,NA,NA,NA,"",NA,"","No Help"
2161,"06/18/2022 06:59:51 (MST)","Pre",83.11,NA,"A2Demo (21)","Utah","","","","","JS",0,2,2,1,1,1,2,2,1,NA,NA,NA,2,NA,3,"",NA,"","No Help"
2316,"03/28/2023 10:46:08 (MST)","Pre",87,NA,"Logistics Specialties Inc. (8)","Utah","","","","sometimes","ISA",0,2,3,3,0,1,1,2,1,0,0,NA,NA,NA,3,"",NA,"","No Help"
2109,"09/16/2022 07:35:46 (MST)","Pre",28.11,NA,"OU Northeast (54)","Oklahoma","","","","","JOBEX",0,3,2,0,1,3,0,3,2,1,NA,NA,NA,NA,1,"",NA,"","No Help"
508,"09/03/2023 15:48:26 (MST)","Pre",97,NA,"Hamilton School Dist. #3 (170)","Utah","","often","never","","CPSO",0,2,2,3,1,2,1,1,1,2,2,NA,NA,NA,NA,"",NA,"",""
961,"08/27/2024 00:02:02 (MST)","Post",57,NA,"Logistics Specialties Inc. (8)","Utah","","","","rarely","JOBEX",0,2,1,3,0,3,2,2,1,3,3,3,3,0,NA,"",NA,"","No Help"
1096,"03/24/2024 20:46:48 (MST)","Post",80.33,27,"Logistics Specialties Inc. (8)","Utah","general","often","","","WSS",0,2,0,2,2,2,2,2,2,2,NA,3,0,3,3,"",NA,"","No Help"
1458,"04/26/2025 15:33:14 (MST)","Pre",43.67,NA,"Logistics Specialties Inc. (8)","Utah","","","rarely","","ISA",0,2,3,3,3,1,1,3,2,3,NA,NA,NA,NA,3,"",NA,"","No Help"
2505,"11/11/2024 11:41:24 (MST)","Post",58.9,NA,"Logistics Specialties Inc. (8)","Utah","","","","never","FL",0,1,3,0,2,3,2,3,0,NA,3,NA,3,NA,3,"",NA,"","No Help"
1353,"04/26/2025 15:06:03 (MST)","Pre",84.5,NA,"Logistics Specialties Inc. (8)","Utah","specialized","often","","","ISA",0,2,1,2,2,3,3,3,2,3,3,NA,NA,NA,NA,"1",NA,"","No Help"
1346,"01/09/2024 17:14:25 (MST)","Pre",76.17,NA,"Turn Community Services (29)","Utah","","often","","sometimes","ISA",0,2,2,2,3,0,2,2,0,1,NA,2,2,NA,NA,"",NA,"","No Help"
858,"11/23/2024 12:20:38 (MST)","Post",77.95,NA,"Logistics Specialties Inc. (8)","Utah","","","rarely","always","ILOM",0,3,2,1,2,3,2,1,3,1,NA,NA,NA,NA,1,"",NA,"",""
2342,"02/16/2024 17:32:34 (MST)","Pre",80.33,NA,"Logistics Specialties Inc. (8)","Utah","","","","","CPSO",0,1,2,2,2,3,2,1,3,NA,NA,1,3,NA,NA,"2",NA,"","No Help"
2388,"10/15/2024 18:18:48 (MST)","Post",17,-22.05,"Turn Community Services (29)","Montana","","","","","ISA",0,2,1,3,1,2,3,1,3,3,0,NA,NA,NA,NA,"",NA,"","No Help"
98,"02/05/2024 14:20:13 (MST)","Post",72,NA,"Logistics Specialties Inc. (8)","Utah","","","","","JS",0,2,2,1,1,2,1,3,3,2,NA,1,NA,NA,NA,"",NA,"","No Help"
1441,"03/11/2023 06:37:42 (MST)","Pre",34.78,23.67,"Logistics Specialties Inc. (8)","Utah","specialized","","","always","CPSO",0,3,2,2,1,2,2,2,2,NA,0,NA,0,3,2,"",NA,"","No Help"
1134,"08/12/2023 10:51:31 (MST)","Post",43.67,NA,"Logistics Specialties Inc. (8)","Utah","general","","","","CSS",0,2,1,1,2,2,1,3,2,2,NA,NA,0,NA,NA,"2",NA,"",""
1474,"12/23/2024 12:37:14 (MST)","Pre",97,33.67,"Logistics Specialties Inc. (8)","Utah","","","","","WBLE",0,3,0,3,1,0,3,2,2,1,1,NA,2,1,0,"",NA,"","With Help"
398,"07/01/2022 07:55:19 (MST)","Pre",75.79,NA,"Central Technology Center (Central Tech) (56)","Utah","","rarely","rarely","","ILOM",0,2,2,3,3,3,1,2,1,2,3,NA,0,1,NA,"",NA,"","No Help"
2012,"07/11/2023 17:20:47 (MST)","Pre",90.33,NA,"Turn Community Services (29)","Utah","specialized","","","","FL",0,3,3,3,3,3,2,1,0,2,3,NA,3,NA,NA,"",NA,"","No Help"
593,"01/27/2025 19:01:31 (MST)","Pre",68.11,NA,"Logistics Specialties Inc. (8)","Wyoming","","","","","FL",0,3,3,1,3,2,1,2,3,3,NA,NA,2,NA,NA,"",NA,"","No Help"
980,"04/29/2025 14:02:18 (MST)","Pre",43.67,NA,"Central Technology Center (Central Tech) (56)","Oklahoma","","","","","ISA",0,3,0,1,2,2,1,3,2,NA,3,3,0,NA,NA,"",NA,"","No Help"
1210,"08/22/2022 05:39:34 (MST)","Pre",55.33,NA,"Spectrum Academy (28)","Utah","","never","sometimes","","JS",0,3,1,3,3,1,3,2,3,NA,2,NA,2,2,NA,"",NA,"","With Help"
1984,"12/03/2024 11:20:39 (MST)","Post",72,5.89,"Logistics Specialties Inc. (8)","Utah","general","","","","FL",0,1,3,3,3,1,0,2,1,1,2,3,NA,NA,NA,"",NA,"",""
593,"07/01/2022 05:30:42 (MST)","Pre",30.33,63.66,"Central Technology Center (Central Tech) (56)","Utah","general","","","","ILOM",0,3,1,2,3,3,2,2,2,3,2,NA,3,NA,3,"$ 15.00",NA,"","No Help"
521,"01/22/2023 11:25:52 (MST)","Pre",63.67,NA,"Logistics Specialties Inc. (8)","Utah","","sometimes","","","CSS",0,2,3,1,3,3,2,0,0,3,2,NA,3,NA,2,"1",NA,"","No Help"
521,"01/27/2024 16:03:42 (MST)","Post",80.33,NA,"Yellowstone Academy (214)","Utah","specialized","","","rarely","JOBEX",0,1,1,2,2,0,2,2,2,2,NA,2,NA,2,1,"",NA,"","With Help"
722,"08/13/2022 11:35:10 (MST)","Pre",56.26,NA,"Columbus Community Center (9)","Utah","","","sometimes","sometimes","ISA",0,3,3,2,1,2,3,1,3,1,1,NA,NA,2,3,"",NA,"","No Help"
262,"01/23/2023 11:37:48 (MST)","Post",52.56,NA,"Logistics Specialties Inc. (8)","Colorado","","","","","ISA",0,2,3,3,1,3,2,3,1,1,3,2,NA,1,NA,"2",NA,"","With Help"
88,"08/22/2023 16:10:47 (MST)","Pre",67.83,NA,"Logistics Specialties Inc. (8)","Utah","","","","","JS",0,3,3,1,0,3,3,0,3,NA,3,NA,NA,NA,2,"",NA,"","No Help"
1140,"05/20/2024 16:32:34 (MST)","Post",77,0.0299999999999998,"Spectrum Academy (28)","Utah","","","","","WBLE",0,2,2,2,3,2,3,2,3,2,3,NA,NA,NA,NA,"",NA,"","No Help"
1626,"02/28/2025 11:01:39 (MST)","Post",52.56,NA,"Logistics Specialties Inc. (8)","Utah","specialized","","","","CPSO",0,3,3,2,3,3,1,2,1,2,0,3,3,1,NA,"",NA,"","No Help"
2069,"07/09/2022 05:37:37 (MST)","Pre",48.52,NA,"Central Technology Center (Central Tech) (56)","Utah","specialized","often","","never","ISA",0,2,1,2,1,2,2,2,3,1,3,3,NA,NA,NA,"",NA,"",""
2073,"07/03/2023 14:56:38 (MST)","Post",40.33,-3,"Turn Community Services (29)","Utah","","","","always","WSS",0,2,2,3,1,1,3,2,2,2,3,NA,NA,NA,NA,"0",NA,"","No Help"
2121,"03/23/2024 13:19:25 (MST)","Pre",67.37,NA,"Community Options (82)","Utah","specialized","","","","ISA",0,1,1,1,1,2,3,0,NA,1,1,2,NA,NA,NA,"",NA,"","No Help"
2454,"01/31/2025 12:38:59 (MST)","Pre",43.67,23.19,"Central Technology Center (Central Tech) (56)","Utah","","","","","FL",0,1,2,1,2,2,1,3,1,2,NA,NA,3,3,NA,"",NA,"","No Help"
1702,"11/07/2023 15:01:03 (MST)","Post",23.67,NA,"Logistics Specialties Inc. (8)","Utah","","","","rarely","JOBEX",1,0,2,1,3,3,1,2,2,NA,3,NA,NA,3,2,"",NA,"","No Help"
1800,"09/15/2024 15:16:41 (MST)","Post",27,NA,"Meta Mindful (83)","Utah","","sometimes","","","CPSO",0,3,0,1,2,2,3,1,3,0,3,1,NA,NA,1,"",NA,"","No Help"
1702,"01/23/2023 11:38:31 (MST)","Pre",60.64,30.33,"Logistics Specialties Inc. (8)","Utah","","rarely","","","ISA",0,2,0,3,1,1,2,3,3,3,NA,NA,NA,NA,NA,"",NA,"","No Help"
2264,"02/16/2023 13:31:04 (MST)","Post",97,NA,"Boulder Valley RE2 (105)","Utah","","","rarely","","FL",0,1,1,3,3,2,3,2,3,3,NA,NA,1,NA,NA,"",NA,"","No Help"
1096,"09/27/2024 15:22:36 (MST)","Pre",17,16.05,"Logistics Specialties Inc. (8)","Utah","","","rarely","","CPSO",0,3,2,3,3,2,3,3,2,0,0,NA,NA,8,NA,"1",NA,"","No Help"
410,"04/03/2023 04:32:44 (MST)","Pre",51.17,NA,"Roads to Independence (26)","Utah","general","always","sometimes","","ILOM",0,2,2,2,1,3,1,3,2,1,NA,NA,NA,NA,3,"",NA,"","No Help"
98,"11/16/2024 17:22:53 (MST)","Pre",78.82,13.67,"Logistics Specialties Inc. (8)","Utah","","","sometimes","sometimes","CSS",0,3,0,1,3,3,3,3,0,NA,3,NA,NA,NA,NA,"",NA,"","No Help"
1535,"08/22/2023 16:12:24 (MST)","Post",54.14,6.09,"Logistics Specialties Inc. (8)","Montana","","often","rarely","","ISA",0,2,2,3,3,2,1,0,2,2,1,1,2,NA,1,"",1,"","No Help"
1393,"01/12/2024 13:08:42 (MST)","Pre",85.1,NA,"Columbus Community Center (9)","Utah","general","","","","ISA",0,3,2,1,3,2,1,1,2,1,3,NA,NA,NA,2,"",NA,"","No Help"
2533,"02/07/2025 09:51:42 (MST)","Pre",88.67,13.66,"Logistics Specialties Inc. (8)","Utah","","","sometimes","","ILOM",0,1,1,3,2,2,1,3,2,0,2,1,NA,NA,NA,"3",NA,"","No Help"
1120,"05/24/2025 14:37:02 (MST)","Pre",80.33,16.05,"Yellowstone Academy (214)","Utah","","","","always","WSS",0,2,3,1,0,2,3,3,1,3,NA,NA,2,NA,NA,"",NA,"","No Help"
871,"11/26/2023 16:53:41 (MST)","Post",78.48,NA,"Missoula County Public Schools (185)","Oklahoma","","","","","ILOM",0,2,3,2,2,1,1,3,1,1,NA,0,NA,2,1,"",NA,"","No Help"
2305,"11/08/2024 14:14:32 (MST)","Pre",63.67,NA,"North Sanpete School District (24)","Utah","","never","never","","JS",0,3,3,3,3,1,2,3,1,NA,NA,1,NA,3,NA,"",NA,"","No Help"
2321,"04/27/2024 16:14:21 (MST)","Pre",57,NA,"Roads to Independence (26)","Oklahoma","","","","","FL",0,2,1,3,2,1,3,3,1,2,NA,2,NA,NA,NA,"",NA,"","No Help"
2454,"12/10/2022 04:07:00 (MST)","Pre",82.71,12.15,"Logistics Specialties Inc. (8)","Utah","specialized","","","","ILOM",1,3,2,1,3,3,1,2,2,3,0,2,NA,NA,1,"",NA,"","With Help"
1521,"10/13/2022 05:50:00 (MST)","Pre",97,15.52,"Turn Community Services (29)","Utah","","","rarely","always","CSS",0,2,3,3,1,3,0,2,1,2,1,NA,2,NA,NA,"",NA,"","No Help"
90,"02/26/2024 15:21:45 (MST)","Post",92.83,NA,"Logistics Specialties Inc. (8)","Utah","","","rarely","","JOBEX",0,2,2,2,3,1,2,3,3,NA,NA,NA,NA,NA,NA,"",NA,"","With Help"
641,"07/02/2023 17:14:19 (MST)","Pre",43.67,6.09,"Meta Mindful (83)","Utah","","","","","ISA",0,1,2,3,3,1,1,2,2,1,2,2,2,NA,NA,"",NA,"",""
1374,"12/22/2024 10:41:21 (MST)","Pre",60.33,NA,"Pioneer Adult Rehabilitation Center (25)","Utah","","sometimes","","","CPSO",0,3,2,3,2,2,3,0,1,2,NA,NA,NA,2,0,"",NA,"","No Help"
593,"04/26/2025 13:05:08 (MST)","Post",90.94,NA,"Logistics Specialties Inc. (8)","Montana","general","sometimes","sometimes","","CSS",0,3,3,1,3,3,2,2,3,3,3,NA,NA,3,NA,"",NA,"","No Help"
2387,"07/01/2022 05:43:54 (MST)","Post",34.04,26.63,"Logistics Specialties Inc. (8)","Montana","specialized","","never","always","JS",0,0,1,2,1,2,2,3,1,3,NA,NA,NA,3,NA,"2",NA,"","No Help"
1972,"09/27/2024 15:19:54 (MST)","Pre",50.33,NA,"Logistics Specialties Inc. (8)","Utah","","","","","FL",0,3,2,3,2,1,3,3,2,1,2,NA,NA,NA,NA,"3",NA,"",""
956,"10/09/2023 11:57:26 (MST)","Pre",34.04,NA,"Yellowstone Academy (214)","Montana","","","","","ILOM",0,2,3,2,3,3,2,0,3,2,NA,3,2,NA,NA,"",NA,"","No Help"
1134,"02/21/2023 09:51:23 (MST)","Pre",61.44,NA,"Roads to Independence (26)","Utah","","often","","always","WBLE",0,2,1,0,3,1,2,2,2,3,NA,3,NA,NA,NA,"",NA,"",""
1169,"12/03/2024 11:20:09 (MST)","Post",83.67,NA,"Logistics Specialties Inc. (8)","Utah","general","","rarely","","JS",0,2,3,2,1,1,0,2,3,NA,NA,NA,3,NA,NA,"",NA,"","No Help"
1134,"10/10/2022 15:29:11 (MST)","Pre",56.26,-0.62,"Columbus Community Center (9)","Utah","general","","","always","ILOM",0,1,2,2,1,3,2,2,2,2,NA,3,1,NA,NA,"",NA,"","No Help"
1374,"05/05/2025 11:54:45 (MST)","Pre",33.67,4.14,"Turn Community Services (29)","Utah","","","","","CSS",0,1,1,3,1,2,0,2,2,3,NA,NA,NA,3,NA,"",NA,"","No Help"
2164,"10/05/2024 15:19:01 (MST)","Pre",97,NA,"Columbus Community Center (9)","Utah","","","","","ILOM",0,3,1,3,3,3,1,1,2,0,2,NA,NA,NA,NA,"2",NA,"",""
717,"01/12/2024 13:07:05 (MST)","Post",42.83,24.27,"Logistics Specialties Inc. (8)","Utah","","","rarely","","WBLE",0,3,0,1,1,2,3,2,3,3,2,1,NA,3,NA,"",NA,"","No Help"
871,"06/02/2023 19:17:29 (MST)","Pre",65.89,14.78,"Turn Community Services (29)","Utah","","","","","CSS",0,3,2,3,2,1,3,2,3,NA,NA,3,NA,3,NA,"",NA,"","No Help"
2321,"10/17/2023 22:19:25 (MST)","Post",61.29,NA,"Logistics Specialties Inc. (8)","Utah","","","","","FL",0,0,0,1,1,3,1,3,1,2,1,NA,NA,NA,NA,"",NA,"",""
2390,"12/19/2023 09:32:16 (MST)","Pre",51.76,NA,"Columbus Community Center (9)","Utah","","","","","CPSO",0,2,3,2,2,2,0,3,2,1,0,NA,NA,NA,NA,"",NA,"","No Help"
1374,"09/06/2024 17:03:10 (MST)","Pre",80.33,-11.34,"Logistics Specialties Inc. (8)","Utah","general","","","rarely","ISA",0,2,1,0,3,3,3,2,2,2,1,NA,2,NA,1,"",NA,"","No Help"
2287,"10/07/2022 05:46:25 (MST)","Pre",76.17,0.33,"Central Technology Center (Central Tech) (56)","Utah","","always","never","never","ILOM",0,2,2,3,1,0,1,3,1,2,3,NA,2,NA,NA,"2",NA,"","No Help"
1369,"01/16/2024 14:37:16 (MST)","Post",35.1,NA,"Logistics Specialties Inc. (8)","Utah","","","","","JOBEX",0,2,1,2,2,2,1,3,2,2,NA,2,NA,NA,NA,"",NA,"","No Help"
2207,"03/03/2023 06:55:36 (MST)","Pre",42.83,NA,"Southern Utah University (27)","Utah","specialized","always","sometimes","sometimes","CPSO",0,2,3,2,3,3,2,2,1,NA,2,NA,1,NA,2,"",NA,"",""
1441,"01/23/2023 11:36:54 (MST)","Post",54.78,0.33,"Turn Community Services (29)","Utah","","","","never","ISA",0,1,1,3,2,3,2,1,0,2,NA,NA,3,NA,NA,"",NA,"","No Help"
1702,"12/16/2024 10:59:40 (MST)","Pre",33.36,NA,"Logistics Specialties Inc. (8)","Utah","specialized","","","","JS",0,3,3,2,1,3,3,0,2,2,0,1,3,NA,2,"",NA,"","No Help"
175,"02/20/2024 15:20:46 (MST)","Pre",50.33,33.37,"Logistics Specialties Inc. (8)","Utah","general","","","","CSS",0,3,2,2,1,1,1,2,1,1,NA,NA,NA,NA,2,"",NA,"","No Help"
1138,"03/16/2025 11:52:48 (MST)","Pre",93.97,NA,"Logistics Specialties Inc. (8)","Utah","specialized","","","","ILOM",0,1,1,0,3,2,3,1,2,1,NA,NA,NA,NA,NA,"",NA,"","No Help"
2287,"01/07/2025 19:00:21 (MST)","Post",23.67,NA,"Central Technology Center (Central Tech) (56)","Utah","","","sometimes","","ISA",0,1,1,3,3,1,2,2,3,NA,NA,1,NA,NA,0,"",NA,"","No Help"
248,"11/12/2023 10:31:56 (MST)","Pre",47,NA,"Southern Utah University (27)","Utah","","rarely","","","FL",0,3,1,3,3,3,3,3,2,NA,2,NA,NA,NA,NA,"",NA,"","No Help"
1901,"01/16/2023 10:50:38 (MST)","Post",56.26,NA,"Columbus Community Center (9)","Utah","","","rarely","","WBLE",0,3,1,1,2,2,3,2,3,3,2,NA,NA,2,1,"",NA,"","No Help"
2305,"09/06/2022 04:43:30 (MST)","Post",76.17,NA,"Logistics Specialties Inc. (8)","Utah","","","","","CSS",0,3,1,2,2,3,1,2,2,0,NA,3,2,1,NA,"",NA,"","No Help"
871,"05/02/2025 12:41:33 (MST)","Pre",15.52,NA,"OU Northeast (54)","Utah","specialized","","sometimes","","JOBEX",0,3,2,2,2,1,2,2,2,2,2,NA,NA,NA,NA,"",NA,"","No Help"
1140,"09/28/2024 12:23:39 (MST)","Post",97,NA,"Logistics Specialties Inc. (8)","Utah","specialized","","","","JOBEX",0,3,2,3,3,0,1,2,3,2,2,1,1,3,NA,"0",NA,"","No Help"
774,"03/31/2025 14:06:21 (MST)","Post",76.17,NA,"University of Oklahoma (50)","Utah","","","","always","CSS",0,3,3,3,3,3,3,2,1,1,3,1,3,NA,3,"",NA,"","No Help"
227,"04/26/2025 20:23:58 (MST)","Post",30.33,-29.67,"Logistics Specialties Inc. (8)","Utah","","","","","WSS",0,3,3,2,1,2,3,1,2,NA,NA,3,3,1,NA,"",NA,"","No Help"
398,"07/15/2023 18:54:26 (MST)","Post",70.33,0.34,"Logistics Specialties Inc. (8)","Utah","","","","often","FL",0,2,2,2,2,2,2,2,2,2,2,2,2,NA,2,"",NA,"","With Help"
871,"10/17/2022 06:20:00 (MST)","Pre",92.24,NA,"Community Options (82)","Utah","","","","","ILOM",0,2,2,2,0,0,1,1,2,1,1,NA,0,NA,2,"",NA,"","No Help"
1615,"05/23/2025 15:45:49 (MST)","Post",50.33,NA,"Logistics Specialties Inc. (8)","Oklahoma","general","","","always","ISA",0,3,2,3,2,2,2,3,3,NA,NA,NA,NA,NA,2,"",NA,"","No Help"
1625,"01/14/2025 14:44:24 (MST)","Post",72.56,NA,"Logistics Specialties Inc. (8)","Utah","","","","","ISA",0,1,3,1,3,2,0,3,3,3,0,NA,0,NA,3,"",NA,"","No Help"
2354,"01/13/2023 06:50:36 (MST)","Pre",54.14,1.44,"University of Oklahoma (50)","Demo","","","rarely","","JS",0,2,3,1,2,2,2,1,2,NA,NA,NA,3,NA,1,"",NA,"","No Help"
2305,"06/23/2024 11:19:12 (MST)","Pre",52.56,NA,"Community Options (82)","Utah","","","","","WBLE",0,3,3,2,2,3,0,2,1,3,NA,NA,1,NA,NA,"",NA,"","No Help"
398,"10/08/2024 17:25:16 (MST)","Post",45.15,NA,"A2Demo (21)","Utah","specialized","","rarely","","CPSO",0,3,2,2,2,1,2,2,0,2,NA,NA,NA,2,NA,"",NA,"","No Help"
177,"09/17/2023 10:18:14 (MST)","Pre",80.33,NA,"Logistics Specialties Inc. (8)","Utah","general","","sometimes","often","WSS",0,0,2,2,3,3,3,2,1,1,2,3,NA,3,3,"",NA,"","No Help"
1254,"12/08/2024 11:23:27 (MST)","Pre",63.67,NA,"Logistics Specialties Inc. (8)","Utah","","","never","","CSS",0,1,1,3,3,1,1,3,2,NA,NA,2,NA,NA,NA,"",NA,"","No Help"
2439,"11/25/2024 14:38:37 (MST)","Post",48.85,NA,"Logistics Specialties Inc. (8)","Utah","","never","","","WBLE",0,1,3,1,3,3,3,0,2,3,NA,NA,NA,NA,NA,"",NA,"","No Help"
1441,"04/30/2024 12:46:35 (MST)","Pre",92.24,NA,"Columbus Community Center (9)","Utah","specialized","","","","CSS",0,3,2,1,3,3,1,1,2,3,0,NA,2,1,NA,"",NA,"","No Help"
2264,"07/14/2023 19:56:56 (MST)","Pre",59.5,NA,"OU Northeast (54)","Utah","","rarely","","","WBLE",0,3,2,3,3,1,3,1,3,NA,1,2,2,NA,1,"",NA,"","No Help"
722,"05/04/2024 14:16:16 (MST)","Pre",22.93,NA,"Logistics Specialties Inc. (8)","Utah","general","","","","ISA",0,2,1,2,2,3,2,2,3,3,NA,NA,3,NA,NA,"",NA,"",""
177,"08/09/2022 07:57:35 (MST)","Pre",73.19,NA,"Turn Community Services (29)","Utah","","","","often","JS",0,2,3,3,3,1,3,1,3,2,NA,3,NA,NA,0,"2",NA,"","With Help"
1800,"01/15/2024 23:29:05 (MST)","Pre",58.9,NA,"A2Demo (21)","Utah","","","rarely","","ISA",0,1,2,2,3,2,2,3,2,1,3,1,NA,NA,NA,"",NA,"","No Help"
2126,"12/10/2023 11:03:20 (MST)","Post",67.83,3.67,"Columbus Community Center (9)","Utah","","often","","","CSS",0,2,2,3,1,2,0,2,2,2,1,2,3,NA,3,"",NA,"","No Help"
1362,"01/09/2023 02:32:00 (MST)","Pre",63.67,50.34,"Logistics Specialties Inc. (8)","Utah","","","sometimes","","JS",0,1,2,3,3,2,2,2,3,2,3,1,NA,NA,NA,"",NA,"","No Help"
2161,"07/29/2023 19:09:31 (MST)","Pre",72,NA,"Logistics Specialties Inc. (8)","Utah","specialized","","rarely","","JOBEX",0,2,3,0,2,1,2,2,2,3,1,NA,NA,NA,NA,"",NA,"","No Help"
398,"03/05/2025 04:04:24 (MST)","Pre",89.86,-10.14,"Turn Community Services (29)","Utah","","","","sometimes","JS",0,2,0,2,2,3,2,2,3,3,1,0,NA,NA,NA,"",NA,"","No Help"
2354,"01/23/2023 07:48:33 (MST)","Post",77,NA,"Roads to Independence (26)","Utah","","","","","WBLE",0,2,1,3,2,3,3,0,1,NA,NA,3,NA,NA,NA,"1",NA,"","No Help"
1231,"07/13/2024 14:19:41 (MST)","Pre",91.44,NA,"Roads to Independence (26)","Utah","","","","","ISA",0,3,3,0,2,3,2,1,0,3,3,NA,NA,NA,NA,"",NA,"","No Help"
1343,"02/07/2025 11:57:28 (MST)","Post",97,NA,"Darby K-12 School Dist. (158)","Utah","","always","","","ISA",0,3,2,2,3,2,3,2,1,3,1,NA,2,NA,NA,"",NA,"","With Help"
1138,"10/21/2024 13:04:01 (MST)","Pre",97,-3,"Central Technology Center (Central Tech) (56)","Utah","general","","","never","WSS",0,2,2,2,2,3,3,3,2,1,NA,NA,NA,NA,NA,"",NA,"","No Help"
1512,"02/07/2023 06:02:11 (MST)","Post",68.11,NA,"Turn Community Services (29)","Utah","","","","sometimes","JOBEX",1,1,1,2,3,3,1,3,3,1,NA,NA,NA,NA,NA,"",NA,"","No Help"
1775,"02/04/2025 17:11:37 (MST)","Post",97,19.23,"Columbus Community Center (9)","Utah","","","","","ISA",0,2,1,0,1,2,3,2,1,NA,2,2,2,NA,0,"",NA,"","No Help"
2495,"10/20/2024 09:46:58 (MST)","Pre",63.67,NA,"Region 1 (271)","Utah","","","","often","ILOM",0,3,0,3,3,2,3,1,3,3,NA,NA,NA,NA,0,"",NA,"","No Help"
1120,"08/14/2022 05:05:57 (MST)","Pre",57,26.17,"Logistics Specialties Inc. (8)","Utah","specialized","","","","JOBEX",0,2,2,1,3,1,1,1,1,NA,NA,NA,1,NA,NA,"",NA,"","With Help"
267,"03/28/2022 05:48:42 (MST)","Post",83.67,-7.16,"Logistics Specialties Inc. (8)","Utah","","","","","WSS",0,1,3,2,0,1,1,2,2,NA,3,2,NA,NA,NA,"",NA,"","With Help"
2354,"02/06/2024 17:25:08 (MST)","Post",34.78,NA,"Southern Utah University (27)","Utah","general","","sometimes","never","CSS",0,3,3,1,1,3,2,1,3,2,0,NA,3,NA,NA,"",NA,"",""
1800,"02/05/2024 11:48:33 (MST)","Pre",81.44,NA,"Logistics Specialties Inc. (8)","Utah","","","","","CPSO",0,2,0,3,3,2,3,1,3,3,NA,3,NA,NA,2,"",NA,"","No Help"
699,"11/04/2024 12:29:00 (MST)","Post",59.5,NA,"Turn Community Services (29)","Utah","general","","","never","ISA",0,0,3,1,3,2,3,1,2,1,3,NA,NA,3,NA,"2",NA,"","No Help"
1458,"05/04/2025 11:25:24 (MST)","Post",78.48,-17.29,"Southern Utah University (27)","Utah","","","","often","JOBEX",0,0,2,2,3,3,1,3,1,2,NA,1,2,2,NA,"3",NA,"","No Help"
1441,"03/10/2024 12:34:19 (MST)","Pre",92.83,1.17,"Utah Valley University (60)","Utah","","","","","WSS",0,3,3,2,0,3,2,1,3,3,3,NA,2,NA,3,"2",NA,"","With Help"
1512,"10/27/2023 14:59:23 (MST)","Pre",82.71,NA,"Central Technology Center (Central Tech) (56)","Utah","","","","always","CPSO",0,3,2,2,3,1,2,3,2,2,3,NA,NA,10,NA,"",NA,"","With Help"
1362,"06/08/2025 17:07:57 (MST)","Pre",41.44,-3,"Logistics Specialties Inc. (8)","Utah","general","","never","","CSS",0,2,0,1,3,3,0,2,3,0,NA,3,NA,NA,NA,"",NA,"","No Help"
2532,"11/14/2022 06:35:39 (MST)","Pre",44.62,5.34,"Logistics Specialties Inc. (8)","Oklahoma","specialized","","rarely","sometimes","ISA",1,2,3,2,1,3,3,0,3,3,1,1,NA,NA,2,"",1,"","No Help"
1109,"08/03/2024 15:10:59 (MST)","Post",18.43,NA,"Logistics Specialties Inc. (8)","Utah","","","rarely","","JOBEX",0,2,2,2,3,0,3,0,1,2,3,NA,NA,NA,1,"",NA,"","No Help"
1140,"07/01/2024 16:34:13 (MST)","Pre",80.33,-14.11,"Region 4 (274)","Utah","","rarely","","always","FL",0,2,0,1,3,2,1,2,3,0,NA,NA,NA,NA,NA,"3",NA,"",""
978,"05/01/2023 08:11:00 (MST)","Pre",94.78,NA,"Spectrum Academy (28)","Oklahoma","","often","","","CSS",0,2,1,3,3,3,3,3,3,3,2,NA,NA,0,NA,"",NA,"","No Help"
681,"12/02/2024 16:49:15 (MST)","Pre",97,NA,"Canyons School District (10)","Utah","","often","","sometimes","JOBEX",0,2,1,2,3,1,3,3,3,NA,NA,NA,NA,NA,1,"3",NA,"","No Help"
956,"06/07/2022 06:23:41 (MST)","Post",63.67,NA,"Logistics Specialties Inc. (8)","Utah","","always","","","WBLE",0,2,1,2,1,2,2,1,0,1,NA,3,2,3,3,"",NA,"",""
1819,"03/23/2024 13:27:02 (MST)","Pre",85.1,NA,"Logistics Specialties Inc. (8)","Utah","","","","","ISA",0,1,1,2,2,3,2,1,3,NA,3,NA,3,3,NA,"",NA,"","No Help"
793,"12/19/2023 09:30:31 (MST)","Pre",42.24,NA,"Logistics Specialties Inc. (8)","Utah","","","","","ISA",0,2,3,3,0,3,2,3,2,3,NA,2,NA,NA,NA,"",NA,"","No Help"
340,"11/12/2022 10:55:13 (MST)","Pre",51.17,NA,"Central Technology Center (Central Tech) (56)","Utah","","","sometimes","","JOBEX",0,1,3,1,1,3,2,1,2,2,NA,1,3,3,NA,"",NA,"",""
2391,"05/05/2024 15:56:40 (MST)","Post",68.11,NA,"Yellowstone Academy (214)","Utah","","","","sometimes","ISA",0,0,1,1,1,2,2,0,3,NA,1,NA,1,NA,NA,"",NA,"","With Help"
1254,"01/16/2024 14:40:16 (MST)","Pre",41.44,NA,"Logistics Specialties Inc. (8)","Oklahoma","general","","","","CSS",0,2,1,1,3,2,2,1,3,2,2,2,2,2,1,"",NA,"","No Help"
2298,"02/15/2025 12:36:45 (MST)","Pre",56.26,8.11,"Logistics Specialties Inc. (8)","Utah","","","","","ISA",0,0,3,0,1,2,1,0,1,1,2,3,2,3,2,"",NA,"","No Help"
2276,"04/19/2025 12:22:20 (MST)","Pre",97,NA,"Logistics Specialties Inc. (8)","Utah","specialized","","","","ISA",0,2,1,2,1,3,2,1,3,3,NA,3,NA,NA,3,"2",NA,"","With Help"
267,"06/13/2023 22:36:54 (MST)","Post",63.67,NA,"Logistics Specialties Inc. (8)","Utah","","","","","ILOM",1,2,1,3,0,1,3,2,2,0,2,3,3,3,NA,"",NA,"","No Help"
2407,"02/11/2025 16:11:49 (MST)","Post",-3,NA,"Turn Community Services (29)","Utah","","","","sometimes","CPSO",0,3,1,3,0,2,3,0,2,3,3,2,2,1,NA,"",NA,"","No Help"
595,"04/29/2025 16:00:31 (MST)","Post",55.33,NA,"Logistics Specialties Inc. (8)","Wyoming","","","","often","ISA",0,2,2,3,1,0,2,3,1,1,0,NA,1,NA,NA,"$ 15.50",NA,"","No Help"
641,"10/24/2022 08:41:57 (MST)","Pre",44.62,NA,"Logistics Specialties Inc. (8)","Utah","","","","","JS",0,3,3,0,2,3,1,1,0,2,NA,NA,NA,NA,3,"",NA,"","No Help"
2129,"02/05/2024 12:15:04 (MST)","Pre",92.24,61.29,"Central Technology Center (Central Tech) (56)","Utah","","","","","ISA",0,2,2,3,3,1,3,2,3,2,1,NA,NA,NA,NA,"",NA,"","No Help"
2407,"06/19/2022 09:02:03 (MST)","Post",74.78,NA,"Central Technology Center (Central Tech) (56)","Utah","general","always","","always","WSS",0,2,0,2,3,2,2,2,2,2,1,3,NA,3,2,"",NA,"",""
2276,"07/03/2023 22:27:53 (MST)","Post",59.5,NA,"OU Northeast (54)","Utah","specialized","","","","ILOM",0,2,2,2,3,3,3,1,0,2,NA,NA,NA,8,NA,"",NA,"","No Help"
1518,"09/03/2023 15:18:26 (MST)","Post",42.83,34.78,"Logistics Specialties Inc. (8)","Montana","general","","","","WSS",0,1,3,3,1,3,3,2,2,2,1,2,NA,NA,3,"",NA,"","No Help"
406,"06/10/2023 04:31:32 (MST)","Pre",30.33,NA,"Logistics Specialties Inc. (8)","Utah","","sometimes","","sometimes","CPSO",0,3,1,3,2,2,1,2,2,2,3,3,NA,NA,NA,"",NA,"","No Help"
1960,"10/29/2022 05:38:00 (MST)","Post",81.85,NA,"Logistics Specialties Inc. (8)","Utah","","sometimes","","","ILOM",0,3,2,1,2,1,3,3,3,1,3,NA,NA,3,1,"",NA,"","No Help"
2416,"08/09/2022 04:27:37 (MST)","Pre",75.79,NA,"Roads to Independence (26)","Utah","","","rarely","always","CSS",0,2,3,1,1,2,3,1,3,NA,1,NA,NA,NA,NA,"",NA,"","No Help"
717,"06/19/2022 09:03:03 (MST)","Post",67.37,37.74,"Logistics Specialties Inc. (8)","Utah","","never","","","JOBEX",0,2,2,1,3,3,3,2,3,NA,2,NA,3,10,NA,"",NA,"","No Help"
1369,"09/03/2024 12:12:38 (MST)","Pre",63.67,NA,"Central Technology Center (Central Tech) (56)","Utah","","","rarely","","CPSO",0,3,3,2,2,3,0,3,2,2,NA,2,2,NA,NA,"",NA,"","No Help"
1641,"08/21/2022 01:04:00 (MST)","Pre",45.15,8.11,"Turn Community Services (29)","Oklahoma","","sometimes","rarely","","ISA",0,1,3,2,3,3,2,0,3,2,NA,0,3,NA,2,"3",NA,"","No Help"
236,"06/13/2025 14:09:41 (MST)","Post",66.44,34.04,"Spectrum Academy (28)","Utah","","","","sometimes","JS",0,2,2,2,3,2,2,2,2,3,NA,3,NA,NA,1,"",NA,"","No Help"
1354,"05/24/2022 09:35:19 (MST)","Pre",85.89,17.83,"OU Northeast (54)","Utah","general","","","","CSS",0,3,2,1,2,3,2,3,1,3,1,3,1,NA,NA,"0",NA,"",""
2354,"11/08/2024 13:19:10 (MST)","Pre",77.95,NA,"Logistics Specialties Inc. (8)","Utah","","often","","","CPSO",0,1,1,2,2,3,1,2,2,1,NA,NA,NA,NA,0,"0",NA,"","No Help"
1393,"11/26/2024 08:39:28 (MST)","Pre",55.33,NA,"Logistics Specialties Inc. (8)","Utah","","","","","JS",0,0,1,3,1,0,2,0,0,2,NA,3,NA,NA,NA,"",NA,"","No Help"
2064,"09/08/2024 12:34:47 (MST)","Pre",48.11,30.34,"Turn Community Services (29)","Utah","","never","","","CSS",0,2,3,3,2,3,1,2,2,NA,2,2,NA,NA,NA,"",NA,"","No Help"
2276,"05/04/2025 11:22:57 (MST)","Pre",56.52,NA,"Logistics Specialties Inc. (8)","Utah","","","","","ILOM",0,0,2,1,3,2,2,2,3,3,2,NA,NA,NA,2,"",NA,"","No Help"
187,"11/24/2024 12:42:19 (MST)","Post",67.37,NA,"Turn Community Services (29)","Utah","general","","sometimes","","CSS",0,1,2,1,2,0,1,3,3,NA,NA,3,1,NA,3,"",NA,"","No Help"
1641,"11/26/2024 08:52:17 (MST)","Pre",47,24.27,"Logistics Specialties Inc. (8)","Utah","specialized","","","never","JS",0,1,2,2,3,3,1,3,3,3,3,3,NA,NA,0,"",NA,"","No Help"
722,"04/13/2024 14:52:08 (MST)","Pre",82.71,13.67,"Logistics Specialties Inc. (8)","Utah","general","","","","ISA",0,1,2,2,3,1,3,3,2,1,3,2,NA,NA,NA,"",NA,"","No Help"
1120,"03/14/2025 14:47:25 (MST)","Pre",92.24,NA,"Yellowstone Academy (214)","Utah","","","sometimes","","CPSO",0,1,2,2,1,1,3,1,NA,NA,2,NA,NA,NA,NA,"",NA,"","No Help"
1720,"01/16/2024 14:41:43 (MST)","Pre",78.82,NA,"Logistics Specialties Inc. (8)","Utah","","","rarely","","ISA",0,2,1,2,0,3,2,3,3,1,NA,NA,NA,NA,NA,"",NA,"","No Help"
512,"11/29/2024 10:45:52 (MST)","Pre",78.48,15.52,"Logistics Specialties Inc. (8)","Utah","","often","","","ILOM",0,2,3,3,0,3,2,3,1,NA,3,NA,NA,NA,1,"2",NA,"","No Help"
227,"12/23/2024 12:40:38 (MST)","Pre",41.44,NA,"Logistics Specialties Inc. (8)","Utah","","","","","JS",0,3,3,0,1,3,3,1,1,NA,NA,0,NA,NA,2,"",NA,"","No Help"
2264,"10/19/2024 02:26:55 (MST)","Post",67,21.45,"Roads to Independence (26)","Utah","","rarely","","often","JOBEX",0,1,3,2,1,3,2,3,3,3,3,2,3,10,NA,"",NA,"","No Help"
1353,"05/24/2025 14:15:25 (MST)","Post",67,NA,"Region 4 (274)","Utah","","","","","QWEX",0,3,2,3,1,3,3,1,3,3,2,NA,NA,3,NA,"",1,"","No Help"
1210,"10/14/2023 14:07:19 (MST)","Post",77.95,NA,"Logistics Specialties Inc. (8)","Utah","","","sometimes","","JOBEX",0,2,2,3,2,1,3,0,2,3,3,NA,3,NA,NA,"",NA,"","With Help"
641,"06/21/2022 01:45:00 (MST)","Post",30.33,NA,"Logistics Specialties Inc. (8)","Utah","","","","often","FL",0,2,1,3,2,0,0,3,3,2,1,NA,NA,NA,NA,"",NA,"",""
2354,"07/24/2023 01:11:02 (MST)","Pre",76.17,NA,"Logistics Specialties Inc. (8)","Utah","general","often","","sometimes","ISA",0,2,0,3,2,3,3,3,1,NA,0,NA,NA,NA,1,"",NA,"","No Help"
1073,"04/05/2025 12:25:57 (MST)","Post",89.59,32.56,"Columbus Community Center (9)","Demo","","","","","JS",0,2,3,1,3,3,2,2,3,2,1,NA,NA,3,NA,"",NA,"","No Help"
1512,"08/20/2022 05:26:00 (MST)","Pre",76.17,-3,"Columbus Community Center (9)","Utah","","","sometimes","always","WSS",0,3,1,1,3,0,1,3,1,2,1,3,NA,3,NA,"",NA,"","No Help"
1073,"02/21/2025 11:56:31 (MST)","Post",72,NA,"Southern Utah University (27)","Utah","","","","","JOBEX",0,2,2,3,2,1,2,3,1,NA,3,NA,NA,3,NA,"1",NA,"","No Help"
864,"08/09/2022 07:45:24 (MST)","Pre",32.56,NA,"Logistics Specialties Inc. (8)","Utah","","","","","JOBEX",0,1,1,3,3,2,2,2,2,2,3,NA,NA,NA,1,"",NA,"","No Help"
337,"10/10/2022 15:15:25 (MST)","Post",60.33,NA,"Logistics Specialties Inc. (8)","Utah","general","","","","ILOM",0,1,3,2,1,2,0,2,2,2,NA,NA,1,3,NA,"2",NA,"","No Help"
274,"10/13/2024 12:15:11 (MST)","Pre",49.38,NA,"Logistics Specialties Inc. (8)","Utah","general","","","often","JS",0,3,2,3,3,3,2,3,1,2,1,3,NA,3,2,"",NA,"","No Help"
1362,"02/05/2024 11:47:26 (MST)","Pre",81.85,NA,"Logistics Specialties Inc. (8)","Utah","","never","rarely","always","JS",0,3,1,3,3,2,0,3,3,2,1,NA,NA,NA,2,"",NA,"","No Help"
1991,"09/16/2024 10:28:09 (MST)","Pre",45.15,NA,"Logistics Specialties Inc. (8)","Utah","","rarely","","","JOBEX",0,1,1,2,0,0,1,3,3,0,NA,3,3,3,NA,"2",NA,"","No Help"
1210,"02/12/2024 14:20:00 (MST)","Pre",74.78,NA,"North Sanpete School District (24)","Utah","general","","never","","JS",0,0,2,2,3,3,2,2,1,2,1,NA,2,NA,NA,"",NA,"","No Help"
2514,"03/01/2025 10:34:46 (MST)","Post",23.67,NA,"Logistics Specialties Inc. (8)","Utah","","","","sometimes","CPSO",0,1,2,0,3,3,3,2,3,1,NA,2,NA,NA,2,"",NA,"","No Help"
1393,"12/01/2024 15:44:50 (MST)","Post",30.33,20.33,"Logistics Specialties Inc. (8)","Utah","general","sometimes","rarely","","JOBEX",0,1,1,3,1,1,1,1,3,NA,2,3,NA,3,0,"",NA,"","No Help"
1945,"01/24/2023 04:36:52 (MST)","Pre",63.67,NA,"Logistics Specialties Inc. (8)","Utah","","often","","","JOBEX",0,3,1,1,2,0,3,2,3,2,NA,NA,NA,NA,3,"",NA,"","No Help"
1512,"01/13/2023 06:30:23 (MST)","Post",72,NA,"North Sanpete School District (24)","Utah","","often","","","JS",0,3,1,0,2,3,3,3,1,2,2,2,3,NA,NA,"",NA,"","No Help"
2129,"11/07/2022 04:09:07 (MST)","Pre",67,NA,"A2Demo (21)","Utah","","","","","ISA",0,2,1,1,3,1,3,1,1,3,NA,NA,3,NA,1,"0",NA,"","No Help"
131,"10/06/2023 17:13:28 (MST)","Pre",72,NA,"Logistics Specialties Inc. (8)","Utah","","often","","sometimes","ISA",0,2,1,3,1,3,1,1,2,2,NA,NA,NA,NA,3,"",NA,"",""
424,"01/15/2024 01:38:32 (MST)","Pre",41.44,NA,"Roads to Independence (26)","Utah","general","","sometimes","","JOBEX",0,2,3,1,3,3,1,1,3,0,3,NA,NA,NA,1,"",NA,"","No Help"
759,"01/24/2023 04:34:29 (MST)","Pre",66.7,-15.5,"Logistics Specialties Inc. (8)","Utah","","","","","ISA",0,2,0,2,1,2,1,3,0,1,NA,NA,2,NA,NA,"",NA,"","No Help"
6,"11/08/2024 11:09:04 (MST)","Pre",37.48,NA,"Spectrum Academy (28)","Wyoming","general","","","often","ISA",0,2,2,1,2,1,1,3,3,NA,NA,NA,NA,3,1,"2",NA,"",""
871,"12/25/2023 11:42:46 (MST)","Post",55.33,30.34,"Logistics Specialties Inc. (8)","Utah","general","sometimes","","","FL",0,1,2,2,1,3,2,3,1,0,NA,3,2,NA,1,"",NA,"","No Help"
311,"03/21/2025 16:08:53 (MST)","Pre",33.67,NA,"Logistics Specialties Inc. (8)","Utah","specialized","often","","","ISA",0,1,1,3,2,2,3,1,3,NA,NA,3,NA,1,3,"1",NA,"","No Help"
508,"12/03/2024 13:34:29 (MST)","Pre",67.83,NA,"Utah State University (59)","Utah","","","","","CSS",0,2,3,1,3,2,3,1,1,3,1,NA,NA,NA,NA,"",1,"","No Help"
1702,"07/15/2023 18:34:49 (MST)","Post",97,63.66,"Logistics Specialties Inc. (8)","Utah","general","","","","CPSO",0,3,2,3,3,2,2,3,0,2,NA,0,NA,3,NA,"$ 10.00",NA,"","No Help"
2012,"12/03/2022 08:04:23 (MST)","Pre",87.48,5.89,"Spectrum Academy (28)","Utah","specialized","","","","ISA",0,1,3,1,1,1,0,1,3,NA,3,NA,3,NA,NA,"",NA,"",""
1369,"12/04/2022 09:09:35 (MST)","Post",41.44,NA,"Columbus Community Center (9)","Utah","","never","","","ISA",0,2,3,2,3,1,1,1,3,2,2,0,NA,1,NA,"",NA,"","With Help"
1134,"01/27/2025 18:53:51 (MST)","Pre",53.67,NA,"Logistics Specialties Inc. (8)","Utah","","often","","","WSS",0,3,3,3,3,1,2,3,2,3,2,0,NA,NA,NA,"",NA,"",""
2387,"05/30/2025 17:47:45 (MST)","Pre",59.5,NA,"Turn Community Services (29)","Utah","","","","","FL",0,2,3,2,2,2,3,2,1,2,NA,2,2,NA,NA,"",NA,"","No Help"
2478,"09/03/2024 16:20:36 (MST)","Post",44.62,27.95,"Logistics Specialties Inc. (8)","Utah","general","sometimes","never","","CSS",0,2,2,3,2,0,2,2,0,3,NA,NA,NA,NA,NA,"",NA,"","No Help"
340,"11/25/2024 14:41:59 (MST)","Pre",93.67,NA,"Southern Utah University (27)","Utah","","rarely","sometimes","","CSS",0,2,2,1,1,2,2,1,2,2,2,NA,NA,NA,0,"",NA,"","No Help"
2183,"10/22/2023 15:15:39 (MST)","Post",59.5,NA,"Logistics Specialties Inc. (8)","Utah","","","","","QWEX",0,2,0,2,1,3,3,3,3,NA,3,NA,NA,3,NA,"",NA,"","No Help"
1864,"09/28/2024 14:26:58 (MST)","Pre",59.96,42.24,"Roads to Independence (26)","Utah","","","","","JOBEX",0,3,0,2,2,3,1,2,2,2,2,2,NA,NA,NA,"",NA,"","With Help"
2381,"05/24/2025 14:41:04 (MST)","Pre",19.22,5.33,"Logistics Specialties Inc. (8)","Utah","","","","","WBLE",0,1,1,0,3,3,0,1,0,3,NA,NA,NA,NA,3,"",NA,"","No Help"
1775,"12/19/2023 09:25:28 (MST)","Pre",50.33,0.7,"Turn Community Services (29)","Utah","","","","","JOBEX",0,2,0,2,2,1,3,0,0,1,2,3,NA,NA,NA,"",NA,"",""
2342,"03/03/2023 09:04:28 (MST)","Post",54.14,NA,"Logistics Specialties Inc. (8)","Utah","general","never","never","","WBLE",0,3,2,0,0,3,3,3,3,3,NA,NA,NA,NA,NA,"",NA,"","No Help"
410,"01/15/2024 11:01:59 (MST)","Post",80.33,NA,"Canyons School District (10)","Utah","","","sometimes","","CSS",1,2,1,0,1,3,3,2,2,0,1,NA,NA,NA,NA,"",NA,"","Observer"
956,"03/27/2023 10:34:14 (MST)","Pre",85.89,-19.67,"Southern Utah University (27)","Wyoming","","sometimes","","","FL",0,2,3,2,2,3,2,2,2,2,NA,3,1,NA,NA,"",NA,"","No Help"
1669,"09/03/2023 15:49:49 (MST)","Pre",97,NA,"Logistics Specialties Inc. (8)","Utah","","","","","ISA",0,1,3,2,3,0,2,2,2,1,NA,2,NA,NA,2,"",NA,"","No Help"
1441,"10/30/2022 09:04:16 (MST)","Post",80.33,NA,"Hamilton School Dist. #3 (170)","Utah","","","","","CPSO",0,2,1,1,1,2,1,3,2,1,2,NA,NA,NA,NA,"",NA,"","With Help"
794,"09/16/2024 11:53:26 (MST)","Pre",49.38,6.09,"Logistics Specialties Inc. (8)","Utah","","","","","FL",0,1,1,2,0,3,0,2,1,3,1,NA,2,3,NA,"",NA,"",""
1669,"03/27/2023 11:44:04 (MST)","Post",89.59,56.53,"Pioneer Adult Rehabilitation Center (25)","Utah","","often","","always","WBLE",0,2,2,2,1,3,3,2,2,3,NA,NA,NA,NA,NA,"",NA,"","No Help"
2172,"01/09/2023 08:20:57 (MST)","Post",67,4.4,"Logistics Specialties Inc. (8)","Utah","","","","","CPSO",0,1,3,1,1,3,3,3,0,NA,2,NA,NA,1,NA,"",NA,"","No Help"
177,"10/10/2023 10:46:40 (MST)","Post",37.48,-3,"Logistics Specialties Inc. (8)","Utah","","often","","","ISA",0,2,2,3,3,3,1,3,NA,NA,NA,1,NA,NA,0,"",NA,"","No Help"
2268,"06/04/2023 23:52:37 (MST)","Post",84.5,NA,"Columbus Community Center (9)","Utah","","","","","CSS",1,3,3,2,1,2,2,2,3,1,NA,2,2,NA,NA,"",NA,"","No Help"
1210,"01/23/2023 07:50:15 (MST)","Pre",93.3,56.26,"Logistics Specialties Inc. (8)","Utah","","","","","CSS",0,2,2,2,1,3,2,0,2,2,3,NA,NA,3,NA,"",NA,"","No Help"
424,"01/30/2023 06:57:58 (MST)","Pre",60.33,NA,"Logistics Specialties Inc. (8)","Montana","","","rarely","sometimes","JS",0,2,2,3,1,2,1,2,3,3,NA,NA,NA,2,NA,"",NA,"","No Help"
1441,"07/30/2024 12:59:00 (MST)","Post",73.19,5.33,"Southern Utah University (27)","Montana","","rarely","","","ILOM",0,0,2,2,2,3,1,2,1,2,0,0,NA,NA,NA,"",NA,"","No Help"
1871,"06/26/2022 22:57:00 (MST)","Pre",90.33,NA,"Logistics Specialties Inc. (8)","Utah","general","","","","FL",0,2,1,3,2,0,3,1,1,NA,NA,NA,2,1,2,"",NA,"",""
593,"11/19/2024 10:36:14 (MST)","Pre",54.78,NA,"University of Oklahoma (50)","Utah","","","","","ISA",1,3,3,2,1,2,2,0,2,NA,0,1,NA,NA,NA,"",NA,"","No Help"
2214,"11/10/2023 22:03:46 (MST)","Pre",93.97,NA,"Turn Community Services (29)","Utah","","sometimes","","","ISA",0,3,2,1,1,2,0,0,NA,2,2,NA,NA,NA,0,"1",NA,"",""
673,"09/03/2023 15:49:14 (MST)","Post",42.83,NA,"Turn Community Services (29)","Utah","specialized","always","rarely","","ISA",0,3,2,2,3,1,0,3,3,1,2,NA,NA,3,3,"2",NA,"","No Help"
131,"12/03/2022 09:45:10 (MST)","Pre",51.17,NA,"Logistics Specialties Inc. (8)","Utah","","","rarely","sometimes","CPSO",0,2,2,3,3,3,1,3,2,2,0,NA,NA,3,0,"2",NA,"",""
2157,"12/10/2023 10:56:38 (MST)","Pre",87.91,9.13,"Logistics Specialties Inc. (8)","Utah","","often","sometimes","","CSS",0,3,2,3,1,1,0,2,NA,2,NA,3,NA,3,NA,"1",NA,"","No Help"
2387,"07/16/2023 13:27:22 (MST)","Pre",97,28.11,"Logistics Specialties Inc. (8)","Utah","","","","","ISA",0,2,1,2,3,1,3,1,2,1,1,NA,NA,NA,3,"",NA,"","No Help"
871,"09/07/2024 13:01:47 (MST)","Pre",47,NA,"Columbus Community Center (9)","Utah","","never","never","never","JOBEX",0,0,3,3,0,1,1,3,2,2,1,NA,NA,NA,3,"2",NA,"","No Help"
2391,"04/25/2025 15:09:30 (MST)","Post",97,NA,"Logistics Specialties Inc. (8)","Utah","","","sometimes","sometimes","FL",0,1,2,3,0,1,3,3,2,3,NA,3,3,NA,NA,"",NA,"","No Help"
227,"02/22/2025 18:47:50 (MST)","Post",88.67,8.11,"Columbus Community Center (9)","Utah","","","","","JS",0,2,3,1,3,3,2,1,1,2,3,NA,NA,NA,NA,"",NA,"","No Help"
2298,"10/12/2024 17:58:25 (MST)","Post",51.17,NA,"Logistics Specialties Inc. (8)","Utah","","often","","","FL",0,2,3,3,3,1,2,1,3,1,NA,NA,NA,3,NA,"",NA,"",""
2203,"10/10/2022 15:08:47 (MST)","Post",63.67,NA,"Southern Utah University (27)","Utah","","","sometimes","","ISA",0,2,2,2,3,3,1,2,2,2,NA,NA,NA,3,NA,"",NA,"","No Help"
1329,"10/19/2024 13:57:35 (MST)","Post",27,NA,"Columbus Community Center (9)","Utah","general","always","","","ISA",0,2,1,2,2,3,0,2,3,3,NA,1,2,3,NA,"",NA,"","No Help"
2203,"07/24/2023 01:47:10 (MST)","Pre",80.33,NA,"OU Northeast (54)","Utah","","sometimes","","","JS",0,1,1,3,3,1,0,2,1,3,1,2,3,NA,2,"",0,"","No Help"
376,"10/10/2022 15:24:06 (MST)","Post",67,5.33,"Logistics Specialties Inc. (8)","Wyoming","","often","","","FL",0,2,3,3,3,0,1,3,3,3,NA,NA,NA,NA,NA,"",NA,"","No Help"
1771,"01/23/2023 06:43:00 (MST)","Pre",67.83,-3,"Turn Community Services (29)","Utah","","","","","JS",0,2,2,1,1,1,3,2,3,2,NA,NA,NA,NA,1,"",NA,"","No Help"
1128,"09/08/2024 12:41:03 (MST)","Post",71.07,NA,"Logistics Specialties Inc. (8)","Utah","","rarely","","often","JOBEX",0,0,3,0,3,2,2,2,3,2,3,NA,NA,2,NA,"1",NA,"","With Help"
1333,"03/22/2025 11:55:21 (MST)","Pre",63.67,19.22,"Roads to Independence (26)","Montana","","","sometimes","","FL",0,1,3,3,0,2,2,2,3,NA,NA,NA,0,3,NA,"",NA,"","No Help"
248,"03/01/2024 17:28:00 (MST)","Pre",53.67,50.34,"Darby K-12 School Dist. (158)","Oklahoma","","","","never","JS",0,3,1,2,0,3,3,3,3,3,3,NA,NA,2,NA,"",1,"","No Help"
2305,"03/04/2023 12:15:55 (MST)","Post",20.33,-3,"Logistics Specialties Inc. (8)","Utah","","","sometimes","","JOBEX",0,0,3,3,1,1,1,2,2,3,NA,1,NA,NA,NA,"",NA,"","With Help"
807,"03/09/2024 13:22:54 (MST)","Post",97,16.05,"Logistics Specialties Inc. (8)","Utah","specialized","sometimes","","often","WBLE",0,1,1,1,0,3,1,0,2,NA,NA,NA,3,NA,NA,"",NA,"","No Help"
2129,"06/08/2025 17:06:13 (MST)","Pre",37.74,NA,"Logistics Specialties Inc. (8)","Utah","","","","sometimes","ISA",1,2,2,1,3,3,3,2,1,3,3,2,1,NA,2,"",NA,"","No Help"
687,"10/27/2023 14:47:20 (MST)","Pre",48.85,22,"Logistics Specialties Inc. (8)","Utah","specialized","","rarely","","ISA",0,3,1,3,1,3,3,2,1,3,NA,NA,NA,3,NA,"",NA,"","No Help"
699,"03/10/2024 12:03:54 (MST)","Post",34.04,NA,"Southern Utah University (27)","Utah","specialized","","sometimes","","CPSO",0,0,2,2,2,1,2,2,3,3,NA,NA,NA,NA,NA,"",NA,"","No Help"
850,"05/30/2025 17:43:30 (MST)","Post",42.24,NA,"Logistics Specialties Inc. (8)","Wyoming","specialized","","","","JOBEX",0,1,2,3,2,2,2,2,0,NA,3,NA,NA,NA,3,"",NA,"",""
794,"08/26/2023 13:32:13 (MST)","Pre",92.24,NA,"Logistics Specialties Inc. (8)","Utah","","","","","ISA",0,2,3,3,2,2,3,3,1,1,2,3,NA,NA,2,"",NA,"","No Help"
2035,"08/11/2024 11:22:50 (MST)","Pre",84.88,NA,"Logistics Specialties Inc. (8)","Utah","","","","","WSS",0,2,0,1,1,2,2,3,2,1,NA,NA,NA,NA,NA,"",NA,"","No Help"
2035,"02/11/2025 16:16:45 (MST)","Pre",63.67,NA,"Columbus Community Center (9)","Utah","","never","","","ISA",0,2,1,3,3,1,2,2,3,3,3,NA,NA,3,NA,"3",NA,"","With Help"
1359,"10/20/2024 09:45:54 (MST)","Pre",41.44,NA,"Logistics Specialties Inc. (8)","Utah","","never","","","ILOM",0,3,2,2,3,2,3,3,2,NA,NA,3,NA,NA,3,"",NA,"","No Help"
1134,"10/15/2024 17:54:26 (MST)","Pre",44.62,NA,"Central Technology Center (Central Tech) (56)","Utah","","","","","JOBEX",0,3,2,2,2,1,2,3,3,1,1,NA,NA,0,NA,"",NA,"","With Help"
864,"01/30/2023 07:16:24 (MST)","Pre",27.95,27.31,"Columbus Community Center (9)","Utah","","","","","CSS",0,2,2,3,2,3,2,2,2,2,1,1,NA,NA,1,"",NA,"","No Help"
2129,"05/04/2024 14:16:45 (MST)","Pre",59.22,25.57,"Logistics Specialties Inc. (8)","Utah","","","","always","FL",0,2,3,1,3,1,2,2,3,1,3,1,NA,NA,2,"0",NA,"","No Help"
424,"08/09/2022 08:14:22 (MST)","Pre",67.83,48.85,"Roads to Independence (26)","Utah","general","always","rarely","","JOBEX",0,3,1,1,1,1,2,2,2,1,1,NA,NA,NA,NA,"",NA,"",""
1800,"01/01/2023 07:47:22 (MST)","Pre",48.11,-3,"Logistics Specialties Inc. (8)","Utah","","","","","WBLE",0,3,2,2,3,2,2,0,1,0,NA,NA,NA,NA,NA,"",NA,"","No Help"
1501,"12/02/2024 10:51:39 (MST)","Pre",35.1,9.5,"Turn Community Services (29)","Utah","","","sometimes","always","CSS",0,3,3,2,0,1,0,1,2,NA,2,NA,NA,2,NA,"",NA,"","No Help"
668,"03/30/2024 13:49:32 (MST)","Pre",70.81,0.71,"Canyons School District (10)","Utah","general","","sometimes","","CSS",0,2,2,3,3,3,1,3,3,NA,2,NA,NA,NA,NA,"",NA,"","With Help"
2381,"02/18/2023 08:23:23 (MST)","Pre",67,NA,"Logistics Specialties Inc. (8)","Utah","","","","","CPSO",0,2,2,3,1,3,1,2,2,1,NA,NA,NA,3,NA,"",NA,"","No Help"
2164,"03/10/2024 15:17:54 (MST)","Pre",52.56,-3,"Logistics Specialties Inc. (8)","Utah","general","","sometimes","","JS",0,1,3,0,1,2,2,1,2,2,3,NA,3,NA,NA,"",NA,"","No Help"
2164,"02/13/2024 11:22:01 (MST)","Post",43.67,-9.67,"Columbus Community Center (9)","Utah","","","","","CSS",0,2,3,1,1,3,1,2,0,1,3,NA,3,NA,2,"",NA,"","With Help"
1960,"04/13/2024 14:52:57 (MST)","Post",70.33,8.11,"Logistics Specialties Inc. (8)","Utah","","often","sometimes","","JOBEX",0,2,2,3,3,1,2,2,3,1,1,2,NA,NA,NA,"2",NA,"",""
735,"03/21/2025 15:11:14 (MST)","Post",80.33,NA,"Meta Mindful (83)","Utah","","always","","","CPSO",0,2,2,1,0,3,2,2,1,3,0,2,NA,NA,NA,"",NA,"","No Help"
1369,"08/26/2024 13:49:45 (MST)","Pre",80.33,NA,"Logistics Specialties Inc. (8)","Demo","","often","","","ISA",0,1,3,2,2,3,2,2,2,1,2,3,NA,1,NA,"",NA,"",""
2342,"07/06/2024 14:50:15 (MST)","Pre",92.56,34.5,"Yellowstone Academy (214)","Utah","","","","","ISA",0,1,3,3,3,1,3,1,3,2,3,NA,NA,3,NA,"",NA,"","No Help"
21,"04/08/2023 09:02:01 (MST)","Pre",66.7,NA,"Roads to Independence (26)","Utah","","rarely","sometimes","sometimes","JOBEX",0,3,2,3,3,3,2,3,2,2,2,NA,NA,1,NA,"",NA,"","No Help"
585,"10/12/2024 17:48:23 (MST)","Pre",97,-15.5,"Logistics Specialties Inc. (8)","Utah","","","often","","JS",0,2,3,1,2,1,0,2,3,3,NA,NA,NA,NA,2,"",NA,"","No Help"
1393,"05/28/2024 10:36:44 (MST)","Pre",97,NA,"Logistics Specialties Inc. (8)","Utah","","","","","WBLE",0,1,2,2,1,3,2,0,3,NA,3,0,NA,NA,3,"1",NA,"","With Help"
1785,"12/23/2022 13:47:25 (MST)","Pre",72.76,-3,"Logistics Specialties Inc. (8)","Utah","","","","","WBLE",0,2,2,3,3,2,0,1,2,2,2,NA,NA,NA,NA,"1",NA,"","No Help"
826,"06/09/2023 14:51:22 (MST)","Pre",67.37,NA,"Logistics Specialties Inc. (8)","Utah","","","","always","CPSO",0,2,3,1,3,2,2,2,2,3,3,NA,2,NA,NA,"",NA,"","No Help"
1615,"10/19/2024 02:19:01 (MST)","Pre",73.67,30.33,"Yellowstone Academy (214)","Utah","","","never","sometimes","WBLE",0,2,2,2,1,1,3,2,1,2,1,NA,3,2,NA,"",NA,"","No Help"
1775,"04/19/2022 09:49:58 (MST)","Pre",67,52.56,"Logistics Specialties Inc. (8)","Utah","","","","rarely","JOBEX",0,1,2,2,3,2,1,0,2,2,NA,3,NA,NA,0,"",NA,"","No Help"
1333,"01/27/2025 18:52:21 (MST)","Pre",63.67,NA,"Logistics Specialties Inc. (8)","Utah","specialized","sometimes","","","ISA",0,2,3,3,3,2,3,3,1,NA,1,NA,2,3,2,"",NA,"","No Help"
284,"07/22/2024 16:12:33 (MST)","Pre",90.94,NA,"Central Technology Center (Central Tech) (56)","Utah","specialized","","","","JOBEX",0,1,1,3,1,2,1,3,3,NA,2,NA,NA,NA,NA,"",NA,"","No Help"
267,"09/19/2022 07:02:31 (MST)","Post",59.96,5.33,"Logistics Specialties Inc. (8)","Utah","","","sometimes","always","JOBEX",0,3,3,2,1,3,1,2,2,2,2,1,NA,1,NA,"",NA,"","With Help"
2287,"03/10/2024 15:16:54 (MST)","Pre",42.24,NA,"Roads to Independence (26)","Utah","general","","sometimes","","ISA",0,1,2,2,2,0,1,3,2,3,2,NA,NA,1,NA,"",NA,"","No Help"
21,"03/23/2024 13:22:55 (MST)","Post",91.44,NA,"Logistics Specialties Inc. (8)","Utah","","sometimes","rarely","sometimes","CSS",0,1,2,2,2,2,1,2,3,1,NA,3,NA,3,NA,"",NA,"",""
2387,"11/09/2024 10:03:49 (MST)","Post",43.67,NA,"Columbus Community Center (9)","Utah","","","","","CPSO",0,3,3,3,3,2,0,1,3,3,NA,2,2,3,NA,"0",NA,"","No Help"
641,"12/09/2024 16:15:09 (MST)","Pre",77.95,NA,"Columbus Community Center (9)","Utah","specialized","","","","ISA",0,2,1,2,2,3,0,3,2,1,NA,3,NA,NA,NA,"",NA,"","No Help"
2164,"07/29/2023 19:02:38 (MST)","Pre",57,NA,"Meta Mindful (83)","Utah","","never","","rarely","JS",0,1,3,3,2,1,1,2,3,2,NA,2,2,NA,NA,"",NA,"","No Help"
337,"06/13/2025 14:11:13 (MST)","Post",50.33,NA,"Turn Community Services (29)","Utah","","","","","FL",0,3,2,2,3,3,0,1,0,3,NA,NA,NA,NA,NA,"",NA,"","No Help"
794,"06/19/2022 02:35:00 (MST)","Pre",39.86,34.04,"Logistics Specialties Inc. (8)","Utah","","","","","JS",0,3,3,2,3,0,1,3,3,1,1,NA,NA,NA,NA,"",NA,"","No Help"
673,"02/11/2024 12:05:58 (MST)","Post",89.86,NA,"Turn Community Services (29)","Utah","","never","rarely","always","CSS",0,2,2,1,2,0,1,2,3,NA,NA,NA,NA,1,2,"",NA,"","With Help"
891,"01/09/2023 04:17:00 (MST)","Post",97,NA,"Turn Community Services (29)","Utah","general","","rarely","sometimes","CPSO",0,3,2,2,3,1,3,1,2,1,2,NA,NA,NA,2,"2",NA,"","No Help"
1333,"04/26/2025 11:28:45 (MST)","Pre",30.33,19.22,"Logistics Specialties Inc. (8)","Utah","","","rarely","","FL",0,3,3,2,0,2,2,2,2,0,1,NA,NA,NA,NA,"",NA,"",""
2533,"11/11/2024 16:07:35 (MST)","Pre",42.24,-3,"Roads to Independence (26)","Utah","","","","","CPSO",0,3,3,0,3,3,1,3,3,0,3,NA,2,3,NA,"",NA,"","No Help"
871,"04/19/2025 18:23:31 (MST)","Pre",63.67,12.56,"Logistics Specialties Inc. (8)","Utah","","","","","ISA",0,2,3,3,2,2,1,3,1,2,0,2,3,NA,NA,"",NA,"",""
1353,"10/04/2024 13:21:14 (MST)","Pre",72.76,34.04,"Logistics Specialties Inc. (8)","Utah","","never","","","CPSO",0,1,3,2,1,3,2,0,2,2,NA,NA,NA,NA,NA,"",NA,"","No Help"
90,"02/28/2023 11:33:12 (MST)","Post",87,NA,"Logistics Specialties Inc. (8)","Utah","general","","","","FL",0,1,1,3,2,3,1,1,3,3,3,3,1,3,NA,"3",NA,"","No Help"
1329,"09/25/2022 06:28:15 (MST)","Pre",47,NA,"Turn Community Services (29)","Utah","","","","","ISA",0,3,2,3,3,1,1,2,1,2,2,NA,NA,NA,NA,"1",NA,"",""
187,"03/22/2024 17:55:53 (MST)","Pre",82.19,NA,"Logistics Specialties Inc. (8)","Utah","","","","","FL",0,2,1,3,0,3,2,3,3,NA,NA,NA,NA,NA,NA,"",NA,"","No Help"
2207,"04/23/2024 14:12:28 (MST)","Pre",68.11,NA,"Roads to Independence (26)","Utah","specialized","","","","JS",0,3,3,2,2,2,1,3,1,3,0,NA,NA,NA,NA,"",NA,"","With Help"
1128,"09/13/2024 14:30:31 (MST)","Pre",63.67,25.57,"Logistics Specialties Inc. (8)","Utah","","always","","","FL",0,1,0,2,3,0,0,3,2,NA,NA,NA,NA,NA,NA,"",NA,"","No Help"
2478,"09/08/2024 12:37:15 (MST)","Pre",78.48,1.44,"Logistics Specialties Inc. (8)","Utah","general","","","never","CSS",0,2,2,1,1,2,2,2,2,2,NA,3,NA,NA,3,"",1,"","No Help"
1972,"06/11/2024 16:04:23 (MST)","Post",92.83,20.81,"Logistics Specialties Inc. (8)","Utah","general","","","never","CPSO",0,3,1,3,1,3,3,3,0,0,NA,NA,NA,2,NA,"",NA,"","No Help"
496,"02/06/2024 12:22:10 (MST)","Pre",39.42,NA,"Roads to Independence (26)","Utah","","","sometimes","","QWEX",0,3,2,3,3,0,3,3,3,0,0,1,NA,NA,NA,"",NA,"","No Help"
2126,"06/21/2024 11:24:48 (MST)","Post",63.67,NA,"Logistics Specialties Inc. (8)","Utah","","never","","","WBLE",0,2,1,3,1,1,2,3,1,2,2,NA,NA,NA,2,"",NA,"","No Help"
2532,"02/22/2025 18:43:26 (MST)","Pre",54.78,NA,"Logistics Specialties Inc. (8)","Utah","","","","","ILOM",0,1,1,1,3,2,1,0,2,1,NA,3,NA,3,2,"",1,"","No Help"
187,"06/23/2024 11:21:52 (MST)","Post",33.67,NA,"North Sanpete School District (24)","Utah","specialized","","","","FL",1,3,1,2,3,3,3,3,3,1,0,NA,NA,NA,NA,"",NA,"","No Help"
759,"10/06/2024 23:09:52 (MST)","Pre",97,NA,"Community Options (82)","Utah","","","never","sometimes","ILOM",0,3,3,0,3,3,2,3,3,2,NA,2,NA,NA,NA,"",NA,"","No Help"
2164,"10/20/2024 09:43:55 (MST)","Pre",61.44,-5.23,"Logistics Specialties Inc. (8)","Utah","general","often","rarely","","ISA",0,3,0,3,3,2,3,2,2,1,2,2,NA,NA,NA,"",NA,"","No Help"
978,"01/28/2023 03:45:54 (MST)","Pre",56.26,27.31,"Roads to Independence (26)","Utah","","often","","","FL",0,2,3,2,1,2,3,1,2,2,2,NA,3,NA,NA,"",NA,"","No Help"
267,"05/24/2025 17:59:37 (MST)","Post",56.26,NA,"Columbus Community Center (9)","Utah","specialized","","sometimes","","CPSO",0,3,3,2,3,3,2,2,3,3,NA,NA,NA,NA,NA,"",NA,"","No Help"
1430,"02/18/2024 11:20:48 (MST)","Pre",41.44,NA,"Logistics Specialties Inc. (8)","Utah","","","never","","ISA",0,3,3,1,0,1,2,2,1,2,1,NA,NA,NA,NA,"",NA,"","No Help"
2035,"09/26/2023 20:58:20 (MST)","Pre",47,NA,"Logistics Specialties Inc. (8)","Utah","","","","","ISA",0,3,1,2,1,2,1,1,0,2,NA,NA,NA,NA,NA,"3",NA,"","No Help"
735,"03/05/2023 08:00:11 (MST)","Pre",63.67,NA,"Darby K-12 School Dist. (158)","Utah","","","","sometimes","ISA",0,3,3,2,1,0,1,3,3,2,NA,NA,NA,3,NA,"",NA,"","No Help"
496,"11/19/2024 10:38:57 (MST)","Pre",90.94,15.51,"Turn Community Services (29)","Utah","specialized","","often","","ISA",0,3,2,2,2,3,2,2,3,NA,1,NA,2,NA,NA,"",NA,"","No Help"
722,"03/03/2023 06:57:21 (MST)","Post",-3,NA,"A2Demo (21)","Utah","","","","often","JOBEX",0,1,0,1,1,3,1,1,2,2,NA,NA,NA,0,1,"",NA,"","No Help"
1359,"06/09/2023 14:55:36 (MST)","Pre",45.48,NA,"Logistics Specialties Inc. (8)","Utah","","rarely","","","WSS",0,2,1,2,2,1,3,2,1,NA,NA,NA,NA,1,NA,"",NA,"",""
871,"04/02/2023 10:47:25 (MST)","Pre",74.78,NA,"North Sanpete School District (24)","Utah","","","","always","CPSO",0,1,0,2,3,3,2,3,2,1,2,3,2,NA,NA,"",NA,"","No Help"
2141,"03/26/2024 10:16:02 (MST)","Pre",57,9.5,"Logistics Specialties Inc. (8)","Utah","","sometimes","sometimes","","CSS",0,2,2,2,2,3,3,2,2,1,NA,NA,3,NA,NA,"0",NA,"","With Help"
1103,"05/03/2025 11:34:46 (MST)","Post",23.67,NA,"Logistics Specialties Inc. (8)","Utah","general","","","often","ISA",0,0,3,2,2,1,3,3,2,1,NA,NA,NA,NA,NA,"",NA,"",""
2264,"10/15/2024 18:16:29 (MST)","Post",71.07,NA,"Logistics Specialties Inc. (8)","Utah","","","rarely","sometimes","JS",0,3,2,2,1,2,0,3,0,3,NA,NA,NA,NA,NA,"",NA,"",""
21,"12/19/2023 09:27:31 (MST)","Pre",59.22,NA,"Utah State University (59)","Utah","general","always","","","FL",0,0,3,3,3,1,2,2,0,2,2,2,NA,NA,NA,"0",NA,"","No Help"
2276,"08/14/2023 20:34:04 (MST)","Post",33.67,NA,"Logistics Specialties Inc. (8)","Utah","general","","","","JOBEX",0,2,2,1,3,1,1,3,2,NA,NA,2,NA,NA,NA,"3",NA,"","No Help"
1855,"08/30/2022 05:29:20 (MST)","Pre",42.83,9.5,"A2Demo (21)","Utah","specialized","","never","","ISA",0,2,3,1,2,1,3,0,0,1,0,NA,NA,NA,1,"",NA,"","No Help"
2439,"06/17/2024 16:28:10 (MST)","Post",97,NA,"Logistics Specialties Inc. (8)","Montana","specialized","","rarely","often","WBLE",0,3,1,2,3,2,1,2,3,1,2,2,NA,NA,NA,"",NA,"",""
2264,"09/22/2024 12:21:40 (MST)","Pre",59.22,NA,"Logistics Specialties Inc. (8)","Utah","","","","","WSS",0,3,2,3,0,2,2,2,1,2,3,2,1,NA,NA,"",NA,"","No Help"
681,"11/10/2024 19:59:13 (MST)","Pre",78.82,NA,"Adams 12 (98)","Utah","","","","always","JOBEX",0,2,3,3,2,2,1,1,3,1,1,3,NA,NA,3,"",NA,"","With Help"
654,"04/20/2025 17:57:11 (MST)","Pre",97,NA,"Columbus Community Center (9)","Utah","","","","","WSS",0,3,1,0,1,2,3,3,3,NA,1,3,NA,2,0,"2",NA,"","No Help"
2012,"11/26/2024 11:22:28 (MST)","Post",40.33,NA,"Southern Utah University (27)","Oklahoma","general","sometimes","","never","ISA",0,2,0,3,2,2,1,3,2,2,NA,NA,NA,NA,3,"",NA,"","No Help"
2157,"10/12/2024 17:47:22 (MST)","Pre",38.67,NA,"Central Technology Center (Central Tech) (56)","Utah","","often","","sometimes","ISA",0,3,2,3,0,2,1,3,2,2,2,NA,NA,NA,2,"2",NA,"","No Help"
1518,"06/23/2024 11:14:15 (MST)","Pre",84.5,-14.11,"Flathead High School (42)","Utah","","rarely","","always","CSS",0,1,1,3,1,1,3,3,3,1,3,0,NA,NA,NA,"",NA,"","No Help"
978,"07/31/2022 22:16:00 (MST)","Post",93.97,34.04,"Logistics Specialties Inc. (8)","Utah","","often","never","","WBLE",0,2,2,2,2,1,1,2,3,3,NA,3,NA,NA,NA,"",NA,"","No Help"
1011,"10/10/2023 10:37:37 (MST)","Post",63.67,NA,"Logistics Specialties Inc. (8)","Utah","","","","","ILOM",0,3,3,3,2,0,2,2,0,1,3,NA,NA,NA,NA,"2",NA,"","No Help"
